-- phpMyAdmin SQL Dump
-- version 5.2.1
-- https://www.phpmyadmin.net/
--
-- Hôte : 127.0.0.1:3306
-- Généré le : sam. 16 mars 2024 à 10:00
-- Version du serveur : 8.2.0
-- Version de PHP : 8.2.13

SET SQL_MODE = "NO_AUTO_VALUE_ON_ZERO";
START TRANSACTION;
SET time_zone = "+00:00";


/*!40101 SET @OLD_CHARACTER_SET_CLIENT=@@CHARACTER_SET_CLIENT */;
/*!40101 SET @OLD_CHARACTER_SET_RESULTS=@@CHARACTER_SET_RESULTS */;
/*!40101 SET @OLD_COLLATION_CONNECTION=@@COLLATION_CONNECTION */;
/*!40101 SET NAMES utf8mb4 */;

--
-- Base de données : `sitexplore`
--

-- --------------------------------------------------------

--
-- Structure de la table `article`
--

DROP TABLE IF EXISTS `article`;
CREATE TABLE IF NOT EXISTS `article` (
  `id` int NOT NULL AUTO_INCREMENT,
  `title` varchar(255) COLLATE utf8mb4_general_ci NOT NULL,
  `description` text COLLATE utf8mb4_general_ci NOT NULL,
  `publicationDate` datetime NOT NULL,
  `link` varchar(255) COLLATE utf8mb4_general_ci NOT NULL,
  `createdAt` datetime NOT NULL,
  `updatedAt` datetime NOT NULL,
  `media_id` int DEFAULT NULL,
  PRIMARY KEY (`id`),
  KEY `media_id` (`media_id`)
) ENGINE=InnoDB AUTO_INCREMENT=8746 DEFAULT CHARSET=utf8mb4 COLLATE=utf8mb4_general_ci;

--
-- Déchargement des données de la table `article`
--

INSERT INTO `article` (`id`, `title`, `description`, `publicationDate`, `link`, `createdAt`, `updatedAt`, `media_id`) VALUES
(8464, 'Pologne : une précieuse épée du Xe siècle retrouvée dans la Vistule', 'Le 12 janvier, une équipe chargée de travaux de dragage dans le fleuve polonais, a découvert une épée datant du Moyen Âge. Une inscription présente sur sa lame permet d’en savoir plus sur son histoire.', '2024-02-05 15:44:21', 'https://www.historia.fr/archeologie/moyen-age/pologne-une-precieuse-epee-du-xe-siecle-retrouvee-dans-la-vistule-2074093', '2024-03-15 20:15:25', '2024-03-15 20:15:25', 2770),
(8465, 'Les moulins hydrauliques de Thervay', 'Côte à côte, deux mécanismes ont été utilisés pour moudre des grains entre 781 et 1169.', '2023-08-20 11:27:13', 'https://www.historia.fr/archeologie/moyen-age/les-moulins-hydrauliques-de-thervay-2058000', '2024-03-15 20:15:25', '2024-03-15 20:15:25', NULL),
(8466, 'Les premières parures', 'Les ornements paléolithiques sont souvent attribués à Homo sapiens. Mais l\'homme de Neandertal en aurait aussi façonné. Explications.', '2023-08-20 11:27:13', 'https://www.historia.fr/archeologie/civilisations-anciennes/les-premieres-parures-2057970', '2024-03-15 20:15:25', '2024-03-15 20:15:25', NULL),
(8467, 'Le terrain d\'exercices de l\'armée de Louis XIV', 'Des fouilles préventives dans la plaine d\'Achères ont mis au jour les vestiges du fort Saint-Sébastien. Un témoignage inédit de l\'art du siège.', '2023-08-20 11:27:13', 'https://www.historia.fr/archeologie/epoque-moderne/le-terrain-dexercices-de-larmee-de-louis-xiv-2057894', '2024-03-15 20:15:25', '2024-03-15 20:15:25', NULL),
(8468, 'Les premiers cannibales', 'Anthropophages, nos ancêtres ? Nombre de scientifiques en sont convaincus. Reste à comprendre les raisons de cette pratique.', '2023-08-20 11:27:13', 'https://www.historia.fr/archeologie/civilisations-anciennes/les-premiers-cannibales-2057876', '2024-03-15 20:15:25', '2024-03-15 20:15:25', NULL),
(8469, 'La cavalerie fantôme de Gondole', 'Les archéologues s\'interrogent sur la nature de la cérémonie qui a réuni dans la mort huit cavaliers et leurs chevaux au pied de cette cité arverne.', '2023-08-20 11:27:13', 'https://www.historia.fr/archeologie/civilisations-anciennes/la-cavalerie-fantome-de-gondole-2057834', '2024-03-15 20:15:25', '2024-03-15 20:15:25', NULL),
(8470, 'Les premières sépultures', 'Les tombes de nos ancêtres sont riches d\'enseignements... À commencer par ceux d\'une certaine cohésion sociale !', '2023-08-20 11:27:13', 'https://www.historia.fr/archeologie/civilisations-anciennes/les-premieres-sepultures-2057811', '2024-03-15 20:15:25', '2024-03-15 20:15:25', NULL),
(8471, 'Les premiers \"cordons bleus\"', 'Le rôti de mammouth ou le gigot de bison figurent bien à la \"table\" de nos très lointains ancêtres. Des morceaux de choix toutefois rares.', '2023-08-20 11:27:13', 'https://www.historia.fr/archeologie/civilisations-anciennes/les-premiers-cordons-bleus-2057714', '2024-03-15 20:15:25', '2024-03-15 20:15:25', NULL),
(8472, 'Les premiers musiciens', 'Nos ancêtres de l\'âge de pierre façonnaient leurs instruments. Mais seules les pièces en ivoire ou en os nous sont parvenues.', '2023-08-20 11:27:13', 'https://www.historia.fr/archeologie/civilisations-anciennes/les-premiers-musiciens-2057394', '2024-03-15 20:15:25', '2024-03-15 20:15:25', NULL),
(8473, 'Le groupe épiscopal d\'Ajaccio', 'Le baptistère d\'une cathédrale, élevée autour du VIIe siècle, témoigne des premiers édifices chrétiens sur l\'île de Beauté.', '2023-08-20 11:27:13', 'https://www.historia.fr/archeologie/epoque-moderne/le-groupe-episcopal-dajaccio-2057175', '2024-03-15 20:15:25', '2024-03-15 20:15:25', NULL),
(8474, 'Les premiers habitats', 'Jeu de piste ardu pour retrouver les lieux où se réfugiaient les hommes dits « des cavernes ». Qui vivaient le plus souvent... en plein air.', '2023-08-20 11:27:13', 'https://www.historia.fr/archeologie/civilisations-anciennes/les-premiers-habitats-2057034', '2024-03-15 20:15:25', '2024-03-15 20:15:25', NULL),
(8475, 'Préhistoires, l\'enquête', 'null', '2023-08-20 11:27:13', 'https://www.historia.fr/archeologie/civilisations-anciennes/prehistoires-lenquete-2056965', '2024-03-15 20:15:25', '2024-03-15 20:15:25', NULL),
(8476, 'Des héros soviétiques dans la glacière', 'C\'est une bien étrange découverte qui a été faite au château de Baillet-en-France, dans leVal-d\'Oise. Récit.', '2023-08-20 11:27:13', 'https://www.historia.fr/archeologie/epoque-contemporaine/des-heros-sovietiques-dans-la-glaciere-2056501', '2024-03-15 20:15:25', '2024-03-15 20:15:25', NULL),
(8477, 'Une prothèse égyptienne qui... marche !', 'null', '2023-08-20 11:27:13', 'https://www.historia.fr/archeologie/civilisations-anciennes/une-prothese-egyptienne-qui-marche-2056352', '2024-03-15 20:15:25', '2024-03-15 20:15:25', NULL),
(8478, 'De la bière à l\'âge de fer', 'null', '2023-08-20 11:27:13', 'https://www.historia.fr/archeologie/civilisations-anciennes/de-la-biere-a-lage-de-fer-2056075', '2024-03-15 20:15:25', '2024-03-15 20:15:25', NULL),
(8479, 'Une seconde barque pour Kheops', 'null', '2023-08-20 11:27:13', 'https://www.historia.fr/archeologie/civilisations-anciennes/une-seconde-barque-pour-kheops-2056051', '2024-03-15 20:15:25', '2024-03-15 20:15:25', NULL),
(8480, 'Peintures préhistoriques', 'null', '2023-08-20 11:27:13', 'https://www.historia.fr/archeologie/civilisations-anciennes/peintures-prehistoriques-2055795', '2024-03-15 20:15:25', '2024-03-15 20:15:25', NULL),
(8481, 'Une domus révélée à Assise', 'null', '2023-08-20 11:27:13', 'https://www.historia.fr/archeologie/civilisations-anciennes/une-domus-revelee-a-assise-2055684', '2024-03-15 20:15:25', '2024-03-15 20:15:25', NULL),
(8482, 'Quelle place pour l\'égyptologie ?', 'FACE À FACE L\'Égypte conditionne la poursuite de fouilles en échange du retour d\'objets détenus par les grands musées.', '2023-08-20 11:27:13', 'https://www.historia.fr/archeologie/civilisations-anciennes/quelle-place-pour-legyptologie-2055379', '2024-03-15 20:15:25', '2024-03-15 20:15:25', NULL),
(8483, 'Les momies dorées des oasis', 'Dans les sables d\'Égypte, en 1999, les archéologues mettent au jour des dizaines de corps. Certains montrent un masque, le torse et les pieds couverts de feuilles de métal précieux. Récit d\'une fabuleuse découverte.', '2023-08-20 11:27:13', 'https://www.historia.fr/archeologie/civilisations-anciennes/les-momies-dorees-des-oasis-2055363', '2024-03-15 20:15:25', '2024-03-15 20:15:25', NULL),
(8484, '« Homo erectus », un premier « Ukrainien » il y a 1,4 million d’années', 'Le site de Korolevo, en Ukraine, où des outils ont été retrouvés, vient de faire l’objet de nouvelles datations qui suggèrent une nouvelle route de migration septentrionale de cet hominine en Europe.', '2024-03-13 05:00:09', 'https://www.lemonde.fr/sciences/article/2024/03/13/homo-erectus-un-premier-ukrainien-il-y-a-1-4-million-d-annees_6221704_1650684.html', '2024-03-15 20:15:26', '2024-03-15 20:15:26', 2771),
(8485, 'L’exceptionnel vase antique d’Autun exposé à Saint-Germain-en-Laye', 'Découvert en 2020 lors de fouilles préventives, l’objet de verre a retrouvé sa splendeur après un minutieux travail de restauration. Le Musée d’archéologie nationale lui consacre une exposition.', '2024-03-07 11:00:03', 'https://www.lemonde.fr/sciences/article/2024/03/07/l-exceptionnel-vase-antique-d-autun-expose-a-saint-germain-en-laye_6220653_1650684.html', '2024-03-15 20:15:26', '2024-03-15 20:15:26', 2772),
(8486, 'Comment les chercheurs travaillent sur le double virtuel de Notre-Dame de Paris', 'Les scientifiques peuvent notamment étudier les éléments qui se sont effondrés lors de l’incendie de 2019 et les parties inaccessibles de la cathédrale.', '2024-03-04 11:45:21', 'https://www.lemonde.fr/sciences/video/2024/03/04/comment-les-chercheurs-travaillent-sur-le-double-virtuel-de-notre-dame-de-paris_6220025_1650684.html', '2024-03-15 20:15:26', '2024-03-15 20:15:26', 2773),
(8487, 'Pompéi : de splendides fresques découvertes lors de travaux de restauration et de fouilles', 'La plus frappante représente la scène mythologique dans laquelle Phrixos et sa sœur jumelle, Hellé, fuient leur belle-mère, Ino, sur le bélier à la Toison d’or.', '2024-03-01 16:33:40', 'https://www.lemonde.fr/sciences/article/2024/03/01/de-splendides-fresques-decouvertes-a-pompei_6219545_1650684.html', '2024-03-15 20:15:26', '2024-03-15 20:15:26', 2774),
(8488, 'Notre-Dame de Paris : comment a été reconstruite la charpente « à l’identique »', 'Pour réaliser cet exploit, les architectes se sont appuyés sur des données archéologiques, physiques et numériques, colligées en un temps record par de nombreuses équipes scientifiques.', '2024-02-27 04:15:01', 'https://www.lemonde.fr/sciences/article/2024/02/27/notre-dame-de-paris-comment-a-ete-reconstruite-la-charpente-a-l-identique_6218777_1650684.html', '2024-03-15 20:15:26', '2024-03-15 20:15:26', 2775),
(8489, 'Exposition : ces objets trouvés « Dans la Seine » qui racontent Paris', 'Dans la Crypte archéologique de l’île de la Cité, à Paris, est exposé un charmant bric-à-brac de statuettes antiques, d’ex-voto, d’armes et de bagues, issus de fouilles ou collectés dans le lit et sur les berges du fleuve. Un parcours de la préhistoire à nos jours.', '2024-02-22 11:30:06', 'https://www.lemonde.fr/sciences/article/2024/02/22/exposition-ces-objets-trouves-dans-la-seine-qui-racontent-paris_6217910_1650684.html', '2024-03-15 20:15:26', '2024-03-15 20:15:26', 2776),
(8490, 'Les humains fabriquaient déjà des cordes il y a 35 000 ans', 'Un « bâton percé » en ivoire de mammouth découvert dans une grotte allemande pourrait avoir servi à assembler en quelques minutes des fibres végétales pour obtenir plusieurs mètres de cordage solide.', '2024-02-22 07:00:10', 'https://www.lemonde.fr/sciences/article/2024/02/22/les-humains-fabriquaient-deja-des-cordes-il-y-a-35-000-ans_6217876_1650684.html', '2024-03-15 20:15:26', '2024-03-15 20:15:26', 2777),
(8491, 'L’homme de Vittrup, migrant tué dans une tourbière danoise il y a plus de 3 000 ans', 'L’analyse d’un crâne fracassé trouvé il y a plus d’un siècle suggère que l’individu avait passé son enfance dans la péninsule scandinave avant de finir brutalement sa vie parmi des fermiers de l’âge de bronze.', '2024-02-20 05:30:15', 'https://www.lemonde.fr/sciences/article/2024/02/20/l-homme-de-vittrup-migrant-tue-dans-une-tourbiere-danoise-il-y-a-plus-de-3-000-ans_6217453_1650684.html', '2024-03-15 20:15:26', '2024-03-15 20:15:26', 2778),
(8492, '« Face aux préoccupations environnementales, l’archéologie peut contribuer à un avenir durable »', 'Dominique Garcia, le président de l’Inrap, appelle, dans une tribune au « Monde », à élargir les fouilles préventives aux effets du dérèglement climatique. Celles-ci pourraient, selon lui, éclairer sur les réponses apportées par les populations passées aux phénomènes violents comme les tempêtes ou les crues.', '2024-02-14 11:30:03', 'https://www.lemonde.fr/sciences/article/2024/02/14/face-aux-preoccupations-environnementales-l-archeologie-peut-contribuer-a-un-avenir-durable_6216496_1650684.html', '2024-03-15 20:15:26', '2024-03-15 20:15:26', 2779),
(8493, 'Dans la bande de Gaza, les bombes israéliennes détruisent le patrimoine et effacent la mémoire', 'Depuis les attaques du 7 octobre par le Hamas, plus de 200 sites culturels et historiques – mosquées, cimetières grecs, vestiges égyptiens, marchés ottomans, immeubles Bauhaus – ont été partiellement ou totalement détruits, selon un rapport d’ONG.', '2024-02-14 04:00:14', 'https://www.lemonde.fr/international/article/2024/02/14/a-gaza-les-bombes-israeliennes-effacent-le-patrimoine-de-l-enclave_6216433_3210.html', '2024-03-15 20:15:26', '2024-03-15 20:15:26', 2780),
(8494, 'A Gaza, inquiétude sur le dépôt d’une institution archéologique française', 'Une réserve de l’Ecole biblique et archéologique française de Jérusalem, située dans l’enclave palestinienne, a été investie par des soldats israéliens au cours du mois de janvier. Le sort de ces antiquités, sous la garde de l’institution française, est préoccupant alors que la guerre à Gaza continue.', '2024-02-14 03:00:07', 'https://www.lemonde.fr/international/article/2024/02/14/a-gaza-inquietude-sur-le-depot-d-une-institution-archeologique-francaise_6216392_3210.html', '2024-03-15 20:15:26', '2024-03-15 20:15:26', 2781),
(8495, 'Sept livres scientifiques à dévorer : « Dernières nouvelles du cerveau », « Matheuses », « Pythéas »…', 'Régulièrement, la rédaction du service Science & médecine du « Monde » vous propose une sélection de ses ouvrages préférés. Au programme cette fois, des neurosciences, des maths, de l’archéologie…', '2024-02-09 04:00:16', 'https://www.lemonde.fr/sciences/article/2024/02/09/sept-livres-scientifiques-a-devorer-dernieres-nouvelles-du-cerveau-matheuses-pytheas_6215559_1650684.html', '2024-03-15 20:15:26', '2024-03-15 20:15:26', 2782),
(8496, '« Homo sapiens » était présent en Allemagne il y a 45 000 ans', 'Un type de pierres taillées présentes dans une zone allant des îles britanniques à la Pologne est désormais attribué aux premiers représentants de notre espèce en Europe, et non plus à l’homme de Neandertal.', '2024-01-31 16:13:55', 'https://www.lemonde.fr/sciences/article/2024/01/31/homo-sapiens-etait-present-en-allemagne-il-y-a-45-000-ans_6214087_1650684.html', '2024-03-15 20:15:26', '2024-03-15 20:15:26', 2783),
(8497, 'Un campement de chasse du paléolithique découvert en Bourgogne-Franche-Comté', 'Une fouille archéologique a permis de mettre au jour des milliers de fragments de silex révélateurs d’un camp de chasse du solutréen, conservés depuis près de vingt-cinq mille ans.', '2024-01-24 14:00:13', 'https://www.lemonde.fr/sciences/article/2024/01/24/un-campement-de-chasse-du-paleolithique-decouvert-en-bourgogne-franche-comte_6212720_1650684.html', '2024-03-15 20:15:26', '2024-03-15 20:15:26', 2784),
(8498, 'Des archéologues amateurs découvrent un palais Tudor disparu dans les Midlands', 'Depuis 2017, ils cherchaient des traces de ce château royal perdu. Fin 2023, les bénévoles du club d’histoire du village de Collyweston, en Angleterre, ont exhumé un pan de mur du XVᵉ siècle dans un jardin privé.', '2024-01-17 03:45:09', 'https://www.lemonde.fr/sciences/article/2024/01/17/des-archeologues-amateurs-decouvrent-un-palais-tudor-disparu-dans-les-midlands_6211239_1650684.html', '2024-03-15 20:15:26', '2024-03-15 20:15:26', 2785),
(8499, 'En Amazonie, la découverte d’un vaste réseau de cités-jardins vieux de 2 500 ans', 'La mal nommée forêt vierge a abrité des villes antiques, confirme la revue « Science », qui publie, jeudi 11 janvier, la description de la plus grande et la plus ancienne agglomération amazonienne connue, située en Equateur.', '2024-01-11 19:00:05', 'https://www.lemonde.fr/sciences/article/2024/01/11/en-amazonie-la-decouverte-d-un-vaste-reseau-de-cites-jardins-vieux-de-2-500-ans_6210293_1650684.html', '2024-03-15 20:15:26', '2024-03-15 20:15:26', 2786),
(8500, 'Sous l’autoroute A75, des pépites archéologiques', 'A Clermont-Ferrand, une exposition présente une partie des milliers d’objets, du néolithique à l’âge du fer, exhumés lors des fouilles préventives entreprises avant les travaux d’élargissement de la Méridienne.', '2024-01-11 08:00:06', 'https://www.lemonde.fr/sciences/article/2024/01/11/sous-l-autoroute-a75-des-pepites-archeologiques_6210200_1650684.html', '2024-03-15 20:15:26', '2024-03-15 20:15:26', 2787),
(8501, 'Les pépites de l’actualité scientifique et médicale de 2023 : les premiers clichés du cosmos, un singe chimérique, une nécropole antique à Paris…', 'Retrouvez en images les temps forts de l’actualité scientifique et médicale, ainsi que les personnalités qui ont laissé leur empreinte sur l’année écoulée.', '2023-12-26 04:01:28', 'https://www.lemonde.fr/sciences/article/2023/12/26/les-pepites-de-l-actualite-scientifique-et-medicale-de-2023-les-premiers-cliches-du-cosmos-un-singe-chimerique-une-necropole-antique-a-paris_6207734_1650684.html', '2024-03-15 20:15:26', '2024-03-15 20:15:26', 2788),
(8502, 'Un atlas archéologique revisite l’histoire profonde de la France', 'L’« Atlas archéologique de la France » est une synthèse de milliers de fouilles, pour beaucoup faites par l’Inrap, et chaque carte représente une strate de notre passé. Le tout apporte un autre regard sur des problématiques contemporaines.', '2023-12-21 11:00:09', 'https://www.lemonde.fr/sciences/article/2023/12/21/un-atlas-archeologique-revisite-l-histoire-profonde-de-la-france_6207104_1650684.html', '2024-03-15 20:15:26', '2024-03-15 20:15:26', 2789),
(8503, 'L’anomalie du champ magnétique terrestre inscrite dans des briques mésopotamiennes', 'Dans des briques cuites gravées et datées du Ier millénaire av. J.-C., des chercheurs ont identifié la trace laissée par une fluctuation du géomagnétisme antique', '2023-12-20 10:50:37', 'https://www.lemonde.fr/sciences/article/2023/12/20/l-anomalie-du-champ-magnetique-terrestre-inscrite-dans-des-briques-mesopotamiennes_6206873_1650684.html', '2024-03-15 20:15:26', '2024-03-15 20:15:26', 2790),
(8504, 'Michel De Jaeghere: «Les cinq leçons à retenir absolument des grandes invasions»', 'L\'ÉDITORIAL DU FIGARO HISTOIRE - De la vaste histoire de la déferlante des peuples qui provoqua la chute de l\'Empire romain d\'Occident et secoua le haut Moyen Âge jusqu\'aux environs de l\'an mille, se dégagent, de fait, au moins cinq leçons.', '2024-02-20 10:24:37', 'https://www.lefigaro.fr/histoire/l-editorial-du-figaro-histoire-tant-qu-il-y-aura-des-hommes-20240203', '2024-03-15 20:15:27', '2024-03-15 20:15:27', 2791),
(8505, 'Quand l’Europe faisait face aux grandes invasions', 'LE FIGARO HISTOIRE - Pendant près de six cents ans, l’Europe fut traversée par quatre grandes migrations de peuples. Le Figaro Histoire leur consacre le dossier de son nouveau numéro.', '2024-01-31 11:12:46', 'https://www.lefigaro.fr/histoire/quand-l-europe-faisait-face-aux-grandes-invasions-20240131', '2024-03-15 20:15:27', '2024-03-15 20:15:27', 2792),
(8506, '25 février 1994 : la députée Yann Piat est assassinée', 'LES ARCHIVES DU FIGARO - Il y a trente ans, l’élue varoise en guerre contre la corruption était abattue par deux tueurs à moto à Hyères.', '2024-02-25 10:41:09', 'https://www.lefigaro.fr/histoire/archives/25-fevrier-1994-la-deputee-yann-piat-est-assassinee-20240225', '2024-03-15 20:15:27', '2024-03-15 20:15:27', 2793),
(8507, 'Comment notre civilisation a survécu en dépit du choc des «grandes invasions»', 'RÉCIT - La culture de l’Antiquité tardive a traversé les siècles pour donner naissance à notre civilisation.', '2024-02-24 09:28:27', 'https://www.lefigaro.fr/histoire/comment-notre-civilisation-a-survecu-20240224', '2024-03-15 20:15:27', '2024-03-15 20:15:27', 2794),
(8508, 'Brillat-Savarin, Le gastronome transcendant, de Jean-Robert Pitte: manuel de survie en milieu hostile pour les bons vivants', 'CRITIQUE - Il est un art, supérieur aux autres, qui réunit les cinq sens et élève l\'esprit. Dans son dernier ouvrage, consacré au père fondateur de la gastronomie, Jean-Robert Pitte se livre à un savoureux plaidoyer pour cette «aventure destinée à rendre meilleure l\'humanité».', '2024-02-24 09:27:49', 'https://www.lefigaro.fr/histoire/livres/brillat-savarin-la-transcendance-de-la-gastronomie-20240224', '2024-03-15 20:15:27', '2024-03-15 20:15:27', 2795),
(8509, 'Manifestation du 6 février 1934, acmé d\'un fascisme français ou crépuscule de l’antiparlementarisme ?', 'ENTRETIEN - Dans «Février 34», les historiens Olivier Dard et Jean Philippet retracent les coulisses et le déroulement de la manifestation meurtrière du 6 février 1934, par-delà les mythes et les récupérations. Un épisode qui n’est pas selon eux sans rappeler notre actualité.', '2024-02-23 14:32:23', 'https://www.lefigaro.fr/vox/histoire/manifestation-du-6-fevrier-1934-acme-d-un-fascisme-francais-ou-crepuscule-de-l-antiparlementarisme-20240223', '2024-03-15 20:15:27', '2024-03-15 20:15:27', 2796),
(8510, '«Les officiers étaient des bâtisseurs»: l’histoire méconnue des troupes coloniales françaises', 'ENTRETIEN - L’historienne Julie d’Andurain livre une vision inédite de la dimension politique et militaire de l’«armée coloniale» française, dans un ouvrage paru ce mercredi.', '2024-02-22 11:22:05', 'https://www.lefigaro.fr/histoire/les-officiers-etaient-des-batisseurs-l-histoire-meconnue-des-troupes-coloniale-francaise-20240221', '2024-03-15 20:15:27', '2024-03-15 20:15:27', 2797),
(8511, 'Stéphane Courtois :« La mort de Missak Manouchian suscite l\'admiration mais son héroïsation a été construite par le PCF »', 'ENTRETIEN - En faisant entrer Missak Manouchian au Panthéon avec sa femme Mélinée, Emmanuel Macron veut honorer une victime de la barbarie nazie et le parcours exemplaire d’un Arménien accueilli par la France. Quitte à mettre de côté le profil communiste stalinien du couple et certaines vérités historiques embarrassantes que rappelle l’historien.', '2024-02-21 09:05:28', 'https://www.lefigaro.fr/vox/histoire/stephane-courtois-la-mort-de-missak-manouchian-suscite-l-admiration-mais-son-heroisation-a-ete-construite-par-le-pcf-20240220', '2024-03-15 20:15:27', '2024-03-15 20:15:27', 2798),
(8512, 'La lettre du Figaro Histoire du 20 février 2024', 'LETTRE EXCLUSIVE ABONNÉS - L’actualité historique par Geoffroy Caillet et Isabelle Schmitz', '2024-02-20 15:43:29', 'https://www.lefigaro.fr/histoire/la-lettre-du-figaro-histoire-du-20-fevrier-2024-20240220', '2024-03-15 20:15:27', '2024-03-15 20:15:27', 2799),
(8513, 'Panthéonisation de Missak Manouchian : l’«Affiche rouge» au cœur de sa mémoire', 'RÉCIT - En février 1944, une campagne de propagande nazie et collaborationniste sous forme d’affiches et de tracts vise à discréditer le réseau de résistance FTP-MOI aux yeux des Français. Il y est décrit comme une «armée du crime» responsable d’une série d’attentats terroristes.', '2024-02-20 14:09:37', 'https://www.lefigaro.fr/histoire/pantheonisation-de-missak-manouchian-l-affiche-rouge-au-coeur-de-sa-memoire-20240220', '2024-03-15 20:15:27', '2024-03-15 20:15:27', 2800),
(8514, 'La «Cathédrale des Halles», chef-d\'œuvre de l\'architecture gothique et de la Renaissance', 'RÉCIT - L\'église Saint-Eustache célèbre ses huit cents ans. L\'édifice se distingue par ses dimensions, proches de celles d\'une cathédrale, et par la grande richesse des œuvres qu\'elle abrite.', '2024-02-20 12:49:56', 'https://www.lefigaro.fr/histoire/la-cathedrale-des-halles-chef-d-oeuvre-de-l-architecture-gothique-et-de-la-renaissance-20240219', '2024-03-15 20:15:27', '2024-03-15 20:15:27', 2801),
(8515, 'Jean Sévillia: qui était vraiment le chevalier Bayard?', 'CRITIQUE - Mythifié dès après sa mort, qui était véritablement Pierre Terrail, seigneur de Bayard, «Chevalier sans peur et sans reproche»?', '2024-02-18 10:09:10', 'https://www.lefigaro.fr/histoire/jean-sevilla-qui-etait-vraiment-le-chevalier-bayard-20240218', '2024-03-15 20:15:27', '2024-03-15 20:15:27', 2802),
(8516, 'La saga du droit de la nationalité depuis 1789, droit du sang, droit du sol: que doit être un Français ?', 'GRAND RÉCIT - Raconter deux siècles d’histoire de la nationalité française, c\'est plonger dans notre identité collective et éclairer les enjeux du présent.', '2024-02-19 09:03:10', 'https://www.lefigaro.fr/vox/histoire/la-saga-du-droit-de-la-nationalite-depuis-1789-droit-du-sang-droit-du-sol-que-doit-etre-un-francais-20240217', '2024-03-15 20:15:27', '2024-03-15 20:15:27', 2803),
(8517, 'Les royaumes barbares: héritiers des institutions de l’Empire romain?', 'RÉCIT - Au cœur du débat sur l\'émergence de la civilisation médiévale, on trouve généralement la question de la permanence ou du remplacement des institutions qui formaient la base de l\'Empire romain, disparu en 476.', '2024-02-17 10:47:13', 'https://www.lefigaro.fr/histoire/royaumes-barbares-heritage-des-institutions-de-l-empire-romain-20240217', '2024-03-15 20:15:27', '2024-03-15 20:15:27', 2804),
(8518, 'Idéaux chevaleresques, honneur, loyauté... Les valeurs aristocratiques sont-elles encore des facteurs de réussite en entreprise ?', 'CRITIQUE - Éric Mension-Rigau montre dans une enquête novatrice comment une partie de l\'ancienne noblesse française a trouvé dans le monde des affaires le terreau propice à assurer la survie de ses idéaux.', '2024-02-18 09:30:54', 'https://www.lefigaro.fr/histoire/livres/l-aristocratie-dans-l-entreprise-noblesse-oblige-20240217', '2024-03-15 20:15:27', '2024-03-15 20:15:27', 2805),
(8519, 'Charles Martel, le «presque roi» devenu champion de la chrétienté', 'RÉCIT - Maire du palais, mais gouvernant dans les faits à la place du roi, il restaura l\'unité du royaume des Francs face aux musulmans.', '2024-02-17 10:46:18', 'https://www.lefigaro.fr/histoire/charles-martel-en-tete-20240217', '2024-03-15 20:15:27', '2024-03-15 20:15:27', 2806),
(8520, 'Il y a 40 ans, un week-end cauchemardesque dans les stations de ski', 'LES ARCHIVES DU FIGARO - Les 17, 18 et 19 février 1984, les vacanciers étaient prisonniers d’une grève des routiers spectaculaire. Récit.', '2024-02-19 10:29:31', 'https://www.lefigaro.fr/histoire/archives/il-y-a-40-ans-un-week-end-cauchemardesque-dans-les-stations-de-ski-20240216', '2024-03-15 20:15:27', '2024-03-15 20:15:27', 2807),
(8521, '«Leur sauvegarde au bord des routes est essentielle» : la lettre de Pompidou demandant à Chaban-Delmas de protéger les arbres', 'En 1970, le président de la République s’indignait auprès de son premier ministre d’une circulaire établissant l’abattage «systématique» des arbres pour des raisons de sécurité routière.', '2024-02-15 17:39:26', 'https://www.lefigaro.fr/histoire/leur-sauvegarde-au-bord-des-routes-est-essentielle-la-lettre-de-pompidou-demandant-a-chaban-delmas-de-proteger-les-arbres-20240215', '2024-03-15 20:15:27', '2024-03-15 20:15:27', 2808),
(8522, 'Eugénie Bastié: «Robinson Crusoé est-il un odieux capitaliste raciste ?»', 'CHRONIQUE - C’est la thèse du livre Capital et race (Seuil), de l’enseignante à Sciences Po Sylvie Laurent, qui entend démontrer que depuis 1492 le capitalisme et le racisme ont destins liés. Un ouvrage où l’esprit de système marxiste abolit toute nuance.', '2024-02-14 19:49:18', 'https://www.lefigaro.fr/vox/histoire/eugenie-bastie-robinson-crusoe-est-il-un-odieux-capitaliste-raciste-20240214', '2024-03-15 20:15:27', '2024-03-15 20:15:27', 2809),
(8523, 'Julian Jackson: «Comme celui de Louis XVI, le procès de Pétain fut un procès existentiel sur la définition même de la France»', 'ENTRETIEN - Après une biographie de De Gaulle saluée par la critique, l’historien s’attaque à son adversaire : le maréchal Pétain. Il le fait avec l’art et la manière dont il est coutumier : une retenue, un flegme tout britannique, une passion des archives qu’il a méticuleusement épluchées.', '2024-02-11 14:28:59', 'https://www.lefigaro.fr/vox/histoire/julian-jackson-comme-celui-de-louis-xvi-le-proces-de-petain-fut-un-proces-existentiel-sur-la-definition-meme-de-la-france-20240210', '2024-03-15 20:15:27', '2024-03-15 20:15:27', 2810),
(8524, 'Découverte d\'un des premiers oiseaux sans dents', 'Au temps des dinosaures, il existait deux groupes d\'oiseaux dont l\'un a disparu en même temps qu\'eux. C\'est en son sein que l\'on trouve ce nouveau spécimen découvert en Chine.\r\n\r\n&nbsp;', '2024-03-15 13:47:42', 'https://www.sciencesetavenir.fr/archeo-paleo/paleontologie/decouverte-d-un-des-premiers-oiseaux-sans-dents_177231?xtor=RSS-4', '2024-03-15 20:15:27', '2024-03-15 20:15:27', NULL),
(8525, 'Les plus anciennes traces de labour en Europe se trouvent dans les Alpes suisses', 'Les humains ont compté sur la force des animaux pour réaliser la révolution agricole dès le début du néolithique.', '2024-03-14 16:34:52', 'https://www.sciencesetavenir.fr/archeo-paleo/archeologie/les-plus-anciennes-traces-de-labour-en-europe-se-trouvent-dans-les-alpes-suisses_177250?xtor=RSS-4', '2024-03-15 20:15:27', '2024-03-15 20:15:27', NULL),
(8526, 'Des sépultures de la noblesse catalane retrouvées intactes dans l’abbaye royale de Santes Creus', 'Pensant que leurs sarcophages avaient été pillés, les archéologues ne s’attendaient pas à retrouver les restes funéraires de plusieurs lignées de la noblesse catalane, qui constituent désormais un objet d’étude exceptionnel.', '2024-03-12 13:47:17', 'https://www.sciencesetavenir.fr/archeo-paleo/archeologie/des-sepultures-de-la-noblesse-catalane-retrouvees-intactes-dans-l-abbaye-royale-de-santes-creus_177214?xtor=RSS-4', '2024-03-15 20:15:27', '2024-03-15 20:15:27', NULL),
(8527, 'La plus ancienne forêt fossilisée connue a été découverte en Angleterre', 'Une forêt d\'arbres&nbsp;fossilisés du genre&nbsp;Calamophyton&nbsp;a été localisée et étudiée par des chercheurs&nbsp;dans le sud-ouest de l\'Angleterre.', '2024-03-11 13:43:13', 'https://www.sciencesetavenir.fr/archeo-paleo/paleontologie/la-plus-ancienne-foret-fossilisee-connue-a-ete-decouverte-en-angleterre_177190?xtor=RSS-4', '2024-03-15 20:15:27', '2024-03-15 20:15:27', NULL),
(8528, 'Les poux réécrivent l\'histoire de l\'humanité', 'L\'étude génétique de ces parasites permet aux chercheurs de retracer les migrations humaines qui ont façonné l\'histoire de notre espèce et d\'apporter des informations inédites.', '2024-03-10 17:00:00', 'https://www.sciencesetavenir.fr/archeo-paleo/paleontologie/comment-les-poux-apportent-des-informations-inedites-sur-l-histoire-de-l-humanite_176930?xtor=RSS-4', '2024-03-15 20:15:27', '2024-03-15 20:15:27', NULL),
(8529, 'Les habitants de l’île de Pâques ont-ils inventé leur propre écriture avant l’arrivée des Européens ?', 'Une tablette inscrite en rongorongo, écriture composée de glyphes picturaux encore indéchiffrée, précède de plusieurs siècles l’arrivée des premiers Européens sur l’île de Pâques, au début du 18e&nbsp;siècle.', '2024-03-07 10:08:03', 'https://www.sciencesetavenir.fr/archeo-paleo/anthropologie/les-habitants-de-l-ile-de-paques-ont-ils-invente-le-rongorongo-ecriture-encore-indechiffree-avant-l-arrivee-des-europeens_177123?xtor=RSS-4', '2024-03-15 20:15:27', '2024-03-15 20:15:27', NULL),
(8530, 'Découverte de la plus ancienne trace de présence humaine en Europe', 'Des restes d\'outils appartenant à Homo erectus ont été découverts en Ukraine. Ils sont datés de 1,4 million d\'années et considérés comme le plus ancien témoignage d\'activité humaine dans cette région.', '2024-03-06 16:00:00', 'https://www.sciencesetavenir.fr/archeo-paleo/anthropologie/decouverte-en-ukraine-de-la-plus-ancienne-trace-de-presence-humaine-en-europe_177078?xtor=RSS-4', '2024-03-15 20:15:27', '2024-03-15 20:15:27', NULL),
(8531, 'Le plus ancien \"pain\" de l\'humanité retrouvé sur le site turc de Çatalhöyük ?', 'L\'excavation d\'une structure de four retrouvée sur le site historique de Çatalhöyük, dans le centre de la Turquie, a révélé&nbsp;les restes d\'un&nbsp;pain datant de 8600 ans. Une première.', '2024-03-06 14:43:31', 'https://www.sciencesetavenir.fr/archeo-paleo/archeologie/vieux-de-8600-ans-le-plus-vieux-pain-de-l-humanite-retrouve-a-catalhoyuk_177120?xtor=RSS-4', '2024-03-15 20:15:28', '2024-03-15 20:15:28', NULL),
(8532, 'Gaza : le patrimoine anéanti', 'Mosquée ottomane, vestiges d\'un port grec, cimetière romain, église byzantine… Le petit territoire palestinien abritait un riche patrimoine archéologique et culturel qui disparaît sous les bombardements de l\'armée israélienne en réplique aux attentats du 7 octobre 2023. Quelques archéologues encore sur place témoignent de cette destruction massive.', '2024-03-02 05:00:00', 'https://www.sciencesetavenir.fr/archeo-paleo/patrimoine/gaza-le-patrimoine-aneanti_176929?xtor=RSS-4', '2024-03-15 20:15:28', '2024-03-15 20:15:28', NULL),
(8533, 'Découverte d’un cimetière contenant plus d’un millier de victimes de la Peste noire en Allemagne', 'Huit fosses communes abritant plus d’un millier de victimes de la Peste noire, sans doute mortes lors de l’épidémie de 1632-1633, sont en train d’être exhumées à Nuremberg, en Bavière.', '2024-02-29 15:31:08', 'https://www.sciencesetavenir.fr/archeo-paleo/decouverte-d-un-cimetiere-contenant-plus-d-un-millier-de-victimes-de-la-peste-noire-en-allemagne_177044?xtor=RSS-4', '2024-03-15 20:15:28', '2024-03-15 20:15:28', NULL),
(8534, 'Comment les grands singes ont perdu leur queue', 'La perte de la queue a procuré un avantage fondamental pour la bipédie. Un \"gène sauteur\" pourrait en être la cause et il serait également à l\'origine d\'une malformation relativement fréquente chez les humains.', '2024-02-28 16:00:00', 'https://www.sciencesetavenir.fr/archeo-paleo/evolution/comment-les-grands-singes-ont-perdu-la-queue_176972?xtor=RSS-4', '2024-03-15 20:15:28', '2024-03-15 20:15:28', NULL),
(8535, 'Une époustouflante bague en or vieille de 1500 ans révèle les secrets d\'une lignée princière inconnue', 'Trouvée dans un champ du sud-ouest du Danemark grâce à un détecteur de métal, une rarissime bague en or d\'une grande délicatesse indiquerait qu\'une lignée princière inconnue liée aux rois francs mérovingiens&nbsp;aurait régné sur la région au début du Moyen Âge.', '2024-02-28 15:45:16', 'https://www.sciencesetavenir.fr/archeo-paleo/archeologie/trouvee-au-danemark-une-epoustouflante-bague-en-or-vieille-de-1500-ans-revele-les-secrets-d-une-lignee-princiere-inconnue_177021?xtor=RSS-4', '2024-03-15 20:15:28', '2024-03-15 20:15:28', NULL),
(8536, 'Des dinosaures à bec de canard au Maroc', 'C\'est la deuxième espèce de dinosaure à bec de canard identifiée et des indices suggèrent l\'existence d\'une troisième plus grosse. La présence de ces animaux en Afrique est insolite et suggère un long voyage.', '2024-02-27 15:29:37', 'https://www.sciencesetavenir.fr/archeo-paleo/paleontologie/decouverte-d-une-nouvelle-espece-de-dinosaure-a-bec-de-canard-au-maroc_176993?xtor=RSS-4', '2024-03-15 20:15:28', '2024-03-15 20:15:28', NULL),
(8537, 'L’ADN ancien révèle que les Danois descendent principalement des Yamnayas', 'Les Danois actuels sont essentiellement les descendants des pasteurs Yamnayas qui ont déferlé en Europe à la fin du néolithique.', '2024-02-27 14:42:36', 'https://www.sciencesetavenir.fr/archeo-paleo/anthropologie/l-adn-ancien-revele-que-les-danois-descendent-principalement-des-yamnayas_177002?xtor=RSS-4', '2024-03-15 20:15:28', '2024-03-15 20:15:28', NULL),
(8538, 'Le trésor du légendaire galion espagnol San José bientôt remonté à la surface', 'En pleine guerre de succession en Espagne, le navire acheminait l\'or, l\'argent et les pierres précieuses depuis les colonies espagnoles en Amérique vers la cour du roi Philippe V.', '2024-02-23 15:59:39', 'https://www.sciencesetavenir.fr/archeo-paleo/archeologie/colombie-le-tresor-du-legendaire-galion-espagnol-san-jose-bientot-remonte-a-la-surface_176952?xtor=RSS-4', '2024-03-15 20:15:28', '2024-03-15 20:15:28', NULL),
(8539, 'En Iran, un tube de rouge à lèvres vieux de 4000 ans refait surface', 'Le petit cylindre qui contient encore des traces d\'une pâte minérale d\'un rouge profond compte parmi les plus anciens cosmétiques du genre jamais retrouvés.', '2024-02-22 16:17:04', 'https://www.sciencesetavenir.fr/archeo-paleo/archeologie/un-tube-de-rouge-a-levres-vieux-de-4000-ans-retrouve-en-iran-une-decouverte-rarissime_176853?xtor=RSS-4', '2024-03-15 20:15:28', '2024-03-15 20:15:28', NULL),
(8540, 'Les Néandertaliens utilisaient-ils de la colle ?', 'Près de 40.000 ans après leur élaboration, des outils néandertaliens révèlent une technique d’assemblage, dont on pensait que les sociétés contemporaines&nbsp;avaient l\'apanage. D’après une étude américaine, l\'humain&nbsp;de Néandertal appliquait une mixture bien particulière pour rendre ses outils plus maniables…', '2024-02-21 19:00:00', 'https://www.sciencesetavenir.fr/archeo-paleo/les-neandertaliens-utilisaient-ils-de-la-colle_176803?xtor=RSS-4', '2024-03-15 20:15:28', '2024-03-15 20:15:28', NULL),
(8541, 'Qui était l’Homme de Vittrup, sacrifié il y a 5000 ans dans une tourbière du Danemark ?', 'Son crâne a beau avoir été fracassé par au moins huit coups de massue, les restes de l’Homme de Vittrup n’en sont pas moins éloquents, puisqu’ils nous éclairent sur les trois groupes culturels et génétiques qui cohabitaient au Danemark au néolithique.', '2024-02-21 12:23:36', 'https://www.sciencesetavenir.fr/archeo-paleo/qui-etait-l-homme-de-vittrup-sacrifie-il-y-a-5000-ans-dans-une-tourbiere-du-danemark_176797?xtor=RSS-4', '2024-03-15 20:15:28', '2024-03-15 20:15:28', NULL),
(8542, 'L\'imposante colonnade de la basilique de Trajan renaît à Rome', 'Un financement de 1,5 million d\'euros, attribué en 2015 par Alisher Ousmanov, un oligarque ouzbek, a financé ce&nbsp;projet. Suite à l\'invasion de l\'Ukraine par la Russie au début de 2022, l\'Union européenne et les États-Unis ont imposé des sanctions à Ousmanov, proche du président russe Vladimir Poutine.', '2024-02-19 21:10:42', 'https://www.sciencesetavenir.fr/archeo-paleo/l-imposante-colonnade-de-la-basilique-de-trajan-renait-a-rome_176789?xtor=RSS-4', '2024-03-15 20:15:28', '2024-03-15 20:15:28', NULL),
(8543, 'Le magnifique fossile de lézard était en partie un faux', 'Découvert dans les Alpes en 1931, ce fossile vieux de 280 millions d\'années était considéré comme une pièce importante pour comprendre l\'évolution des reptiles ancestraux.', '2024-02-19 13:55:29', 'https://www.sciencesetavenir.fr/archeo-paleo/paleontologie/le-magnifique-fossile-de-lezard-etait-en-partie-un-faux_176749?xtor=RSS-4', '2024-03-15 20:15:28', '2024-03-15 20:15:28', NULL),
(8544, 'La plus vieille carte connue d\'un territoire en Europe ?', 'Cette dalle de schiste découverte dans un tumulus en Bretagne pourrait bien être la plus ancienne représentation cartographique connue, gravée il y a près de 4000 ans. Une équipe d\'archéologues tente d\'en percer les secrets.', '2024-02-17 13:00:00', 'https://www.sciencesetavenir.fr/archeo-paleo/archeologie/la-plus-vieille-carte-d-un-territoire-en-europe_176358?xtor=RSS-4', '2024-03-15 20:15:28', '2024-03-15 20:15:28', NULL),
(8545, 'Un mystérieux poisson qui respirait de l\'air il y a 380 millions d\'années', 'Ce poisson appartient à une lignée ancestrale qui a évolué pour engendrer les premiers animaux à être sortis des eaux.', '2024-02-14 13:55:26', 'https://www.sciencesetavenir.fr/archeo-paleo/paleontologie/un-mysterieux-poisson-qui-respirait-de-l-air-il-y-a-380-millions-d-annees_176695?xtor=RSS-4', '2024-03-15 20:15:28', '2024-03-15 20:15:28', NULL),
(8546, 'DIAPORAMA. Le mammouth de Durfort remonte sur le podium', 'Dès le 28 juin 2023,&nbsp;les visiteurs du Muséum national d’histoire naturelle de Paris pourront retrouver l’impressionnant squelette du mammouth de Durfort, restauré pour la première fois en 150 ans. Un chantier de grande ampleur.', '2023-06-23 09:48:49', 'https://www.sciencesetavenir.fr/archeo-paleo/paleontologie/diaporama-le-mammouth-de-durfort-remonte-sur-le-podium-inauguration-le-28-juin-2023_172125?xtor=RSS-4', '2024-03-15 20:15:28', '2024-03-15 20:15:28', NULL),
(8547, 'L\'énigme des momies naturelles de San Bernardo, en images', 'Dans un village de Colombie, les corps des défunts se momifient spontanément. Ce phénomène étonnant qui touche un cadavre sur cinq laisse perplexes les chercheurs.', '2022-12-14 09:02:39', 'https://www.sciencesetavenir.fr/archeo-paleo/archeologie/l-enigme-des-momies-naturelles-de-san-bernardo-en-images_168120?xtor=RSS-4', '2024-03-15 20:15:28', '2024-03-15 20:15:28', NULL),
(8548, 'Un fossile de dinosaure avec de la peau découvert au Canada', 'Seule une partie des restes de la bête affleure d\'une roche mais les paléontologues estiment que le fossile pourrait être entièrement conservé.', '2022-09-21 12:41:47', 'https://www.sciencesetavenir.fr/archeo-paleo/paleontologie/un-fossile-de-dinosaure-avec-de-la-peau-decouvert-au-canada_166398?xtor=RSS-4', '2024-03-15 20:15:28', '2024-03-15 20:15:28', NULL),
(8549, 'EXPO. César redécouvert à Gergovie', 'L\'exposition \"César à Gergovie\" est à voir au Musée archéologique de la bataille de Gergovie, en Auvergne, jusqu\'au 8 mai 2023.', '2022-08-02 14:29:58', 'https://www.sciencesetavenir.fr/archeo-paleo/archeologie/expo-cesar-redecouvert-au-musee-de-gergovie_165373?xtor=RSS-4', '2024-03-15 20:15:28', '2024-03-15 20:15:28', NULL),
(8550, 'Des images inédites du San José, l\'épave \"la plus riche du monde\"', 'L\'État colombien a dévoilé dans une vidéo des images inédites de l\'épave du&nbsp;San José,&nbsp;l\'un des plus grands galions de l\'armada espagnole&nbsp;coulé il y a trois siècles avec son exceptionnelle cargaison&nbsp;au large de la côte caraïbe du pays.', '2022-06-08 16:11:53', 'https://www.sciencesetavenir.fr/archeo-paleo/archeologie/des-images-inedites-du-san-jose-l-epave-la-plus-riche-du-monde-apres-son-exploration_164051?xtor=RSS-4', '2024-03-15 20:15:28', '2024-03-15 20:15:28', NULL),
(8551, 'Plongée dans la réplique de la grotte Cosquer', 'Donner à voir ce qui est inaccessible et voué à disparaître, avalé par la montée des eaux : c\'est l\'objectif de la réplique de la Grotte Cosquer qui ouvre ses portes à la Villa Méditerranée, le 4 juin 2022.', '2022-05-19 07:55:02', 'https://www.sciencesetavenir.fr/archeo-paleo/archeologie/plongee-dans-la-replique-de-la-grotte-cosquer_163531?xtor=RSS-4', '2024-03-15 20:15:28', '2024-03-15 20:15:28', NULL),
(8552, 'Découvertes archéologiques à Notre-Dame : les vestiges en images', 'Un intriguant cercueil en plomb du 14e&nbsp;siècle et des éléments de décor polychromes très anciens ont été découverts sous le transept de la cathédrale lors des travaux de rénovation de la cathédrale parisienne.', '2022-03-16 17:27:52', 'https://www.sciencesetavenir.fr/archeo-paleo/archeologie/decouvertes-archeologiques-a-notre-dame-les-vestiges-mis-au-jour-en-images_162210?xtor=RSS-4', '2024-03-15 20:15:29', '2024-03-15 20:15:29', NULL),
(8553, 'DIAPO. Plusieurs momies égyptiennes ont rejoint leur nouveau musée lors d\'un spectacle grandiose', 'Encadrés par la garde montée, les premiers chars noirs ornés de motifs dorés et lumineux rappelant les embarcations funéraires antiques ont quitté&nbsp;à 20h00 le 3 avril 2021 la place Tahrir et le musée du Caire, où les momies reposaient depuis plus d\'un siècle.&nbsp;Sous les coups de canon, les chars sont arrivés au nouveau musée vers 20h30, accueillis par le président Abdel Fattah al-Sissi.', '2021-04-06 09:50:59', 'https://www.sciencesetavenir.fr/archeo-paleo/archeologie/diaporama-plusieurs-momies-egyptiennes-ont-rejoint-leur-nouveau-musee-lors-d-un-spectacle-grandiose_153245?xtor=RSS-4', '2024-03-15 20:15:29', '2024-03-15 20:15:29', NULL),
(8554, 'Le Palais de la découverte met aux enchères 130 de ses trésors', 'Le samedi 21 novembre 2020, quelques jours avant sa fermeture prolongée pour rénovation, le Palais de la découverte organisera une vente aux enchères exceptionnelle dans son vaste hall. Pour la première dans l\'histoire d\'un musée scientifique français, plus de 130 pièces seront proposées au grand public. Mais l\'idée ne fait pas l\'unanimité parmi les anciens collaborateurs de l\'établissement.', '2020-10-16 15:48:27', 'https://www.sciencesetavenir.fr/archeo-paleo/patrimoine/avant-sa-fermeture-pour-quatre-ans-de-renovation-le-palais-de-la-decouverte-met-aux-encheres-certains-de-ses-tresors_148450?xtor=RSS-4', '2024-03-15 20:15:29', '2024-03-15 20:15:29', NULL),
(8555, 'A la recherche de Romulus dans le Forum romain', 'Une découverte archéologique \"exceptionnelle\", associée à Romulus, a été faite sur le Forum romain. Elle a été présentée au public pour la première fois&nbsp;vendredi 21 février 2020.', '2020-02-24 11:04:42', 'https://www.sciencesetavenir.fr/archeo-paleo/archeologie/les-photos-du-possible-tombeau-de-romulus_141776?xtor=RSS-4', '2024-03-15 20:15:29', '2024-03-15 20:15:29', NULL),
(8556, 'Les dernières espèces de dinosaures découvertes', 'Vous avez manqué les toutes dernières espèces de dinosaures découvertes par les paléontologues ? Sciences et Avenir vous propose une séance de rattrapage, en images.', '2019-07-14 07:00:00', 'https://www.sciencesetavenir.fr/archeo-paleo/paleontologie/les-dernieres-especes-de-dinosaure-retrouvees_134488?xtor=RSS-4', '2024-03-15 20:15:29', '2024-03-15 20:15:29', NULL),
(8557, 'EN IMAGES : Quelques uns des projets les plus visuels pour reconstruire ND de Paris', 'Après l\'incendie, la reconstruction de Notre-Dame de Paris suscite de nombreuses contributions. En voici quelques-une des plus marquantes.', '2019-05-07 15:48:18', 'https://www.sciencesetavenir.fr/archeo-paleo/patrimoine/en-images-les-projets-de-reconstruction-de-notre-dame-de-paris_133484?xtor=RSS-4', '2024-03-15 20:15:29', '2024-03-15 20:15:29', NULL),
(8558, 'DIAPORAMA. L\'important chantier de Notre-Dame après l\'incendie', 'Touchée par un grave incendie le soir du 15 avril 2019, la cathédrale de Notre-Dame de Paris est, deux ans plus tard, le centre d\'un important travail de sécurisation et de recherche.', '2019-04-16 09:43:00', 'https://www.sciencesetavenir.fr/archeo-paleo/patrimoine/diaporama-notre-dame-apres-l-incendie_133031?xtor=RSS-4', '2024-03-15 20:15:29', '2024-03-15 20:15:29', NULL),
(8559, 'Les images des carnets d\'Egypte', 'Quelques images tirées des \"Carnets d\'Egypte\" par le chimiste Philippe Walter et l\'archéologue Philippe Martinez (CNRS). Leur équipe étudie les techniques artistiques employées dans les tombes de la nécropole thébaine, près de Louxor.', '2018-11-28 11:13:03', 'https://www.sciencesetavenir.fr/archeo-paleo/archeologie/les-images-des-carnets-d-egypte-pres-de-louxor_129773?xtor=RSS-4', '2024-03-15 20:15:29', '2024-03-15 20:15:29', NULL),
(8560, 'Les gravures de l\'Atacama bientôt au Patrimoine mondial', 'Il y a près de 3.000 ans, bergers et caravaniers ont gravé la roche dans la vallée de Taira, dans le désert d\'Atacama, faisant de ce site qui aspire à être classé au patrimoine mondial de l\'Unesco l\'épicentre de l\'art rupestre au Chili.', '2018-07-31 08:48:16', 'https://www.sciencesetavenir.fr/archeo-paleo/paleontologie/les-gravures-de-l-atacama-bientot-au-patrimoine-mondial_126339?xtor=RSS-4', '2024-03-15 20:15:29', '2024-03-15 20:15:29', NULL),
(8561, 'EN IMAGES. La découverte du trésor viking en argent daté du règne de Harald à la dent bleue', 'Suite à la découverte de deux passionnés, une équipe d\'archéologues a mis au jour&nbsp;un remarquable&nbsp;trésor d\'objets en argent daté du Xe siècle,&nbsp;la période durant laquelle les&nbsp;Vikings adoptent peu à peu le christianisme. Les plus belles pièces du trésor sont à découvrir dans notre diaporama.', '2018-04-18 09:08:06', 'https://www.sciencesetavenir.fr/archeo-paleo/archeologie/en-images-la-decouverte-du-tresor-viking-en-argent-date-du-regne-de-harald-a-la-dent-bleue_123182?xtor=RSS-4', '2024-03-15 20:15:29', '2024-03-15 20:15:29', NULL),
(8562, '\"Faire revivre l\'esprit de Mossoul\"', 'Dans le cadre du nouveau projet phare de l\'Unesco pour l\'Irak, ces photos prises en mars 2018, illustrent l\'état de destruction actuel de la ville.&nbsp;', '2018-03-26 14:04:07', 'https://www.sciencesetavenir.fr/archeo-paleo/archeologie/faire-revivre-l-esprit-de-mossoul_122264?xtor=RSS-4', '2024-03-15 20:15:29', '2024-03-15 20:15:29', NULL),
(8563, 'Le manuscrit Voynich : qui l\'a eu en mains ?', 'Le manuscrit Voynich est un document du 15e siècle dont le sens est encore caché. Jusqu\'où peut-on en remonter la trace ?', '2018-01-26 17:28:32', 'https://www.sciencesetavenir.fr/archeo-paleo/patrimoine/le-manuscrit-voynich-qui-l-a-eu-en-mains_120210?xtor=RSS-4', '2024-03-15 20:15:29', '2024-03-15 20:15:29', NULL),
(8564, 'EN IMAGES. En Egypte, Toutankhamon déménage', 'Le trésor trouvé dans la tombe du jeune pharaon Toutankhamon est déménagé du Musée égyptien du Caire, sur la place Tahir, au Grand Musée égyptien, près des pyramides.&nbsp;Reportage photo de Philippe Bourseiller.', '2017-07-27 12:26:25', 'https://www.sciencesetavenir.fr/archeo-paleo/archeologie/en-images-en-egypte-toutankhamon-demenage_115129?xtor=RSS-4', '2024-03-15 20:15:29', '2024-03-15 20:15:29', NULL),
(8565, 'En Corse, de mystérieux cercueils de 3000 ans', 'Des cercueils en bois de 3000 ans parfaitement conservés ont été découverts en Corse.', '2017-06-15 13:50:22', 'https://www.sciencesetavenir.fr/archeo-paleo/archeologie/en-images-en-corse-de-mysterieux-cercueils-de-3000-ans_113856?xtor=RSS-4', '2024-03-15 20:15:29', '2024-03-15 20:15:29', NULL),
(8566, 'EN IMAGES. Les falaises aux momies du Pérou', 'D’impressionnants sarcophages appartenant aux mystérieux Chachapoyas (VIIIe-XVe siècles) &nbsp;continuent à être découverts au Pérou.', '2017-02-24 08:39:25', 'https://www.sciencesetavenir.fr/archeo-paleo/archeologie/en-images-les-falaises-aux-momies-du-perou_110789?xtor=RSS-4', '2024-03-15 20:15:29', '2024-03-15 20:15:29', NULL),
(8567, 'Dans les coulisses d\'un laboratoire d\'archéozoologie et d\'archéobotanique', 'Comment travaillent les archéozoologues et archéobotanistes ? Reportage photo dans les coulisses&nbsp;du Musée national d\'histoire naturel de Paris.', '2017-01-04 15:45:49', 'https://www.sciencesetavenir.fr/archeo-paleo/dans-les-coulisses-d-un-laboratoire-d-archeozoologie-et-d-archeobotanique_109419?xtor=RSS-4', '2024-03-15 20:15:29', '2024-03-15 20:15:29', NULL),
(8568, 'ScanPyramids : voyage dans l\'au-delà', 'La mission ScanPyramids qui a récemment découvert deux cavités dans Kheops s\'expose avec les collections du Palais des Beaux-Arts à Lille. Du plus intime des objets funéraires à l’imposant mystère des pyramides, découverte d’une civilisation toute entière tournée vers la mort.', '2016-12-16 15:48:35', 'https://www.sciencesetavenir.fr/archeo-paleo/archeologie/exposition-scanpyramids-a-lille-voyage-dans-l-au-dela_109055?xtor=RSS-4', '2024-03-15 20:15:29', '2024-03-15 20:15:29', NULL),
(8569, 'EN IMAGES. Les destructions par Daesh de la cité archéologique de Nimroud, en Irak', 'Ces photos des restes de la cité archéologique de Nimroud, en Irak, attestent de sa destruction&nbsp;par Daesh.', '2016-11-18 15:53:05', 'https://www.sciencesetavenir.fr/archeo-paleo/archeologie/en-images-les-destructions-par-daesh-de-la-cite-archeologique-de-nimroud-en-irak_108259?xtor=RSS-4', '2024-03-15 20:15:29', '2024-03-15 20:15:29', NULL);
INSERT INTO `article` (`id`, `title`, `description`, `publicationDate`, `link`, `createdAt`, `updatedAt`, `media_id`) VALUES
(8570, 'EN IMAGES. Dans les entrailles des pyramides égyptiennes', 'Visite des monuments funéraires égyptiens. Et gros plan sur&nbsp;Kheops,&nbsp;la reine des pyramides. 146 mètres de haut, 2,5 millions de blocs, parmi lesquels des dalles de granit de 63 tonnes...', '2016-10-21 14:40:00', 'https://www.sciencesetavenir.fr/archeo-paleo/archeologie/egypte-la-grande-pyramide-de-kheops_393?xtor=RSS-4', '2024-03-15 20:15:29', '2024-03-15 20:15:29', NULL),
(8571, 'Ce traqueur de muons du CEA scrute les pyramides égyptiennes', 'Ce&nbsp;télescope à muons détecte&nbsp;en temps réel les&nbsp;particules cosmiques qui traversent la pyramide afin de visualiser sa structure interne à la manière d\'une radiographie. Conçu par le CEA, il est utilisé en Egypte par la mission ScanPyramids.', '2016-10-21 14:31:24', 'https://www.sciencesetavenir.fr/archeo-paleo/archeologie/traqueur-de-muons-developpe-par-le-cea-pour-scruter-les-pyramides-egyptiennes_440?xtor=RSS-4', '2024-03-15 20:15:29', '2024-03-15 20:15:29', NULL),
(8572, 'ARCHIVE. 70 ans de dinosaures dans Sciences et Avenir', 'Depuis 1947, date de création du magazine, les dinosaures ont plusieurs fois fait la couverture de Sciences et Avenir. Présentation commentée de plusieurs couv\'...', '2016-10-19 08:38:26', 'https://www.sciencesetavenir.fr/archeo-paleo/diaporama-70-ans-de-dinosaures-dans-sciences-et-avenir_108?xtor=RSS-4', '2024-03-15 20:15:29', '2024-03-15 20:15:29', NULL),
(8573, 'La bataille de Verdun, un tournant dans la médecine de guerre', 'L\'exposition temporaire \"Les secours aux blessés et aux victimes de la Grande Guerre à nos jours\" visible au Mémorial de Verdun jusqu\'au 31 mars 2017 retrace l\'évolution de la médecine de guerre ces 100 dernières années.', '2016-10-12 13:36:38', 'https://www.sciencesetavenir.fr/archeo-paleo/patrimoine/en-1916-la-bataille-de-verdun-fut-un-tournant-dans-la-medecine-de-guerre_107308?xtor=RSS-4', '2024-03-15 20:15:29', '2024-03-15 20:15:29', NULL),
(8574, 'Estropiés et infirmes au Moyen Âge', '<p>La guerre au Moyen Âge est productrice de nombreux récits héroïques qui alimentent, encore aujourd’hui, nos imaginaires. Pourtant, les conséquences de la prise du Château de Fougères en 1166 ou du siège de la ville en 1488 sont avant tout tragiques : si les combattants tués sont nombreux, il en va de même pour ceux qui deviennent infirmes à la suite d’une ou de plusieurs blessures. Comment cette infirmité est-elle appréhendée au cours du Moyen Âge ? Quelle est la vie d’un infirme ou d’un estropié entre le 11<sup>e</sup> et 15<sup>e</sup> siècle ? Des questions auxquelles cette expo de poche tentera de répondre.<br />\n </p>', '2024-03-15 16:41:28', 'https://www.inrap.fr/estropies-et-infirmes-au-moyen-age-17857', '2024-03-15 20:15:29', '2024-03-15 20:15:29', NULL),
(8575, 'Archéologie de la différence : la place des personnes handicapées dans les sociétés du passé', '<p>À l’occasion de l’inauguration de sa nouvelle exposition « Estropiés et infirmes au Moyen Âge », ouverte du 23 mars au 15 septembre 2024, le Château de Fougères accueillera une conférence intitulée « Archéologie de la différence : la place des personnes handicapées dans les sociétés du passé ».</p>', '2024-03-15 16:41:26', 'https://www.inrap.fr/archeologie-de-la-difference-la-place-des-personnes-handicapees-dans-les-17858', '2024-03-15 20:15:29', '2024-03-15 20:15:29', NULL),
(8576, 'Redécouverte de la nécropole du haut Moyen Âge de Dijon (Côte-d\'Or)', '<p>Entre février et juin 2024, sur prescription de l’État, les archéologues de l’Inrap fouillent différents secteurs en centre-ville de Dijon. Les premiers secteurs fouillés, dont deux au pied de l’église Saint-Jean, révèlent les vestiges de son chevet et des sépultures de la nécropole du haut Moyen Âge de Dijon.</p>', '2024-03-15 15:40:58', 'https://www.inrap.fr/redecouverte-de-la-necropole-du-haut-moyen-age-de-dijon-cote-d-or-17877', '2024-03-15 20:15:29', '2024-03-15 20:15:29', NULL),
(8577, 'Un siècle d\'archéologie claravalienne (1819-2020). État des lieux.', '<p>En 1819, des travaux de construction à l’emplacement du cimetière de l’abbaye entrainent la mise au jour de la tombe d’un évêque... Cette découverte fortuite inaugure les interventions archéologiques qui se sont succédé au gré des opérations de restauration et d’aménagement de l’abbaye de Clairvaux, au fil des années, sous l’impulsion d’architectes en chef des monuments historiques (ACMH) et des agents de la conservation régionale des monuments historiques et du service régional de l’archéologie (DRAC Champagne-Ardenne/Grand Est). Ce cadre « préventif », imposé, trouve sa limite dans le choix des zones à fouiller. Malgré les destructions d’une partie des bâtiments médiévaux au XVIIIe et au XIXe siècle, le sous-sol a préservé les traces de cette grande abbaye. </p>', '2024-03-15 13:19:16', 'https://www.inrap.fr/un-siecle-d-archeologie-claravalienne-1819-2020-etat-des-lieux-17869', '2024-03-15 20:15:29', '2024-03-15 20:15:29', NULL),
(8578, 'Architectures et dépôts funéraires au Néolithique à Pontcharaud (Clermont-Ferrand, Puy-de-Dôme)', '<p>À Pontcharaud, dans l\'agglomération de Clermont-Ferrand, les archéologues de l\'Inrap ont mis au jour 285 structures néolithiques, dont 63 sépultures, qui témoignent d’environ 4000 ans d’occupation du site. Frédéric Prodeo, Ivy Thomson et Catherine Georjon reviennent ici sur les résultats de cette fouille exceptionnelle, avant une conférence au musée Bargoin, le samedi 6 avril, dans le cadre de l\'exposition « Le temps de la Méridienne ».</p>', '2024-03-15 11:21:51', 'https://www.inrap.fr/architectures-et-depots-funeraires-au-neolithique-pontcharaud-clermont-ferrand-17868', '2024-03-15 20:15:29', '2024-03-15 20:15:29', NULL),
(8579, 'Actualité archéologique à Crest', '<p>À travers sept panneaux, les visiteurs découvriront les recherches archéologiques réalisées par les équipes d’archéologues de l’Inrap, dans le quartier Saint-Antoine de Crest. Implanté sur une haute terrasse alluviale, à 240 m d’altitude, dominant la vallée de la Drôme, en rive droite, le site a connu plusieurs occupations humaines. <br />\nLes découvertes majeures sont une halte de chasse d\'une petite communauté gravettienne (entre 28 000 et 26 000  ans avant J.-C.), et des habitats du Néolithique moyen et final (entre 4700 et 2200 avant J.-C.).</p>', '2024-03-15 11:20:54', 'https://www.inrap.fr/actualite-archeologique-crest-17878', '2024-03-15 20:15:29', '2024-03-15 20:15:29', NULL),
(8580, 'L’abbaye Saint-Pierre d’Hautvillers : une histoire remise au jour par l’archéologie', '<p>L’Inrap a réalisé, de début avril à fin novembre 2023, une fouille quasi extensive des bâtiments l’abbaye Saint-Pierre d’Hautvillers dans le cadre de futurs aménagements du site par la maison Dom Pérignon, et sur prescription du Service régional de l’archéologie. Cette opération exceptionnelle, en raison du lieu et de son emprise, a permis d’appréhender l’histoire et l’évolution de l’abbaye bénédictine depuis les XI<sup>e</sup>-XII<sup>e</sup> siècles jusqu’à son démantèlement après la Révolution mais également celles d’une exploitation viticole à partir du XIX<sup>e</sup> siècle. Les premiers résultats seront présentés dans le cadre de cette communication.</p>', '2024-03-15 09:55:26', 'https://www.inrap.fr/l-abbaye-saint-pierre-d-hautvillers-une-histoire-remise-au-jour-par-l-17870', '2024-03-15 20:15:29', '2024-03-15 20:15:29', NULL),
(8581, 'En quête d\'histoire, enquête d\'histoire. Sur les traces du Domfront médiéval.', '<p>Hélène Dupont, archéologue à l’Inrap, reviendra sur le diagnostic archéologique réalisé en 2022 dans le parc du château de Domfront à l’occasion de l’événement « Lire entre les pierres » organisé par la ville de Domfront-en-Poiraie, la région Normandie et l’office de tourisme du Pays de Domfront. Son intervention se fera dans le cadre d’une table ronde autour du processus de création littéraire et de recherches scientifiques dans la démarche d’écriture d’un roman relatant des faits historiques.</p>', '2024-03-14 16:29:29', 'https://www.inrap.fr/en-quete-d-histoire-enquete-d-histoire-sur-les-traces-du-domfront-medieval-17875', '2024-03-15 20:15:29', '2024-03-15 20:15:29', NULL),
(8582, 'Journée porte ouverte de la fouille Inrap en cours au 15 quai d’Alsace à Narbonne', '<p>Dans la continuité de la première tranche de la fouille réalisée entre septembre et décembre 2023, l\'Inrap poursuit ses recherches archéologiques menées sur prescription du Service régional de l\'archéologie (Drac Occitanie) dans le cadre d\'un aménagement par le Groupe SM et Vinci Immobilier.</p>', '2024-03-14 16:01:11', 'https://www.inrap.fr/journee-porte-ouverte-de-la-fouille-inrap-en-cours-au-15-quai-d-alsace-narbonne-17873', '2024-03-15 20:15:30', '2024-03-15 20:15:30', NULL),
(8583, 'Sous la place de la Grille : les vestiges archéologiques de la ville de Saint-Brieuc', '<p>Réalisée en amont d\'importants travaux de requalification de l\'espace urbain, la fouille menée par l\'Inrap en 2020 sur la place de Grille a permis d’étudier, malgré une emprise relativement réduite, une forte concentration de vestiges archéologiques datant des époques médiévales et modernes. Cette présentation sera l’occasion de revenir sur ses découvertes et d’en présenter les principaux enseignements, depuis les premières séquences d’occupation des XI<sup>e</sup> et XII<sup>e</sup> siècles jusqu\'aux périodes plus récentes du XVII<sup>e</sup> et XVIII<sup>e</sup> siècle. Elle permettra, notamment, de s’interroger sur l’origine de la ville, encore mal connue, et sur la manière dont celle-ci a progressivement évolué au fil des siècles.</p>', '2024-03-14 15:58:05', 'https://www.inrap.fr/sous-la-place-de-la-grille-les-vestiges-archeologiques-de-la-ville-de-saint-17876', '2024-03-15 20:15:30', '2024-03-15 20:15:30', NULL),
(8584, 'Menez Dregan I (Plouhinec, Finistère) : retour sur 30 ans de recherches archéologiques', '<p>À l’occasion d’une conférence, Anne Lyse Ravon, archéologue à l’Inrap, dressera un bilan des recherches et des avancées scientifiques réalisées ces trente dernières années sur le site de Menez Dregan I à Plouhinec dans le Finistère.</p>', '2024-03-14 15:38:26', 'https://www.inrap.fr/menez-dregan-i-plouhinec-finistere-retour-sur-30-ans-de-recherches-17874', '2024-03-15 20:15:30', '2024-03-15 20:15:30', NULL),
(8585, 'Spectacle Sous Terre', '<p>Le spectacle « Sous Terre » est une exploration du monde souterrain, une immersion dans le temps profond, une descente dans les abîmes où l’on protège et cache parfois des secrets.</p>', '2024-03-14 14:37:28', 'https://www.inrap.fr/spectacle-sous-terre-17872', '2024-03-15 20:15:30', '2024-03-15 20:15:30', NULL),
(8586, 'Opérations archéologiques à Semur-en-Auxois : restitution des résultats.', '<p>Suite aux différents diagnostics archéologiques menés sur le territoire de la commune ces dernières années, une série de communication est prévue le samedi 16 mars 2023 à 14h30 au musée municipal de Semur-en-Auxois.</p>', '2024-03-14 14:26:19', 'https://www.inrap.fr/operations-archeologiques-semur-en-auxois-restitution-des-resultats-17871', '2024-03-15 20:15:30', '2024-03-15 20:15:30', NULL),
(8587, 'Le vase zoomorphe d\'Aubevoye', '<p>Visite virtuelle du site d\'Aubevoye \"La Chartreuse\", dans l\'Eure, et découverte d\'un vase zoomorphe vieux de 6000 ans. Occupé pendant le Néolithique ancien, le site a livré des vestiges qui permettent de reconstituer le mode de vie des premiers agriculteurs installés dans cette vallée.</p>', '2024-03-13 15:18:42', 'https://www.inrap.fr/le-vase-zoomorphe-d-aubevoye-8898', '2024-03-15 20:15:30', '2024-03-15 20:15:30', NULL),
(8588, 'L\'archéologie du plateau de Saclay', '<p>Situé à une vingtaine de kilomètres au sud-ouest de Paris, le plateau de Saclay est célèbre pour abriter de prestigieuses institutions scientifiques et de grandes écoles. Depuis une vingtaine d’années, le secteur est l’objet d’un ambitieux programme d’aménagements qui bénéficient d’un suivi archéologique systématique.</p>', '2024-03-13 14:58:38', 'https://www.inrap.fr/l-archeologie-du-plateau-de-saclay-14958', '2024-03-15 20:15:30', '2024-03-15 20:15:30', NULL),
(8589, 'Il était une fois l\'âge du Bronze', '<p>Que vous évoque le bronze ? Le buste d’un personnage illustre, la médaille attribuée au troisième d’une compétition, la cloche qui égraine les heures, les canons, les cœurs inflexibles… Rien en tout cas qui justifie que ce métal soit devenu l’emblème d’une période longue de 1 500 ans. Et cependant… À travers les yeux des archéologues, découvrez ici ce que l’âge du Bronze a transformé dans la vie des êtres humains.</p>\n\n<div class=\"bloc-url multimedia-link\"><a href=\"https://www.inrap.fr/magazine/Il-etait-une-fois-l-age-du-Bronze/accueil\">Découvrir « Il était une fois l’âge du Bronze »​</a></div>', '2024-03-13 14:20:22', 'https://www.inrap.fr/il-etait-une-fois-l-age-du-bronze-14177', '2024-03-15 20:15:30', '2024-03-15 20:15:30', NULL),
(8590, 'L\'histoire de l\'archéologie', '<p>Les vestiges matériels du passé dont traite l’archéologie (ruines et monuments, habitats et inhumations, belles pièces et déchets, céramiques, outils de pierre, ossements, restes organiques et autres traces du milieu naturel) ont suscité l’intérêt d’érudits et d’amateurs depuis les toutes premières sociétés humaines.</p>', '2024-03-13 10:45:09', 'https://www.inrap.fr/l-histoire-de-l-archeologie-17867', '2024-03-15 20:15:30', '2024-03-15 20:15:30', NULL),
(8591, 'Une nouvelle vision du terroir de Méaulte à travers l’archéologie (Somme)', '<p>À Méaulte et Bécordel-Bécourt, sur la zone d\'activités du pays du Coquelicot, les archéologues de l\'Inrap ont mis au jour des vestiges néolithiques, gaulois et gallo-romains, parmi lesquels des sépultures et une villa romaine. Lydie Bondiau (Inrap) et Colette Swinnen (Inrap) reviendront sur les résultats de cette fouille d\'un secteur mal connu du département de la Somme, ce samedi 23 mars lors d\'une <a href=\"https://www.inrap.fr/4000-ans-d-histoire-meaulte-et-becordel-becourt-somme-17833\" target=\"_blank\">conférence</a>.</p>', '2024-03-12 17:43:26', 'https://www.inrap.fr/une-nouvelle-vision-du-terroir-de-meaulte-travers-l-archeologie-somme-17866', '2024-03-15 20:15:30', '2024-03-15 20:15:30', NULL),
(8592, 'Plateforme aéro-industrielle de Haute-Picardie', '<p>À Méaulte, Somme, la plateforme est située sur le sommet d\'un plateau qui descend vers la Somme et l\'Ancre.</p>', '2024-03-12 16:21:35', 'https://www.inrap.fr/plateforme-aero-industrielle-de-haute-picardie-4003', '2024-03-15 20:15:30', '2024-03-15 20:15:30', NULL),
(8593, '38e Rencontres de l\'Association Française pour l’Archéologie du Verre (AFAV )', '<p>Organisée par Isabelle Commandré (archéologue à l’Inrap, UMR 5140 ASM) et Coralie Pages Bouet (Cheffe de Service, Communauté de Communes du Grand Pic Saint-Loup), du jeudi 10 au samedi 12 octobre 2024.</p>', '2024-03-12 08:23:50', 'https://www.inrap.fr/38e-rencontres-de-l-association-francaise-pour-l-archeologie-du-verre-afav-17865', '2024-03-15 20:15:30', '2024-03-15 20:15:30', NULL),
(8594, 'Deux occupations rurales antique et médiévale à Cayrac (Tarn-et-Garonne)', '<p>En périphérie du village de Cayrac, deux fouilles réalisées par l’Inrap sur des parcelles voisines ont livré des fosses et un puits antiques, ainsi que cinq bâtiments, un four et de nombreux silos de l’époque médiévale, à un emplacement où un prieuré dépendant de l’abbaye Saint-Géraud d’Aurillac est attesté dès 961.</p>', '2024-03-11 15:34:33', 'https://www.inrap.fr/deux-occupations-rurales-antique-et-medievale-cayrac-tarn-et-garonne-17859', '2024-03-15 20:15:30', '2024-03-15 20:15:30', NULL),
(8595, 'L’Atlas archéologique de la France : contribution à la redéfinition du patrimoine culturel des territoires', '<p>La publication récente d’un « Atlas archéologique de la France » (Tallandier/Inrap) est l’occasion de mettre en avant les richesses archéologiques des territoires et de proposer une redéfinition de leur patrimoine culturel.</p>\n\n<p>Cartes en mains, en complément des musées et des grands sites patrimoniaux, les découvertes archéologiques permettent de dessiner de nouveaux paysages culturels et de dérouler un récit historique renouvelé.</p>', '2024-03-11 13:12:43', 'https://www.inrap.fr/l-atlas-archeologique-de-la-france-contribution-la-redefinition-du-patrimoine-17863', '2024-03-15 20:15:30', '2024-03-15 20:15:30', NULL),
(8596, 'Face au dérèglement climatique : agir dans l’incertitude', '<p>Pour la deuxième année consécutive, l\'Inrap participe à l\'événement \"Forêts en scène\" organisé par l\'Office national des forêts à l\'académie du Climat à Paris du 20 au 24 mars.</p>\n\n<p>Isabelle Catteddu, archéologue à l\'Inrap, participera à une conférence-débat qui convoque science, philosophie et histoire pour tenter d’éclairer l’avenir…</p>', '2024-03-11 11:07:28', 'https://www.inrap.fr/face-au-dereglement-climatique-agir-dans-l-incertitude-17861', '2024-03-15 20:15:30', '2024-03-15 20:15:30', NULL),
(8597, 'Sur les rives de la Manche - Peuplement et échanges culturels à l’âge du Bronze en Normandie', '<p>Ce mercredi 13 mars 2024, Cyril Marcigny, archéologue à l’Inrap, donnera une conférence sur le peuplement et les échanges culturels à l’âge du Bronze en Normandie. Cette conférence débutera à 18h00 à l’auditorium des archives départementales de Saint-Lô.</p>', '2024-03-11 10:44:24', 'https://www.inrap.fr/sur-les-rives-de-la-manche-peuplement-et-echanges-culturels-l-age-du-bronze-en-17860', '2024-03-15 20:15:30', '2024-03-15 20:15:30', NULL),
(8598, 'Recyclage, récupération et remploi des matériaux à la période antique. Midi méditerranéen et Égypte nilotique', '<p>Séminaire de l’UMR 5140 (ASM) organisé par l’équipe « Technique, Production, Commerce et Consommations » (TP2C), dans le cadre de l’atelier transversal « Remploi de blocs d’architecture », avec la participation de l’équipe « Égypte nilotique et méditerranéenne » (ENIM) et de l’Inrap.</p>', '2024-03-08 08:23:51', 'https://www.inrap.fr/recyclage-recuperation-et-remploi-des-materiaux-la-periode-antique-midi-17854', '2024-03-15 20:15:30', '2024-03-15 20:15:30', NULL),
(8599, 'Scientilivre, édition 2024 « cap sur les océans »', '<p>Pour sa 24<sup>e</sup> édition, Scientilivre met le cap sur les océans ! Le festival alliera connaissances, créativité et émerveillement autour de l’Océan. Plongez dans les abysses du monde sous-marin, entre sciences et littérature.</p>\n\n<p>Amusement et curiosité seront les mots d’ordre de ce week-end ! Parmi les animations, venez découvrir l’archéologie subaquatique avec les experts de l’Inrap.<br />\n </p>', '2024-03-07 15:57:51', 'https://www.inrap.fr/scientilivre-edition-2024-cap-sur-les-oceans-17856', '2024-03-15 20:15:30', '2024-03-15 20:15:30', NULL),
(8600, 'Forum de l’archéologie', '<p>Une journée pour se plonger dans l\'archéologie !<br />\n<br />\nUne fois de plus, le Centre d\'études et recherches archéologiques du Castrais (CERAC) réunit en un même lieu ceux qui font l\'archéologie aujourd\'hui : bénévoles, chercheurs, étudiants et professionnels du patrimoine.<br />\n </p>', '2024-03-07 14:57:58', 'https://www.inrap.fr/forum-de-l-archeologie-17853', '2024-03-15 20:15:30', '2024-03-15 20:15:30', NULL),
(8601, 'Le moulin à vent : à Sartrouville, un témoignage rare d’une machine au cœur de l’économie médiévale et moderne', '', '2024-03-07 14:30:39', 'https://www.inrap.fr/le-moulin-vent-sartrouville-un-temoignage-rare-d-une-machine-au-coeur-de-l-17855', '2024-03-15 20:15:30', '2024-03-15 20:15:30', NULL),
(8602, 'Index de l\'égalité professionnelle 2023', '<p>En 2023, l’Inrap atteint la note globale de 92/100 à l’index de l’égalité professionnelle entre les femmes et les hommes.</p>', '2024-03-07 14:12:45', 'https://www.inrap.fr/index-de-l-egalite-professionnelle-2023-17850', '2024-03-15 20:15:30', '2024-03-15 20:15:30', NULL),
(8603, 'Le Moyen Âge entre Tarn et Garonne, journée archéologique départementale', '<p>Organisée par le Service régional de l\'archéologie de la Direction régionale des affaires culturelles Occitanie et le Conseil départemental de Tarn-et-Garonne, en partenariat avec la Société historique et archéologique de Tarn-et-Garonne et l’Inrap, cette journée sera l\'occasion de présenter les découvertes récentes de la recherche archéologique sur le territoire tarn-et-garonnais.<br />\n<br />\nCette rencontre est ouverte au plus grand nombre, professionnels de l’archéologie, amateurs, passionnés et curieux.<br />\n </p>', '2024-03-07 09:21:44', 'https://www.inrap.fr/le-moyen-age-entre-tarn-et-garonne-journee-archeologique-departementale-17852', '2024-03-15 20:15:30', '2024-03-15 20:15:30', NULL),
(8604, 'Le Groupe Léon Grosse présente l’archéocapsule « Archéologie des sexes : Féminin Masculin »', '<p>À l’occasion de la journée « Elles bougent dans le BTP », dans le cadre de la Smart City Week 2023, le groupe Léon Grosse a présenté l’archéocapsule (exposition légère) « Archéologie des sexes : Féminin Masculin » produite par l’Inrap, une occasion de revisiter les inégalités hommes-femmes et les stéréotypes de genre au travers de l’archéologie.</p>', '2024-03-06 17:13:31', 'https://www.inrap.fr/le-groupe-leon-grosse-presente-l-archeocapsule-archeologie-des-sexes-feminin-17567', '2024-03-15 20:15:30', '2024-03-15 20:15:30', NULL),
(8605, 'Échos d\'Archéos : 3000 ans d’histoire sous l’aéroport de Clermont-Ferrand', '', '2024-03-06 16:55:53', 'https://www.inrap.fr/echos-d-archeos-3000-ans-d-histoire-sous-l-aeroport-de-clermont-ferrand-17851', '2024-03-15 20:15:30', '2024-03-15 20:15:30', NULL),
(8606, 'Le passé de Châteaubriant exploré par les archéologues (Loire-Atlantique)', '<p>Une équipe de l’Inrap fouille une surface de 9000 m<sup>2</sup> face au château de Châteaubriant, entre la Place Charles de Gaulle, la rue de la gare et la rue Henri Dunant, en plein coeur du centre-ville. Les vestiges d\'ouvrages défensifs du XIII<sup>e</sup> siècle côtoient une tranchée abri en « zig-zag » datant de la Seconde Guerre mondiale.</p>', '2024-03-06 14:38:10', 'https://www.inrap.fr/le-passe-de-chateaubriant-explore-par-les-archeologues-loire-atlantique-17847', '2024-03-15 20:15:30', '2024-03-15 20:15:30', NULL),
(8607, 'Lettres d\'information - Archives', '<p>Archives de la lettre d\'information de l\'Inrap.</p>', '2024-03-06 14:27:24', 'https://www.inrap.fr/lettres-d-information-archives-11178', '2024-03-15 20:15:30', '2024-03-15 20:15:30', NULL),
(8608, 'Archéologie et société : les Archéocapsules', '<p>L\'Inrap développe ses Archéocapsules, un format d\'exposition mettant en perspective une question contemporaine éclairée par l\'archéologie. Au programme : archéologie des migrations, de la santé, de l\'esclavage, de l\'aménagement...</p>', '2024-03-06 14:07:10', 'https://www.inrap.fr/archeologie-et-societe-les-archeocapsules-13968', '2024-03-15 20:15:30', '2024-03-15 20:15:30', NULL),
(8609, 'Archéocapsule \"Archéologie de l\'esclavage colonial\" à La Réunion', '<p>En partenariat avec la direction des Affaires Culturelles de La Réunion, l\'archéocapsule \"Archéologie de l’esclavage colonial\" est présentée à la bibliothèque universitaire.</p>\n\n<p>Avec comme objectif commun, le partage et la transmission du savoir archéologique et de son apport à l’histoire, l’Inrap et la direction des affaires Culturelles de la Réunion, mutualisent leurs moyens et compétences pour la diffusion des archéocapsules. Ces expositions, conçues par l’Inrap, sont diffusées par la DAC sur l’ensemble du territoire de La Réunion pour sensibiliser le public. </p>', '2024-03-06 14:06:03', 'https://www.inrap.fr/archeocapsule-archeologie-de-l-esclavage-colonial-la-reunion-17843', '2024-03-15 20:15:30', '2024-03-15 20:15:30', NULL),
(8610, 'Momies, corps préservés, corps éternels', '<p>Le Muséum d’histoire naturelle de Toulouse présente « Momies, corps préservés, corps éternels », une exposition labellisée « L’Inrap a 20 ans ! ». Commissaire scientifique de l\'exposition, Patrice George (Inrap), revient sur cette pratique qui a concerné tous les continents, de la Préhistoire à nos jours.</p>', '2024-03-05 19:08:22', 'https://www.inrap.fr/momies-corps-preserves-corps-eternels-16978', '2024-03-15 20:15:30', '2024-03-15 20:15:30', NULL),
(8611, 'Fouille de l’église du couvent des Jacobins à Morlaix (Finistère)', '<p>Des archéologues de I\'Inrap mènent actuellement des fouilles archéologiques à l\'intérieur de l\'église du couvent des Jacobins et mettent au jour des vestiges de cet établissement religieux depuis sa fondation jusqu\'à la Révolution Française. La première phase de la fouille a livré 230 tombes, dont celle d\'un gouverneur de Morlaix, ainsi que de rares objets de dévotion.<br />\n </p>', '2024-03-04 16:56:49', 'https://www.inrap.fr/fouille-de-l-eglise-du-couvent-des-jacobins-morlaix-finistere-17849', '2024-03-15 20:15:30', '2024-03-15 20:15:30', NULL),
(8612, 'Des îles, des animaux et des hommes', '<p><strong>Avec <a href=\"https://www.radiofrance.fr/personnes/jean-denis-vigne\"><strong>Jean-Denis Vigne,</strong></a> archéozoologue, archéobotaniste, directeur de recherche émérite au laboratoire CNRS et Muséum \"Archéozoologie et Archéobotanique, Sociétés, pratiques et environnements\" (CNRS) au Muséum national d\'Histoire naturelle.</strong></p>', '2024-03-04 14:47:45', 'https://www.inrap.fr/des-iles-des-animaux-et-des-hommes-17838', '2024-03-15 20:15:30', '2024-03-15 20:15:30', NULL),
(8613, 'Mise en défense du port de La Rochelle et de ses abords (XIVe-XXe siècles) : l’enceinte du Gabut (Charente-Maritime, Nouvelle-Aquitaine)', 'Le projet de réaménagement des abords du Vieux Port de La Rochelle a nécessité la réalisation d’une fouille archéologique. Celle-ci s’est cantonnée à l’espace d’un parking situé au sud du havre hébergeant le port de la ville et a permis, entre autres, de mettre au jour l’arase d’une des enceintes rochelaises du XIVe siècle.', '2024-03-04 13:35:12', 'https://www.inrap.fr/dap/mise-en-defense-du-port-de-la-rochelle-et-de-ses-abords-xive-xxe-siecles-l-17846', '2024-03-15 20:15:30', '2024-03-15 20:15:30', NULL),
(8614, 'Archéologie des villae gallo-romaines en Hauts-de-France : où en est-on en 2024 ?', '<p>Journée d’étude organisée par l’Inrap et l’UMR Halma.</p>', '2024-03-04 08:46:18', 'https://www.inrap.fr/archeologie-des-villae-gallo-romaines-en-hauts-de-france-ou-en-est-en-2024-17633', '2024-03-15 20:15:30', '2024-03-15 20:15:30', NULL),
(8615, 'Projet d’atlas archéologique de la France', '<p>Par sa présence sur l’ensemble du territoire national, l’Inrap a depuis sa création engrangé une énorme documentation qui permet de retracer l’évolution du territoire depuis l’apparition de l’homme.</p>', '2024-03-01 17:17:22', 'https://www.inrap.fr/projet-d-atlas-archeologique-de-la-france-17845', '2024-03-15 20:15:30', '2024-03-15 20:15:30', NULL),
(8616, 'Manifestations scientifiques', '<p>Mise en ligne de communications réalisées dans le cadre de rencontres co-organisées par l\'institut.</p>', '2024-03-01 17:08:39', 'https://www.inrap.fr/manifestations-scientifiques-13977', '2024-03-15 20:15:30', '2024-03-15 20:15:30', NULL),
(8617, 'Séminaires scientifiques et techniques', '<div class=\"bloc-url video-link\">L’Inrap, par sa dimension nationale, a pour vocation de catalyser la réflexion sur les méthodes et les thèmes de recherches liés à l’archéologie préventive. En s’appuyant sur les expériences concrètes et les interrogations des différents acteurs de l’archéologie, la direction scientifique et technique de l\'institut a mis en place en 2017 des séminaires annuels associant services régionaux, collectivités, universités, établissements de recherche et Inrap.</div>', '2024-03-01 17:07:00', 'https://www.inrap.fr/seminaires-scientifiques-et-techniques-13136', '2024-03-15 20:15:30', '2024-03-15 20:15:30', NULL),
(8618, 'Recherches archéologiques', '<p>La collection « Recherches archéologiques » publie, à destination de la communauté scientifique, des monographies et des synthèses issues d’opérations d’archéologie préventive menées par l’Institut national de recherches archéologiques préventives.</p>', '2024-03-01 17:05:36', 'https://www.inrap.fr/collection-recherches-archeologiques-13933', '2024-03-15 20:15:30', '2024-03-15 20:15:30', NULL),
(8619, 'Rapport d’opération', '<p>Le rapport d’opération archéologique est un document administratif, scientifique et patrimonial, qui présente les résultats d’une opération et marque son achèvement.</p>', '2024-03-01 17:04:08', 'https://www.inrap.fr/rapport-d-operation-9855', '2024-03-15 20:15:30', '2024-03-15 20:15:30', NULL),
(8620, 'Éditions scientifiques', '<p>L’édition est l’un des vecteurs privilégiés de l’Inrap dans la diffusion des résultats de la recherche auprès de la communauté scientifique.</p>', '2024-03-01 17:02:48', 'https://www.inrap.fr/editions-scientifiques-9860', '2024-03-15 20:15:30', '2024-03-15 20:15:30', NULL),
(8621, 'Histoire de Nanterre : le regard de l\'archéologue (Hauts-de-Seine)', '<p>En misant sur l\'archéologie préventive, la ville de Nanterre et ses habitants ont retrouvé un riche passé : de possible capitale des <em>Parisii</em> aux abris de défense passive de la Seconde Guerre mondiale. Archéologue à l\'Inrap et Nanterrien, Nicolas Samuelian signe un <em>Mémoire de fouilles</em> consacré à cette histoire de la ville en devenir, s\'écrivant au fil des découvertes et des aménagements.</p>', '2024-03-01 14:46:11', 'https://www.inrap.fr/histoire-de-nanterre-le-regard-de-l-archeologue-hauts-de-seine-17837', '2024-03-15 20:15:30', '2024-03-15 20:15:30', NULL),
(8622, 'Archéologie d\'un moulin à vent à Sartrouville (Yvelines)', '<p>Une équipe de l\'Inrap fouille les fondations d\'un moulin à vent et de la maison d\'un meunier, un vestige rare d’une machine ayant pourtant joué un rôle prépondérant dans l’économie médiévale et moderne.</p>', '2024-02-29 10:00:09', 'https://www.inrap.fr/archeologie-d-un-moulin-vent-sartrouville-yvelines-17839', '2024-03-15 20:15:30', '2024-03-15 20:15:30', NULL),
(8623, 'Une saison « Archéologie et sport »', '<p>Existe-t-il des vestiges « sportifs » et une archéologie du sport est-elle possible ? En 2024, l’archéologie éclaire les jeux du stade ! L’Inrap consacre sa saison scientifique et culturelle à la thématique « Archéologie et sport » dans le cadre des Olympiades culturelles, en lien avec les Jeux olympiques et paralympiques (JOP). Les projets de cette saison favorisent une approche croisée et des passerelles entre sportifs et chercheurs, entre scientifiques et artistes, entre monde scientifique et associatif. </p>', '2024-02-29 09:52:39', 'https://www.inrap.fr/une-saison-archeologie-et-sport-17724', '2024-03-15 20:15:30', '2024-03-15 20:15:30', NULL),
(8624, 'Archéocapsule Inrap « Homo athleticus » - Rezé', '<p>Dans le cadre des Jeux olympiques et paralympiques 2024, Le Chronographe à Rezé célèbre le sport avec l’archéocapsule Inrap « Homo athleticus ».</p>', '2024-02-28 14:07:19', 'https://www.inrap.fr/archeocapsule-inrap-homo-athleticus-reze-17764', '2024-03-15 20:15:30', '2024-03-15 20:15:30', NULL),
(8625, 'Archéocapsule Inrap « Homo athleticus » - Arles', '<p>Dans le cadre des Jeux olympiques et paralympiques 2024, le musée départemental Arles antique célèbre le sport à travers l’archéocapsule Inrap « Homo athleticus ».</p>', '2024-02-28 14:06:58', 'https://www.inrap.fr/archeocapsule-inrap-homo-athleticus-arles-17766', '2024-03-15 20:15:30', '2024-03-15 20:15:30', NULL),
(8626, 'Archéocapsule Inrap « Homo athleticus » - Saint-Dizier', '<p>Dans le cadre des Jeux olympiques et paralympiques 2024, le musée de la Ville de Saint-Dizier célèbre le sport à travers l’archéocapsule Inrap « Homo athleticus ».</p>', '2024-02-28 14:05:45', 'https://www.inrap.fr/archeocapsule-inrap-homo-athleticus-saint-dizier-17768', '2024-03-15 20:15:30', '2024-03-15 20:15:30', NULL),
(8627, 'Archéocapsule \"Archéologie migration \" à La Réunion', '<p>En partenariat avec la direction des Affaires Culturelles de La Réunion, l\'archéocapsule \"Archéologie des migrations\" est présentée à la bibliothèque Alain Peters.</p>', '2024-02-28 13:51:40', 'https://www.inrap.fr/archeocapsule-archeologie-migration-la-reunion-17842', '2024-03-15 20:15:30', '2024-03-15 20:15:30', NULL),
(8628, 'L’humanité, une longue histoire de migrations', '<p>Dans le cadre de sa programmation culturelle 2024 « frontières historiques et frontières artistiques », la forteresse de Salses présente en partenariat avec l’Inrap, l\'exposition archéocapsule « L’Humanité, une longue histoire de migrations ».</p>', '2024-02-28 13:29:21', 'https://www.inrap.fr/l-humanite-une-longue-histoire-de-migrations-17840', '2024-03-15 20:15:30', '2024-03-15 20:15:30', NULL),
(8629, 'Salon des collégiens', '', '2024-02-28 11:27:10', 'https://www.inrap.fr/salon-des-collegiens-17841', '2024-03-15 20:15:30', '2024-03-15 20:15:30', NULL),
(8630, 'La Somme des Préhistoires – Un territoire, notre histoire', '<p>L\'exposition s’appuie sur un comité scientifique de spécialistes de l’Inrap, du Centre national de la recherche scientifique (CNRS), du service régional de l’archéologie (DRAC) des Hauts-de-France, et du Muséum national d’Histoire naturelle.</p>', '2024-02-28 10:49:15', 'https://www.inrap.fr/la-somme-des-prehistoires-un-territoire-notre-histoire-17836', '2024-03-15 20:15:30', '2024-03-15 20:15:30', NULL),
(8631, 'Pourquoi l’Europe fut-elle conquise si tard par l’Homme ?', '<p><strong>Avec <strong>Marie-Hélène Moncel, d</strong>irectrice de recherche au CNRS, laboratoire \"Histoire Naturelle de l\'Homme Préhistorique\" au Museum national d\'histoire naturelle.</strong></p>', '2024-02-27 09:19:36', 'https://www.inrap.fr/pourquoi-l-europe-fut-elle-conquise-si-tard-par-l-homme-17835', '2024-03-15 20:15:30', '2024-03-15 20:15:30', NULL),
(8632, 'Diagnostic archéologique : qu’ont donné les fouilles de l’Inrap dans les cours du château de Lunéville ?', '<p>Le diagnostic archéologique des cours entrepris en 2022 a permis la mise au jour d\'occupations humaines du Moyen Âge et de l\'époque moderne. Les découvertes portent notamment sur les châteaux qui se sont succédés de l\'An Mil au 18<sup>e</sup> s. Un quartier d\'habitations de la vieille-ville d\'origine médiévale, détruit par les grands travaux du château voulu par le Duc Léopold (1701-1706), a également été étudié.</p>', '2024-02-26 17:00:32', 'https://www.inrap.fr/diagnostic-archeologique-qu-ont-donne-les-fouilles-de-l-inrap-dans-les-cours-du-17814', '2024-03-15 20:15:30', '2024-03-15 20:15:30', NULL),
(8633, 'Les délégations de signature accordées par le président de l’Inrap', '<p>Le président de l’Inrap confie aux directeurs du siège, directeurs régionaux et interrégionaux ainsi qu\'à leurs principaux collaborateurs la signature de certains actes qu’il n’est pas en mesure d’effectuer du fait notamment des contraintes de délais et d\'éloignement géographique.</p>', '2024-02-26 16:52:44', 'https://www.inrap.fr/les-delegations-de-signature-accordees-par-le-president-de-l-inrap-9762', '2024-03-15 20:15:30', '2024-03-15 20:15:30', NULL),
(8634, 'Les délégations de signature accordées par le président de l’Inrap - Archives', '<p>La délégation de signature est un acte réglementaire qui décharge matériellement le délégant de l’exercice de certaines de ses attributions, mais ne le décharge pas de ses compétences et responsabilités, contrairement à la délégation de pouvoir.</p>', '2024-02-26 16:48:28', 'https://www.inrap.fr/les-delegations-de-signature-accordees-par-le-president-de-l-inrap-archives-11925', '2024-03-15 20:15:30', '2024-03-15 20:15:30', NULL),
(8635, 'De la fouille au musée Sainte-Croix (Vienne)', '<p>À Poitiers, le musée Sainte-Croix renouvelle et agrandit ses espaces consacrés au Moyen Âge et au début des Temps modernes. Du V<sup>e</sup> au XVII<sup>e</sup> siècle, treize siècles de production artisanale et artistique sont ainsi mis à l’honneur, dont le mobilier mis au jour par l\'Inrap à l\'occasion de la fouille des terrains de l\'ancienne abbaye Sainte-Croix (2005), présenté pour la première fois au public.</p>', '2024-02-26 16:19:41', 'https://www.inrap.fr/de-la-fouille-au-musee-sainte-croix-vienne-17821', '2024-03-15 20:15:30', '2024-03-15 20:15:30', NULL),
(8636, 'Du Néolithique ancien à l\'âge du Fer à Aubagne (Bouches-du-Rhône)', '<p>Une équipe de l’Inrap a fouillé, sur prescription de l’État (Drac PACA), une surface de 7300m² sur le site du chemin des Passons à Aubagne. 455 structures archéologiques s\'étalant du Néolithique ancien au premier âge du Fer sont apparues stratifiées au sein de trois niveaux sédimentaires.</p>', '2024-02-26 13:21:01', 'https://www.inrap.fr/du-neolithique-ancien-l-age-du-fer-aubagne-bouches-du-rhone-17813', '2024-03-15 20:15:30', '2024-03-15 20:15:30', NULL),
(8637, 'Travaux, bilans de mandature et motions', '<p>Travaux et  délibérations, bilans de mandature, motions spéciales.</p>', '2024-02-26 07:58:33', 'https://www.inrap.fr/travaux-bilans-de-mandature-et-motions-14217', '2024-03-15 20:15:30', '2024-03-15 20:15:30', NULL),
(8638, 'Calendrier 2024', '<p>Dates retenues pour l\'année 2024.</p>', '2024-02-26 07:57:57', 'https://www.inrap.fr/calendrier-2024-13540', '2024-03-15 20:15:30', '2024-03-15 20:15:30', NULL),
(8639, 'Conseil scientifique', '<p>Une des principales instances de fonctionnement de l’Inrap garante d’une activité de qualité en matière de recherche et de valorisation des résultats.</p>', '2024-02-26 07:56:02', 'https://www.inrap.fr/conseil-scientifique-9833', '2024-03-15 20:15:30', '2024-03-15 20:15:30', NULL),
(8640, 'Le chantier de Notre-Dame de Paris : expériences et perspectives pour la péninsule arabique', '<p>À la croisée des disciplines, cette conférence scientifique portera sur les différentes étapes de la restauration de la cathédrale depuis les premières mesures prises au moment de l’incendie jusqu’aux recherches archéologiques menées par la suite pendant le chantier.</p>\n\n<p>Christophe Besnier et Hélène Civalleri, archéologues à l\'Inrap y participeront.</p>', '2024-02-23 15:26:17', 'https://www.inrap.fr/le-chantier-de-notre-dame-de-paris-experiences-et-perspectives-pour-la-peninsule-17832', '2024-03-15 20:15:30', '2024-03-15 20:15:30', NULL),
(8641, 'D\'un monde à l\'autre', '<p>L’exposition <em>D\'un Monde à l\'Autre. Autun de l\'Antiquité au Moyen Âge</em> dévoile l\'histoire d’une cité emblématique sur près de mille ans. Présentée pour la première fois à Autun en 2022, l\'exposition est cette fois adaptée aux espaces du musée d\'Archéologie nationale, avec le soutien de l\'Inrap, du Musée Rolin et de la Ville d’Autun.</p>', '2024-02-23 10:01:04', 'https://www.inrap.fr/d-un-monde-l-autre-17771', '2024-03-15 20:15:30', '2024-03-15 20:15:30', NULL),
(8642, '106 rue Voltaire à Sartrouville', '', '2024-02-23 09:51:31', 'https://www.inrap.fr/106-rue-voltaire-sartrouville-17802', '2024-03-15 20:15:30', '2024-03-15 20:15:30', NULL),
(8643, 'Avec le Louvre, l\'Inrap fouille la ville antique de Gabies (Latium, Italie)', '<p>À l\'occasion de sa conférence au musée du Louvre, ce lundi 19 février, avec Martin Szewczyk, conservateur au département des Antiquités grecques, étrusques et romaines du musée du Louvre, Steve Glisoni, responsable de recherche archéologique à l\'Inrap,  revient sur les fouilles qu\'il dirige à Gabies, dans le cadre d\'un partenariat scientifique des deux établissements.</p>', '2024-02-23 09:32:25', 'https://www.inrap.fr/avec-le-louvre-l-inrap-fouille-la-ville-antique-de-gabies-latium-italie-17828', '2024-03-15 20:15:30', '2024-03-15 20:15:30', NULL),
(8644, 'ZAC du Coquelicot 2 à Méaulte', '', '2024-02-22 15:24:32', 'https://www.inrap.fr/zac-du-coquelicot-2-meaulte-17834', '2024-03-15 20:15:30', '2024-03-15 20:15:30', NULL),
(8645, 'Le tir à l’arc au Néolithique, un geste aux finalités multiples', '<p>En écho aux Jeux olympiques et paralympiques d’Été 2024 organisés par Paris, la BnF consacre son cycle annuel « De la fouille à l’écriture de l’histoire » à l’archéologie du sport, en partenariat avec l\'Inrap. Cette séance s’intéresse à l’archerie au Néolithique.</p>', '2024-02-22 14:41:35', 'https://www.inrap.fr/le-tir-l-arc-au-neolithique-un-geste-aux-finalites-multiples-17791', '2024-03-15 20:15:30', '2024-03-15 20:15:30', NULL),
(8646, '4000 ans d\'histoire à Méaulte et Bécordel-Bécourt (Somme)', '<p>À Méaulte-Bécordel-Bécourt, sur la zone d\'activités du pays du coquelicot, les archéologues ont mis au jour des vestiges néolithiques, gaulois et gallo-romains, parmi lesquels des sépultures et une villa romaine.</p>', '2024-02-22 11:36:04', 'https://www.inrap.fr/4000-ans-d-histoire-meaulte-et-becordel-becourt-somme-17833', '2024-03-15 20:15:30', '2024-03-15 20:15:30', NULL),
(8647, 'Les sacrifiés d’El Niño', '<p><strong>Avec <strong>Nicolas Goepfert, </strong><strong>a</strong>rchéozoologue, chargé de recherches et directeur du laboratoire ArchAm (Archéologie des Amériques) au CNRS et <strong>Élise Dufour,</strong> maîtresse de conférences au Muséum national d\'Histoire naturelle, au laboratoire Archéozoologie, archéobotanique : sociétés, pratiques et environnements.</strong></p>', '2024-02-22 11:29:15', 'https://www.inrap.fr/les-sacrifies-d-el-nino-17817', '2024-03-15 20:15:30', '2024-03-15 20:15:30', NULL),
(8648, 'Fumier, bouses et guano : ordures ou or brun ? – 44èmes Rencontres Internationales d’Archéologie et d’Histoire de Nice Côte d’Azur', '<p>Organisées du 15 au 17 octobre 2024, par .Claire Delhon (CEPAM, Nice), Lionel Gourichon (CEPAM, Nice), Lucie Martin (Université de Genève & Edytem, Chambéry) avec l’appui du CEPAM, du Service Archéologie Nice Côte d’Azur (SANCA) et de l’Association pour la promotion et la diffusion des connaissances archéologiques (APDCA).</p>', '2024-02-22 08:02:38', 'https://www.inrap.fr/fumier-bouses-et-guano-ordures-ou-or-brun-44emes-rencontres-internationales-d-17831', '2024-03-15 20:15:30', '2024-03-15 20:15:30', NULL),
(8649, 'La vie des premiers colons à Saint-Pierre de La Réunion', '<p>À Saint-Pierre de la Réunion, amont de la construction de la nouvelle cité administrative de la ville, une équipe de L\'Inrap a pu mettre en évidence une succession d\'occupations humaines, du XVIII° et du XIX° siècle. La découverte des fondations d\'un moulin à vent et d\'une batterie de défense témoigne d\'une activité économique et militaire au temps des premiers colons. </p>', '2024-02-21 13:28:44', 'https://www.inrap.fr/la-vie-des-premiers-colons-saint-pierre-de-la-reunion-17697', '2024-03-15 20:15:30', '2024-03-15 20:15:30', NULL),
(8650, 'L\'abbaye de Beaumont à Tours (Indre-et-Loire)', '<p>Une équipe de l’Inrap et du Service archéologique départemental d’Indre-et-Loire (Sadil) mettent au jour l’abbaye de Beaumont-lès-Tours, la plus importante et durable communauté religieuse de Touraine. Cette fouille constitue l’opportunité, exceptionnelle en Europe, d’appréhender la totalité d’un établissement monastique.</p>', '2024-02-21 13:28:17', 'https://www.inrap.fr/l-abbaye-de-beaumont-tours-indre-et-loire-17475', '2024-03-15 20:15:30', '2024-03-15 20:15:30', NULL),
(8651, 'La nécropole de Lutèce à Port-Royal (Paris)', '<p>À l’occasion de la création d’une nouvelle sortie de la gare « Port Royal » du RER B, une fouille a été menée par les archéologues de l\'Inrap. La fouille porte sur une parcelle de 200m<sup>2</sup> où de nombreuses sépultures ont été mises au jour, datant du II<sup>e</sup> siècle de notre ère.</p>\n\n<p><a href=\"https://www.inrap.fr/redecouverte-d-une-necropole-de-lutece-paris-17191\" target=\"_blank\">Pour plus d\'informations </a></p>', '2024-02-21 13:27:54', 'https://www.inrap.fr/la-necropole-de-lutece-port-royal-paris-17323', '2024-03-15 20:15:30', '2024-03-15 20:15:30', NULL),
(8652, 'Vestiges du Néolithique ancien à Châteaugiron (Ille-et-Vilaine)', '<p>Au Grand Launay à Châteaugiron, en amont de l’aménagement d’un nouveau quartier par le Groupe Giboire, une équipe de l\'Inrap a pu mettre en évidence une succession d’occupations humaines, du Néolithique au haut Moyen Âge. Cette opération, menée sur une surface de plusieurs hectares, permet d’étudier un ensemble néolithique situé à proximité d\'une ancienne voie romaine.</p>', '2024-02-21 13:27:33', 'https://www.inrap.fr/vestiges-du-neolithique-ancien-chateaugiron-ille-et-vilaine-17369', '2024-03-15 20:15:30', '2024-03-15 20:15:30', NULL),
(8653, 'Vivre et travailler à Lutèce au Ier siècle après Jésus-Christ', '<p>Sous la célèbre École des mines de Paris se cache un quartier de l\'antique Lutèce. À l\'époque gallo-romaine, les artisans vivent en périphérie des villes, notamment pour des raisons de sécurité. C\'était le cas pour les forgerons installés ici et dont les traces de l\'activité et de la vie quotidienne ont été exhumées.</p>', '2024-02-21 13:26:51', 'https://www.inrap.fr/vivre-et-travailler-lutece-au-ier-siecle-apres-jesus-christ-17698', '2024-03-15 20:15:30', '2024-03-15 20:15:30', NULL),
(8654, 'Un établissement vinicole au bord du Rhône (Laveyron)', '<p>D\'où vient le Vinum Picatum ? </p>', '2024-02-21 13:26:21', 'https://www.inrap.fr/un-etablissement-vinicole-au-bord-du-rhone-laveyron-17713', '2024-03-15 20:15:30', '2024-03-15 20:15:30', NULL),
(8655, 'L’abbaye de Beaumont à Tours : une histoire retracée par l’archéologie (Indre-et-Loire)', '<p>Une équipe de l’Inrap et du Service archéologique départemental d’Indre-et-Loire (Sadil) mettent au jour l’abbaye de Beaumont-lès-Tours, la plus importante et durable communauté religieuse de Touraine. Cette fouille constitue l’opportunité, exceptionnelle en Europe, d’appréhender la totalité d’un établissement monastique.</p>', '2024-02-21 13:24:30', 'https://www.inrap.fr/l-abbaye-de-beaumont-tours-une-histoire-retracee-par-l-archeologie-indre-et-17274', '2024-03-15 20:15:30', '2024-03-15 20:15:30', NULL),
(8656, 'Redécouverte d’une nécropole de Lutèce (Paris)', '<p>À l’occasion de la création d’une nouvelle sortie pour les usagers de la gare « Port Royal » du RER B, une fouille archéologique préventive a été prescrite par les services de l’État (Drac Île-de-France). Ces recherches menées par les archéologues de l’Inrap portent sur une parcelle de 200 m<sup>2</sup> où les sépultures d’une grande nécropole, implantée au sud de Lutèce au II<sup>e</sup> siècle de notre ère, sont étudiées.</p>', '2024-02-21 13:24:18', 'https://www.inrap.fr/redecouverte-d-une-necropole-de-lutece-paris-17191', '2024-03-15 20:15:30', '2024-03-15 20:15:30', NULL),
(8657, 'À Châteaugiron, 6 000 ans d’histoire révélés par les archéologues (Ille-et-Vilaine)', '<p>Au Grand Launay à Châteaugiron, en amont de l’aménagement d’un nouveau quartier par le Groupe Giboire, une équipe de l\'Inrap a pu mettre en évidence une succession d’occupations humaines, du Néolithique au haut Moyen Âge, révélant plus de 6 000 ans d’histoire. Le site sera exceptionnellement ouvert au public les 17 et 18 juin, à l’occasion des Journées européennes de l’archéologie. </p>', '2024-02-21 13:23:59', 'https://www.inrap.fr/chateaugiron-6-000-ans-d-histoire-reveles-par-les-archeologues-ille-et-vilaine-17278', '2024-03-15 20:15:30', '2024-03-15 20:15:30', NULL),
(8658, 'Des vestiges du XVIIIe et XIXe siècles à Saint-Pierre (La Réunion)', '<p>Une fouille de l\'Inrap a permis de mettre en évidence un moulin, des constructions sur trous de poteau du XVIII<sup>e</sup> siècle antérieurs au creusement du port de Saint Pierre dans les années 1850. Des entrepôts du XIX<sup>e</sup> siècle détruits par un incendie ont également été fouillés.</p>', '2024-02-21 13:23:53', 'https://www.inrap.fr/des-vestiges-du-xviiie-et-xixe-siecles-saint-pierre-la-reunion-17257', '2024-03-15 20:15:30', '2024-03-15 20:15:30', NULL),
(8659, 'Une occupation antique à l’École des Mines de Paris', '<p>L’Inrap et la Ville de Paris (Département Histoire de l’Architecture et Archéologie - DHAAP) fouillent une parcelle de 300 m²  à l’École des mines de Paris en amont de l\'aménagement d\'un nouveau bâtiment. Les archéologues cherchent à préciser quand et comment était occupé cet espace à l’époque gallo-romaine.</p>', '2024-02-21 13:23:39', 'https://www.inrap.fr/une-occupation-antique-l-ecole-des-mines-de-paris-17455', '2024-03-15 20:15:30', '2024-03-15 20:15:30', NULL),
(8660, 'Un site antique monumental à Reims (Marne)', '<p>Des archéologues de l\'Inrap ont mis au jour un ensemble monumental des II<sup>e</sup> et III<sup>e</sup> siècles à Reims (Marne), a proximité de la porte de Mars, vestige romain emblématique de la ville. De nombreuses pièces dotées d\'un systèmes de chauffage par le sol (hypocauste) ont été découvertes ainsi qu\'un ensemble d\'enduits peints richement décorés.</p>', '2024-02-21 09:46:43', 'https://www.inrap.fr/un-site-antique-monumental-reims-marne-17260', '2024-03-15 20:15:30', '2024-03-15 20:15:30', NULL),
(8661, 'Villers-Cotterêts : le château médiéval révélé', '<p>Villers-Cotterêts : lorsqu’un château en cache d’autres</p>\n\n<p>Depuis deux ans et demi, les archéologues de l’Inrap suivent les travaux de restauration de cet édifice qui accueillera prochainement la Cité internationale de la langue française. Grâce aux fouilles menées, de nombreux éléments du château médiéval qui a précédé celui de François Ier ont pu être mis au jour dont, notamment une tour porche et un pont-levis. Ces découvertes offrent également une explication à la mystérieuse asymétrie de la façade Renaissance et permettent de retracer l’évolution du château sur une période de 900 ans d’histoire.</p>\n\n\n\n<p>Aménagement</p>\n\n<p>Centre des monuments nationaux</p>', '2024-02-21 09:46:18', 'https://www.inrap.fr/villers-cotterets-le-chateau-medieval-revele-17087', '2024-03-15 20:15:31', '2024-03-15 20:15:31', NULL);
INSERT INTO `article` (`id`, `title`, `description`, `publicationDate`, `link`, `createdAt`, `updatedAt`, `media_id`) VALUES
(8662, 'Découverte d’un site monumental des IIe-IIIe siècles à Reims (Marne)', '<p>À Reims, une équipe d’archéologues de l’Inrap menant une fouille dans le quartier Sernam / Boulingrin, vient de révéler un site monumental antique des II<sup>e</sup>-III<sup>e</sup> siècles. Sa localisation, à une centaine de mètres de la Porte de Mars qui est le plus grand arc conservé du monde romain, ainsi que le caractère monumental des vestiges mis au jour, suscitent un fort intérêt archéologique.</p>', '2024-02-21 09:45:55', 'https://www.inrap.fr/decouverte-d-un-site-monumental-des-iie-iiie-siecles-reims-marne-17120', '2024-03-15 20:15:31', '2024-03-15 20:15:31', NULL),
(8663, 'Fin des fouilles archéologiques au château de Villers-Cotterêts (Aisne)', '<p>Les archéologues de l’Inrap accompagnent depuis mars 2020 la rénovation du château de Villers-Cotterêts portée par le Centre des monuments nationaux (CMN). L’inauguration de la Cité internationale de la langue française qui s’installera au sein du château est annoncée en 2023. La rénovation s’achève et les archéologues quittent le terrain après trois ans de fouille et d’étude de l’édifice. Un chantier archéologique hors norme.</p>', '2024-02-21 09:45:34', 'https://www.inrap.fr/fin-des-fouilles-archeologiques-au-chateau-de-villers-cotterets-aisne-17190', '2024-03-15 20:15:31', '2024-03-15 20:15:31', NULL),
(8664, 'L\'Inrap et le Centre des monuments nationaux renforcent leur collaboration', '<p>Mardi 20 février 2024, Dominique Garcia, président de l’Inrap, et Marie Lavandier, présidente du Centre des monuments nationaux (CMN), ont renouvelé, en présence de Daniel Guérin, directeur général de l’Inrap, et de Delphine Samsoen, directrice générale du CMN, leur convention-cadre afin de renforcer la collaboration scientifique et culturelle des deux établissements.</p>', '2024-02-21 09:03:47', 'https://www.inrap.fr/l-inrap-et-le-centre-des-monuments-nationaux-renforcent-leur-collaboration-17820', '2024-03-15 20:15:31', '2024-03-15 20:15:31', NULL),
(8665, 'Chemin du plan à Entraigues-sur-la-Sorgue', '', '2024-02-20 16:59:06', 'https://www.inrap.fr/chemin-du-plan-entraigues-sur-la-sorgue-17829', '2024-03-15 20:15:31', '2024-03-15 20:15:31', NULL),
(8666, 'Chemin des Passons à Aubagne', '', '2024-02-20 16:56:51', 'https://www.inrap.fr/chemin-des-passons-aubagne-17830', '2024-03-15 20:15:31', '2024-03-15 20:15:31', NULL),
(8667, 'Des vestiges du premier âge du Fer au haut Moyen Âge à Entraigues-sur-la-Sorgue (Vaucluse)', '<p>Préalablement au projet d’aménagement d’un centre pénitentiaire situé à la ZAC du Plan à Entraigues-sur-la-Sorgue, une équipe de l\'Inrap, en association avec le Service archéologique départemental du Vaucluse (SADV), a fouillé une superficie de 1,2 hectare et mis au jour des vestiges du premier âge du Fer ainsi qu’une occupation continue de l’Antiquité tardive au haut Moyen Âge.</p>', '2024-02-20 16:51:27', 'https://www.inrap.fr/des-vestiges-du-premier-age-du-fer-au-haut-moyen-age-entraigues-sur-la-sorgue-17809', '2024-03-15 20:15:31', '2024-03-15 20:15:31', NULL),
(8668, 'L\'histoire de l\'élevage et de l\'alimentation carnée en Lorraine, l\'apport de l\'archéozoologie', '<p>En fonction de leur besoin et de leur goût, les hommes n\'ont pas toujours élevé et consommé les mêmes animaux. L\'étude archéozoologique des ossements animaux apporte des informations pour mieux caractériser les populations et ainsi comprendre l\'évolution de leur organisation économique et culinaire. </p>', '2024-02-20 16:01:16', 'https://www.inrap.fr/l-histoire-de-l-elevage-et-de-l-alimentation-carnee-en-lorraine-l-apport-de-l-17784', '2024-03-15 20:15:31', '2024-03-15 20:15:31', NULL),
(8669, 'De la préhistoire et du sable à Decize (Nièvre)', '<p>Dans des formations de sable éolisées, les équipes de l’Inrap ont mis au jour des vestiges de différentes périodes et notamment de la Préhistoire.</p>', '2024-02-20 15:56:31', 'https://www.inrap.fr/de-la-prehistoire-et-du-sable-decize-nievre-17826', '2024-03-15 20:15:31', '2024-03-15 20:15:31', NULL),
(8670, 'Les métamorphoses de Blois', '<p>L\'Inrap mène une fouille d\'importance sur l’îlot Saint-Vincent à Blois depuis octobre 2021, où la ville antique, médiévale et moderne refait surface. La mise en évidence d\'un jeu de paume témoigne de la métamorphose de Blois en ville royale aux XV<sup>e</sup>-XVI<sup>e</sup> siècles.</p>', '2024-02-20 14:43:40', 'https://www.inrap.fr/les-metamorphoses-de-blois-16505', '2024-03-15 20:15:31', '2024-03-15 20:15:31', NULL),
(8671, 'La métamorphose de Blois en ville royale', '<p>L\'Inrap mène une fouille d\'importance en plein coeur de Blois depuis octobre 2021, où la ville antique, médiévale et moderne refait surface. La mise en évidence d\'un jeu de paume témoigne de la métamorphose de Blois en ville royale aux XVe-XVIe siècles.</p>', '2024-02-20 14:42:31', 'https://www.inrap.fr/la-metamorphose-de-blois-en-ville-royale-16507', '2024-03-15 20:15:31', '2024-03-15 20:15:31', NULL),
(8672, 'Un remarquable ensemble cultuel gallo-romain à La-Chapelle-des-Fougeretz', '<p>Les archéologues de l’Inrap fouillent, sur prescription de l’État (Drac Bretagne), plus de 7 hectares à la Chapelle-des-Fougeretz. Le chantier met en évidence un important sanctuaire gallo-romain. </p>', '2024-02-20 14:36:24', 'https://www.inrap.fr/un-remarquable-ensemble-cultuel-gallo-romain-la-chapelle-des-fougeretz-16537', '2024-03-15 20:15:31', '2024-03-15 20:15:31', NULL),
(8673, 'La Font de Mauguio, Les Aires de Saint-Jacques', '<p>A Mauguio, Hérault, le secteur des Aires de Saint-Jacques, déjà connu par les fouilles programmées d\'A. Parodi menées entre 1990 et 1992 et par les différentes opérations de diagnostic et de fouille réalisées par l\'Inrap entre 2000 et 2003, vient de faire l\'objet de trois nouveaux diagnostics.</p>', '2024-02-20 14:34:21', 'https://www.inrap.fr/la-font-de-mauguio-les-aires-de-saint-jacques-3520', '2024-03-15 20:15:31', '2024-03-15 20:15:31', NULL),
(8674, 'Une découverte majeure en Allemagne réécrit l’arrivée d’Homo sapiens en Europe', 'Notre compréhension de l’histoire d’Homo sapiens est encore pleine de surprise. En analysant d’anciens outils en pierre excavés en Allemagne, une équipe internationale d’archéologues a découvert que l’Homme moderne avait déjà atteint le nord-ouest de l’Europe il y a plus de &#8230; <a href=\"https://archipeldessciences.wordpress.com/2024/02/01/une-decouverte-majeure-en-allemagne-reecrit-larrivee-dhomo-sapiens-en-europe/\">Lire la suite <span class=\"meta-nav\">&#8594;</span></a>', '2024-02-01 21:13:12', 'https://archipeldessciences.wordpress.com/2024/02/01/une-decouverte-majeure-en-allemagne-reecrit-larrivee-dhomo-sapiens-en-europe/', '2024-03-15 20:15:31', '2024-03-15 20:15:31', 2861),
(8675, 'Un gigantesque crâne de pliosaure exceptionnellement bien conservé découvert en Angleterre', 'Un fossile de crâne de pliosaure exceptionnellement bien conservé — un monstre marin vivant il y a environ 150 millions d’années — a été mis au jour sur une plage du Dorset, dans le sud de l’Angleterre. L’imposant fossile mesure &#8230; <a href=\"https://archipeldessciences.wordpress.com/2023/12/14/un-gigantesque-crane-de-pliosaure-exceptionnellement-bien-conserve-decouvert-en-angleterre/\">Lire la suite <span class=\"meta-nav\">&#8594;</span></a>', '2023-12-14 17:01:46', 'https://archipeldessciences.wordpress.com/2023/12/14/un-gigantesque-crane-de-pliosaure-exceptionnellement-bien-conserve-decouvert-en-angleterre/', '2024-03-15 20:15:31', '2024-03-15 20:15:31', 2862),
(8676, 'De nouvelles preuves de populations humaines en Amérique du Sud il y a 27 000 ans', 'La découverte d&#8217;os sculptés datés d&#8217;environ 25 000 avant J.-C. relance le débat sur la présence de peuplades dans les Amériques durant la Préhistoire. La colonisation de l&#8217;Amérique par Homo sapiens de la fin du Pléistocène au début de l&#8217;Holocène, pendant la &#8230; <a href=\"https://archipeldessciences.wordpress.com/2023/08/09/de-nouvelles-preuves-de-populations-humaines-en-amerique-du-sud-il-y-a-27-000-ans/\">Lire la suite <span class=\"meta-nav\">&#8594;</span></a>', '2023-08-09 18:39:46', 'https://archipeldessciences.wordpress.com/2023/08/09/de-nouvelles-preuves-de-populations-humaines-en-amerique-du-sud-il-y-a-27-000-ans/', '2024-03-15 20:15:31', '2024-03-15 20:15:31', 2863),
(8677, 'Découverte d’un couloir secret dans la Grande Pyramide de Gizeh grâce aux rayons cosmiques', 'Construite il y a 4500 ans, sous le règne du pharaon Khufu, la Grande Pyramide est l’un des plus grands monuments archéologiques du monde et recèle encore aujourd’hui de nombreux mystères. Dans le cadre du projet ScanPyramids, initié en octobre &#8230; <a href=\"https://archipeldessciences.wordpress.com/2023/03/07/decouverte-dun-couloir-secret-dans-la-grande-pyramide-de-gizeh-grace-aux-rayons-cosmiques/\">Lire la suite <span class=\"meta-nav\">&#8594;</span></a>', '2023-03-07 14:49:07', 'https://archipeldessciences.wordpress.com/2023/03/07/decouverte-dun-couloir-secret-dans-la-grande-pyramide-de-gizeh-grace-aux-rayons-cosmiques/', '2024-03-15 20:15:31', '2024-03-15 20:15:31', 2864),
(8678, 'Un méga-tsunami a forcé les populations du Chili à rester éloignées des côtes pendant 1.000 ans', 'Il y a 3.800 ans, un séisme de magnitude 9,5 aurait engendré un méga-tsunami dévastateur pour les côtes chiliennes. Les populations préhistoriques se seraient réfugiées à l&#8217;intérieur des terres, conservant la mémoire de cette catastrophe durant près de 1.000 ans. &#8230; <a href=\"https://archipeldessciences.wordpress.com/2022/04/12/un-mega-tsunami-a-force-les-populations-du-chili-a-rester-eloignees-des-cotes-pendant-1-000-ans/\">Lire la suite <span class=\"meta-nav\">&#8594;</span></a>', '2022-04-12 16:27:27', 'https://archipeldessciences.wordpress.com/2022/04/12/un-mega-tsunami-a-force-les-populations-du-chili-a-rester-eloignees-des-cotes-pendant-1-000-ans/', '2024-03-15 20:15:31', '2024-03-15 20:15:31', 2865),
(8679, 'Stonehenge aurait été un calendrier solaire d’une très grande précision, révèle une étude', 'Les scientifiques voient depuis longtemps dans les pierres de Stonehenge, une sorte de calendrier néolithique. Sans pour autant avoir réussi à en comprendre réellement le fonctionnement. Aujourd&#8217;hui, des chercheurs pensent avoir enfin compris comment les plus imposantes de ces pierres &#8230; <a href=\"https://archipeldessciences.wordpress.com/2022/03/03/stonehenge-aurait-ete-un-calendrier-solaire-dune-tres-grande-precision-revele-une-etude/\">Lire la suite <span class=\"meta-nav\">&#8594;</span></a>', '2022-03-03 17:51:42', 'https://archipeldessciences.wordpress.com/2022/03/03/stonehenge-aurait-ete-un-calendrier-solaire-dune-tres-grande-precision-revele-une-etude/', '2024-03-15 20:15:31', '2024-03-15 20:15:31', 2866),
(8680, 'Un squelette découvert à Herculanum devrait apporter un nouvel éclairage sur l’éruption du Vésuve', 'En Italie, un squelette découvert à Herculanum, cité ensevelie sous la lave lors de l&#8217;éruption du Vésuve en l&#8217;an 79 en même temps que Pompéi, pourrait fournir un nouvel éclairage sur cette catastrophe, ainsi que l&#8217;a déclaré vendredi 15 octobre &#8230; <a href=\"https://archipeldessciences.wordpress.com/2021/10/18/un-squelette-decouvert-a-herculanum-devrait-apporter-un-nouvel-eclairage-sur-leruption-du-vesuve/\">Lire la suite <span class=\"meta-nav\">&#8594;</span></a>', '2021-10-18 15:24:52', 'https://archipeldessciences.wordpress.com/2021/10/18/un-squelette-decouvert-a-herculanum-devrait-apporter-un-nouvel-eclairage-sur-leruption-du-vesuve/', '2024-03-15 20:15:31', '2024-03-15 20:15:31', 2867),
(8681, 'À Pompéi, découverte d’un thermopolium, un fast-food antique, dans un état exceptionnel', 'À Pompéi, un fabuleux témoin de la vie dans la cité antique vient d&#8217;être présenté dans son entièreté pour la première fois. Il s&#8217;agit d&#8217;un stand de nourriture qui s&#8217;apparente à nos fast-food modernes. Si vous pensez que les fast-food &#8230; <a href=\"https://archipeldessciences.wordpress.com/2020/12/29/a-pompei-decouverte-dun-thermopolium-un-fast-food-antique-dans-un-etat-exceptionnel/\">Lire la suite <span class=\"meta-nav\">&#8594;</span></a>', '2020-12-29 17:12:49', 'https://archipeldessciences.wordpress.com/2020/12/29/a-pompei-decouverte-dun-thermopolium-un-fast-food-antique-dans-un-etat-exceptionnel/', '2024-03-15 20:15:31', '2024-03-15 20:15:31', 2868),
(8682, 'Pérou : un géoglyphe de chat découvert dans le désert de Nazca', 'Ce géoglyphe d&#8217;un chat aux oreilles pointues d&#8217;environ 37 mètres de long a été récemment sorti de l&#8217;oubli, ses lignes ayant pu être repérées par un survol de drones. Un nouveau géoglyphe, vieux de plus de 2.000 ans et représentant &#8230; <a href=\"https://archipeldessciences.wordpress.com/2020/10/21/perou-un-geoglyphe-de-chat-decouvert-dans-le-desert-de-nazca/\">Lire la suite <span class=\"meta-nav\">&#8594;</span></a>', '2020-10-21 13:21:59', 'https://archipeldessciences.wordpress.com/2020/10/21/perou-un-geoglyphe-de-chat-decouvert-dans-le-desert-de-nazca/', '2024-03-15 20:15:31', '2024-03-15 20:15:31', 2869),
(8683, 'Près de soixante sarcophages en parfait état découverts en Égypte', 'Des dizaines de sarcophages ont été récemment découverts sur le vaste site de Saqqarah, au sud du Caire. Ces cercueils en bois, scellés il y a plus de 2500 ans, sont en relativement bon état et les archéologues se réjouissent &#8230; <a href=\"https://archipeldessciences.wordpress.com/2020/10/05/pres-de-soixante-sarcophages-en-parfait-etat-decouverts-en-egypte/\">Lire la suite <span class=\"meta-nav\">&#8594;</span></a>', '2020-10-05 16:35:33', 'https://archipeldessciences.wordpress.com/2020/10/05/pres-de-soixante-sarcophages-en-parfait-etat-decouverts-en-egypte/', '2024-03-15 20:15:31', '2024-03-15 20:15:31', 2870),
(8684, 'Apnée 35- formation optionnelle apnée ( passerelle )23&24 mars2024', '<p><img width=\"300\" height=\"59\" src=\"https://www.cibpl.fr/wp-content/uploads/2024/01/IMG_0022-300x59.png\" class=\"attachment-medium size-medium wp-post-image\" alt=\"\" decoding=\"async\" srcset=\"https://www.cibpl.fr/wp-content/uploads/2024/01/IMG_0022-300x59.png 300w, https://www.cibpl.fr/wp-content/uploads/2024/01/IMG_0022-1024x201.png 1024w, https://www.cibpl.fr/wp-content/uploads/2024/01/IMG_0022-768x151.png 768w, https://www.cibpl.fr/wp-content/uploads/2024/01/IMG_0022-672x132.png 672w, https://www.cibpl.fr/wp-content/uploads/2024/01/IMG_0022-480x94.png 480w, https://www.cibpl.fr/wp-content/uploads/2024/01/IMG_0022.png 1469w\" sizes=\"(max-width: 300px) 100vw, 300px\" /></p>Encadrants, Apprenez les compléments de formateur de la pratique de l&#8217;apnée. Cette formation est ouverte à tous les cadres de la technique et des autres commissions et ne nécessite pas des performances élevées en apnée (d’autant que légalement, les cadres techniques disposent déjà de l’équivalence de prérogative). Le RIFA-Apnée sera certes validé pendant le WE, mais rien de compliqué par [&hellip;]', '2024-01-31 12:57:16', 'https://www.cibpl.fr/nage-en-eau-vive/apnee-35-formation-optionnelle-apnee-passerelle-2324-mars2024/', '2024-03-15 20:15:31', '2024-03-15 20:15:31', NULL),
(8685, 'CODEP 85 FORMATIONS 2024', '<p><img width=\"300\" height=\"225\" src=\"https://www.cibpl.fr/wp-content/uploads/2020/04/92166-OJNW4D-653-300x225.jpg\" class=\"attachment-medium size-medium wp-post-image\" alt=\"\" decoding=\"async\" fetchpriority=\"high\" srcset=\"https://www.cibpl.fr/wp-content/uploads/2020/04/92166-OJNW4D-653-300x225.jpg 300w, https://www.cibpl.fr/wp-content/uploads/2020/04/92166-OJNW4D-653-100x75.jpg 100w, https://www.cibpl.fr/wp-content/uploads/2020/04/92166-OJNW4D-653-360x270.jpg 360w, https://www.cibpl.fr/wp-content/uploads/2020/04/92166-OJNW4D-653.jpg 400w\" sizes=\"(max-width: 300px) 100vw, 300px\" /></p>Bonjour à toutes et tous, FORMATIONS 2024  N4 ou GP  Contact : benoit.marelle@outlook.fr  Dates carrière de 9h00 à 12h00 16/12,   13/01,   20/01,   03/02,   10/02,   16/03,   23/03,   06/04,   13/04   2024 PSC1 : 8, 15, 22 janvier ou 9,16, 23 janvier 2024. Contact Gaëtanne       Contact :  g.bonnaudet@gmail.com RIFAP : 11, 18 janvier et 1 février en piscine La Roche     [&hellip;]', '2023-05-11 12:08:40', 'https://www.cibpl.fr/ffessm-vendee/nage-avec-palmes-24-et-25-juin-la-roche-sur-yon/', '2024-03-15 20:15:32', '2024-03-15 20:15:32', NULL),
(8686, 'NAVIGATION 4 cours de grande qualité début 2023 à RENNES', '<p><img width=\"300\" height=\"221\" src=\"https://www.cibpl.fr/wp-content/uploads/2022/12/instruments-de-navigation-maritime-bt69rc-300x221-1.jpg\" class=\"attachment-medium size-medium wp-post-image\" alt=\"\" decoding=\"async\" /></p>18 janvier 2023 1er février 2023, 8 mars et 12 avril, plus d &#8216;infos sur le site du RSSM 4 cours navigation de grande qualité, 2023', '2022-12-28 18:28:07', 'https://www.cibpl.fr/ctrbpl/navigation-4-cours-de-grande-qualite-debut-2023-a-rennes/', '2024-03-15 20:15:32', '2024-03-15 20:15:32', NULL),
(8687, 'Sortie Archéo avec le CODEP 56', '<p><img width=\"300\" height=\"169\" src=\"https://www.cibpl.fr/wp-content/uploads/2022/07/IMG_20220709_093932-300x169.jpg\" class=\"attachment-medium size-medium wp-post-image\" alt=\"\" decoding=\"async\" srcset=\"https://www.cibpl.fr/wp-content/uploads/2022/07/IMG_20220709_093932-300x169.jpg 300w, https://www.cibpl.fr/wp-content/uploads/2022/07/IMG_20220709_093932-1024x576.jpg 1024w, https://www.cibpl.fr/wp-content/uploads/2022/07/IMG_20220709_093932-768x432.jpg 768w, https://www.cibpl.fr/wp-content/uploads/2022/07/IMG_20220709_093932-1536x864.jpg 1536w, https://www.cibpl.fr/wp-content/uploads/2022/07/IMG_20220709_093932-scaled.jpg 2048w, https://www.cibpl.fr/wp-content/uploads/2022/07/IMG_20220709_093932-672x378.jpg 672w, https://www.cibpl.fr/wp-content/uploads/2022/07/IMG_20220709_093932-480x270.jpg 480w\" sizes=\"(max-width: 300px) 100vw, 300px\" /></p>9 h00 samedi 9 juillet au port de Kernevel : 16 plongeuses et plongeurs embarquent sur le pneumatique Free Diver du club ASAL, direction le sud de Groix pour aller sur une épave par 12 m de fond. A bord, 4 club du Codep 56 : l’ASAL, le CSL, le CSA et le CSV. Classique, enfin pas tout à fait, [&hellip;]', '2022-07-18 15:19:27', 'https://www.cibpl.fr/ffessm-morbihan/sortie-archeo-avec-le-codep-56/', '2024-03-15 20:15:32', '2024-03-15 20:15:32', NULL),
(8688, 'Découvrir autrement les Épaves', '<p><img width=\"300\" height=\"225\" src=\"https://www.cibpl.fr/wp-content/uploads/2021/06/epaves-300x225.jpg\" class=\"attachment-medium size-medium wp-post-image\" alt=\"\" decoding=\"async\" srcset=\"https://www.cibpl.fr/wp-content/uploads/2021/06/epaves-300x225.jpg 300w, https://www.cibpl.fr/wp-content/uploads/2021/06/epaves-1024x768.jpg 1024w, https://www.cibpl.fr/wp-content/uploads/2021/06/epaves-768x576.jpg 768w, https://www.cibpl.fr/wp-content/uploads/2021/06/epaves-1536x1152.jpg 1536w, https://www.cibpl.fr/wp-content/uploads/2021/06/epaves-scaled.jpg 2048w, https://www.cibpl.fr/wp-content/uploads/2021/06/epaves-672x504.jpg 672w, https://www.cibpl.fr/wp-content/uploads/2021/06/epaves-480x360.jpg 480w, https://www.cibpl.fr/wp-content/uploads/2021/06/epaves-360x270.jpg 360w\" sizes=\"(max-width: 300px) 100vw, 300px\" /></p>Il y a de la nouveauté en 2021, un groupe de plongeurs passionnés d’archéologie a créé une façon originale de «Découvrir autrement les Épaves». Vous en avez assez de plonger sur une épave sans vraiment savoir et comprendre ce que est en face de vous ! Accompagné par l’équipe de la commission, le projet voit aujourd’hui le jour avec une [&hellip;]', '2021-06-25 20:59:17', 'https://www.cibpl.fr/ffessm-morbihan/decouvrir-autrement-les-epaves/', '2024-03-15 20:15:32', '2024-03-15 20:15:32', NULL),
(8689, 'Abonnez-vous à nos lettres d’information mensuelles', '<p><img width=\"300\" height=\"200\" src=\"https://www.cibpl.fr/wp-content/uploads/2021/04/3646374-300x200.jpg\" class=\"attachment-medium size-medium wp-post-image\" alt=\"\" decoding=\"async\" srcset=\"https://www.cibpl.fr/wp-content/uploads/2021/04/3646374-300x200.jpg 300w, https://www.cibpl.fr/wp-content/uploads/2021/04/3646374-1024x683.jpg 1024w, https://www.cibpl.fr/wp-content/uploads/2021/04/3646374-768x512.jpg 768w, https://www.cibpl.fr/wp-content/uploads/2021/04/3646374-1536x1024.jpg 1536w, https://www.cibpl.fr/wp-content/uploads/2021/04/3646374-672x448.jpg 672w, https://www.cibpl.fr/wp-content/uploads/2021/04/3646374-480x320.jpg 480w, https://www.cibpl.fr/wp-content/uploads/2021/04/3646374-405x270.jpg 405w, https://www.cibpl.fr/wp-content/uploads/2021/04/3646374.jpg 1600w\" sizes=\"(max-width: 300px) 100vw, 300px\" /></p>Restez informés de nos actualités en vous abonnant à l&#8217;une de nos newsletters. Chaque Département, chaque commission et chaque thématique peuvent être suivis en recevant automatiquement chaque mois le résumé des 30 derniers jours de publication. Si vous souhaitez être informé de manière générale, vous pouvez choisir la newsletter &#8220;CIBPL-FFESSM&#8221; qui est rédigée manuellement chaque mois. Retrouvez les listes d&#8217;abonnement [&hellip;]', '2021-04-28 07:09:55', 'https://www.cibpl.fr/nage-en-eau-vive/abonnez-vous-a-nos-lettres-dinformation-mensuelles/', '2024-03-15 20:15:32', '2024-03-15 20:15:32', NULL),
(8690, 'Décisions sanitaires pour le sport jusqu’au 20 janvier 2021', '<p><img width=\"300\" height=\"206\" src=\"https://www.cibpl.fr/wp-content/uploads/2020/09/coronavirus-illustration-300x206.jpg\" class=\"attachment-medium size-medium wp-post-image\" alt=\"\" decoding=\"async\" srcset=\"https://www.cibpl.fr/wp-content/uploads/2020/09/coronavirus-illustration-300x206.jpg 300w, https://www.cibpl.fr/wp-content/uploads/2020/09/coronavirus-illustration-1024x703.jpg 1024w, https://www.cibpl.fr/wp-content/uploads/2020/09/coronavirus-illustration-768x527.jpg 768w, https://www.cibpl.fr/wp-content/uploads/2020/09/coronavirus-illustration-100x69.jpg 100w, https://www.cibpl.fr/wp-content/uploads/2020/09/coronavirus-illustration-672x461.jpg 672w, https://www.cibpl.fr/wp-content/uploads/2020/09/coronavirus-illustration-600x412.jpg 600w, https://www.cibpl.fr/wp-content/uploads/2020/09/coronavirus-illustration.jpg 1200w\" sizes=\"(max-width: 300px) 100vw, 300px\" /></p>Decisions Sanitaires Tableau 2020-109 20201102 PREMAR ATLANT AEM ARRETE Covid19 version consolidée', '2020-12-19 08:48:58', 'https://www.cibpl.fr/nage-en-eau-vive/decisions-sanitaires-pour-le-sport-jusquau-20-janvier-2021/', '2024-03-15 20:15:32', '2024-03-15 20:15:32', NULL),
(8691, 'Salon virtuel de la plongée de Bretagne-Pays de la Loire', '<p><img width=\"216\" height=\"300\" src=\"https://www.cibpl.fr/wp-content/uploads/2020/12/salon-virtuel-plongee-scaled-e1607596598511-216x300.jpg\" class=\"attachment-medium size-medium wp-post-image\" alt=\"\" decoding=\"async\" srcset=\"https://www.cibpl.fr/wp-content/uploads/2020/12/salon-virtuel-plongee-scaled-e1607596598511-216x300.jpg 216w, https://www.cibpl.fr/wp-content/uploads/2020/12/salon-virtuel-plongee-scaled-e1607596598511-738x1024.jpg 738w, https://www.cibpl.fr/wp-content/uploads/2020/12/salon-virtuel-plongee-scaled-e1607596598511-768x1066.jpg 768w, https://www.cibpl.fr/wp-content/uploads/2020/12/salon-virtuel-plongee-scaled-e1607596598511-72x100.jpg 72w, https://www.cibpl.fr/wp-content/uploads/2020/12/salon-virtuel-plongee-scaled-e1607596598511-1107x1536.jpg 1107w, https://www.cibpl.fr/wp-content/uploads/2020/12/salon-virtuel-plongee-scaled-e1607596598511-672x933.jpg 672w, https://www.cibpl.fr/wp-content/uploads/2020/12/salon-virtuel-plongee-scaled-e1607596598511-480x666.jpg 480w, https://www.cibpl.fr/wp-content/uploads/2020/12/salon-virtuel-plongee-scaled-e1607596598511-346x480.jpg 346w, https://www.cibpl.fr/wp-content/uploads/2020/12/salon-virtuel-plongee-scaled-e1607596598511-195x270.jpg 195w, https://www.cibpl.fr/wp-content/uploads/2020/12/salon-virtuel-plongee-scaled-e1607596598511-600x833.jpg 600w, https://www.cibpl.fr/wp-content/uploads/2020/12/salon-virtuel-plongee-scaled-e1607596598511.jpg 1269w\" sizes=\"(max-width: 216px) 100vw, 216px\" /></p>En cette année si particulière, nous sommes contraints de mettre en suspens tous les événements où nous allons à la rencontre de nos licenciés, et pour les centres de plongée professionnels, de leur clientèle. Le Salon international de la Plongée à Paris et le Boot à Düsseldorf étant reportés. Qu&#8217;à cela ne tienne, le Comité interrégional Bretagne-Pays de la Loire, [&hellip;]', '2020-12-15 20:20:43', 'https://www.cibpl.fr/nage-en-eau-vive/salon-virtuel-de-la-plongee-de-bretagne-pays-de-la-loire/', '2024-03-15 20:15:32', '2024-03-15 20:15:32', NULL),
(8692, 'Annulation des championnats de France et de toutes les manifestations fédérales jusqu’au 1 juin 2020 inclus', '<p><img width=\"300\" height=\"202\" src=\"https://www.cibpl.fr/wp-content/uploads/2020/08/shutterstock_138187181-300x202.jpg\" class=\"attachment-medium size-medium wp-post-image\" alt=\"\" decoding=\"async\" srcset=\"https://www.cibpl.fr/wp-content/uploads/2020/08/shutterstock_138187181-300x202.jpg 300w, https://www.cibpl.fr/wp-content/uploads/2020/08/shutterstock_138187181-1024x691.jpg 1024w, https://www.cibpl.fr/wp-content/uploads/2020/08/shutterstock_138187181-768x518.jpg 768w, https://www.cibpl.fr/wp-content/uploads/2020/08/shutterstock_138187181-100x67.jpg 100w, https://www.cibpl.fr/wp-content/uploads/2020/08/shutterstock_138187181-1536x1036.jpg 1536w, https://www.cibpl.fr/wp-content/uploads/2020/08/shutterstock_138187181-672x453.jpg 672w, https://www.cibpl.fr/wp-content/uploads/2020/08/shutterstock_138187181-600x405.jpg 600w, https://www.cibpl.fr/wp-content/uploads/2020/08/shutterstock_138187181-e1599829271106.jpg 1600w\" sizes=\"(max-width: 300px) 100vw, 300px\" /></p>Les annonces successives du Président de la République, du premier Ministre et des Ministres, puis l’évolution de la situation de ce jour (mardi 24 mars 2020) nous amènent à la décision précisée ci-après. Cette décision repose sur les discussions et partage d’informations entre les membres du CDN, avec notre DTN, avec notre directeur, avec notre MFN et nos médecins, avec [&hellip;]', '2020-03-25 22:00:00', 'https://www.cibpl.fr/nage-en-eau-vive/annulation-des-championnats-de-france-et-de-toutes-les-manifestations-federales-jusquau-1-juin-2020-inclus/', '2024-03-15 20:15:32', '2024-03-15 20:15:32', NULL),
(8693, 'Bienvenue sur le site des Épaves et de l’Archéologie subaquatique', '<p><img width=\"300\" height=\"199\" src=\"https://www.cibpl.fr/wp-content/uploads/2019/04/DSC_1801-Philippe-Nedelec-300x199.jpeg\" class=\"attachment-medium size-medium wp-post-image\" alt=\"\" decoding=\"async\" srcset=\"https://www.cibpl.fr/wp-content/uploads/2019/04/DSC_1801-Philippe-Nedelec-300x199.jpeg 300w, https://www.cibpl.fr/wp-content/uploads/2019/04/DSC_1801-Philippe-Nedelec-100x66.jpeg 100w, https://www.cibpl.fr/wp-content/uploads/2019/04/DSC_1801-Philippe-Nedelec-672x446.jpeg 672w, https://www.cibpl.fr/wp-content/uploads/2019/04/DSC_1801-Philippe-Nedelec-600x398.jpeg 600w, https://www.cibpl.fr/wp-content/uploads/2019/04/DSC_1801-Philippe-Nedelec-480x318.jpeg 480w, https://www.cibpl.fr/wp-content/uploads/2019/04/DSC_1801-Philippe-Nedelec.jpeg 720w\" sizes=\"(max-width: 300px) 100vw, 300px\" /></p>Bienvenue sur le site des Épaves et de l&#8217;Archéologie subaquatique.', '2019-04-15 08:23:31', 'https://www.cibpl.fr/epaves-et-archeologie/bienvenue-sur-le-site-des-epaves-et-de-larcheologie-subaquatique/', '2024-03-15 20:15:33', '2024-03-15 20:15:33', NULL),
(8694, 'Histoire de l\'Iran contemporain, par Mohammad-Reza Djalili et Thierry Kellner (2024)', 'Page 1 à 2 : Pages de début | Page 3 à 6 : Introduction | Page 7 à 25 : I / Le siècle des Qadjar | Page 26 à 35 : II / L’entrée dans le xxe siècle | Page 36 à 47 : III / Reza Shah et la fondation de l’Iran moderne | Page 48 à 66 : IV / Le règne de Mohammad-Reza Shah | Page 67 à 78 : V / La création de la République islamique et les années Khomeyni | Page 79 à 110 : VI / L’après-Khomeyni | Page 111 à 113 : Conclusion | Page 115 à 118 : Repères chronologiques | Page 119 à 124 : Repères bibliographiques | Page 125 à 127 : Pages de fin.', '2024-01-18 23:00:00', 'https://www.cairn.info/histoire-de-l-iran-contemporain--9782348083143.htm?WT.rss_f=qsj&WT.tsrc=RSS', '2024-03-15 20:15:33', '2024-03-15 20:15:33', NULL),
(8695, 'Les dieux de l\'Égypte, par Claude Traunecker (2024)', 'Page 1 à 2 : Pages de début | Page 3 à 4 : Introduction | Page 5 à 18 : Chapitre premier. Sources et état des connaissances | Page 19 à 29 : Chapitre II. Le monde des anciens Égyptiens | Page 30 à 47 : Chapitre III. Les dieux et leur univers | Page 48 à 59 : Chapitre IV. L’apparence des dieux | Page 60 à 73 : Chapitre V. La société divine | Page 74 à 97 : Chapitre VI. Les fonctions divines | Page 98 à 107 : Chapitre VII. Les dieux et le monde des hommes | Page 108 à 119 : Chapitre VIII. La géographie et les dieux | Page 120 à 122 : Conclusion | Page 123 à 126 : Bibliographie | Page 127 à 128 : Pages de fin.', '2024-01-16 23:00:00', 'https://www.cairn.info/les-dieux-de-l-egypte--9782715422421.htm?WT.rss_f=qsj&WT.tsrc=RSS', '2024-03-15 20:15:33', '2024-03-15 20:15:33', NULL),
(8696, 'Les 100 légendes de la mythologie grecque et romaine, par Joël Schmidt (2024)', 'Page 1 à 2 : Pages de début | Page 3 à 4 : Avertissement | Page 5 à 118 : Les 100 légendes de la mythologie grecque et romaine | Page 119 à 121 : Bibliographie | Page 123 à 124 : Table des correspondances | Page 125 à 128 : Pages de fin.', '2024-01-08 23:00:00', 'https://www.cairn.info/les-100-legendes-de-la-mythologie-grecque-et-romaine--9782715422360.htm?WT.rss_f=qsj&WT.tsrc=RSS', '2024-03-15 20:15:33', '2024-03-15 20:15:33', NULL),
(8697, 'Les Étrusques, par Dominique Briquel (2024)', 'Page 1 à 2 : Pages de début | Page 3 à 4 : Introduction à propos des Étrusques | Page 5 à 31 : Chapitre premier. L’émergence d’une grande puissance | Page 33 à 65 : Chapitre II. Les cités étrusques des siècles d’or | Page 67 à 92 : Chapitre III. Le crépuscule d’une civilisation. Déclin et survivances | Page 93 à 119 : Chapitre IV. La redécouverte des Étrusques : la langue étrusque, entre science et mystère | Page 121 à 123 : Bibliographie | Page 125 à 128 : Pages de fin.', '2024-01-08 23:00:00', 'https://www.cairn.info/les-etrusques--9782715422698.htm?WT.rss_f=qsj&WT.tsrc=RSS', '2024-03-15 20:15:33', '2024-03-15 20:15:33', NULL),
(8698, 'La nouvelle histoire des idées politiques, par Arnault Skornicki et Jérôme Tournadre (2024)', 'Page 1 à 2 : Pages de début | Page 3 à 7 : Introduction / « Ancienne » et « nouvelle » histoire des idées politiques | Page 9 à 32 : I / L’« école de Cambridge » et le contextualisme | Page 33 à 54 : II / Nouvelles approches en histoire des concepts politiques | Page 55 à 73 : III / L’histoire sociale des idées politiques | Page 75 à 95 : IV / La nouvelle histoire des idéologies | Page 97 à 110 : V / La mise en politique des idées | Page 111 à 112 : Conclusion | Page 113 à 124 : Repères bibliographiques | Page 125 à 128 : Pages de fin.', '2023-11-07 23:00:00', 'https://www.cairn.info/la-nouvelle-histoire-des-idees-politiques--9782348082023.htm?WT.rss_f=qsj&WT.tsrc=RSS', '2024-03-15 20:15:35', '2024-03-15 20:15:35', NULL),
(8699, 'Histoire de la photographie, par Pierre-Jean Amar (2023)', 'Page 1 à 2 : Pages de début | Page 3 à 4 : Introduction | Page 5 à 36 : Chapitre premier. Histoire des techniques | Page 37 à 65 : Chapitre II. Esthétique et utilisation de la photographie au xixe siècle | Page 66 à 124 : Chapitre III. La photographie moderne | Page 125 à 126 : Bibliographie | Page 127 à 128 : Pages de fin.', '2023-10-26 22:00:00', 'https://www.cairn.info/histoire-de-la-photographie--9782715422001.htm?WT.rss_f=qsj&WT.tsrc=RSS', '2024-03-15 20:15:35', '2024-03-15 20:15:35', NULL),
(8700, 'Le bateau d’Oseberg, une tombe viking', '<p>Présentation de la découverte du bateau d’Oseberg, en 1903. Un bateau tombe exceptionnel.</p>', '2018-03-17 23:32:00', 'https://histoires-archeologie.lepodcast.fr/le-bateau-doseberg-une-tombe-viking', '2024-03-15 20:15:35', '2024-03-15 20:15:35', NULL),
(8701, 'L\'avion de Saint Exupery - Luc Vanrell identifie l\'épave en 2000', '<p>Le 31 juillet 1944, Antoine de Saint Exupery disparaît alors qu&#39;il vole  bord d&#39;un P38 américain. Une longue enquête archéologique et historique permet de refaire le déroulement de cette journée.</p>', '2017-01-29 21:57:00', 'https://histoires-archeologie.lepodcast.fr/lavion-de-saint-exupery-luc-vanrell-identifie-lepave-en-2000', '2024-03-15 20:15:35', '2024-03-15 20:15:35', NULL),
(8702, 'Machu Picchu - Hiram Bingham retrouve la cité inca en 1911', '<p>Hiram Bingham, professeur d&#39;histoire à Yale aux États Unis retrouve la cité Inca du Machu Picchu en 1911.</p>', '2017-01-25 21:58:00', 'https://histoires-archeologie.lepodcast.fr/machu-picchu-hiram-bingham-retrouve-la-cite-inca-en-1911', '2024-03-15 20:15:35', '2024-03-15 20:15:35', NULL),
(8703, 'Troie - redécouverte en 1870 par Schliemann', '<p>La cité mythique de Troie est mise au jour par l&#39;archéologue autodidacte allemand H. Schliemann à partir de 1870.</p>', '2017-01-22 00:25:00', 'https://histoires-archeologie.lepodcast.fr/troie-redecouverte-en-1870-par-schliemann', '2024-03-15 20:15:35', '2024-03-15 20:15:35', NULL),
(8704, 'Les manuscrits de la mer morte - récit de la découverte en 1947', '', '2017-01-20 00:51:00', 'https://histoires-archeologie.lepodcast.fr/les-manuscrits-de-la-mer-morte-recit-de-la-decouverte-en-1947', '2024-03-15 20:15:35', '2024-03-15 20:15:35', NULL),
(8705, 'Petra - capitale des Nabatéens découverte en 1812', '', '2017-01-14 21:09:00', 'https://histoires-archeologie.lepodcast.fr/petra-capitale-des-nabateens-decouverte-en-1812', '2024-03-15 20:15:35', '2024-03-15 20:15:35', NULL),
(8706, 'La grotte Chauvet Pont d\'Arc - 1994', '', '2017-01-09 00:35:00', 'https://histoires-archeologie.lepodcast.fr/la-grotte-chauvet-pont-darc-1994', '2024-03-15 20:15:35', '2024-03-15 20:15:35', NULL),
(8707, 'La pierre de Rosette - 1799 Egypte - vers la compréhension des hiéroglyphes', '', '2017-01-06 00:59:00', 'https://histoires-archeologie.lepodcast.fr/la-pierre-de-rosette-1799-egypte-vers-la-comprehension-des-hieroglyphes', '2024-03-15 20:15:35', '2024-03-15 20:15:35', NULL),
(8708, 'Sérapéum - 1850 Auguste Mariette découverte le Sérapéum en Egypte', '', '2017-01-02 02:32:00', 'https://histoires-archeologie.lepodcast.fr/serapeum-1850-auguste-mariette-decouverte-le-serapeum-en-egypte', '2024-03-15 20:15:35', '2024-03-15 20:15:35', NULL),
(8709, 'La tombe de Vix - histoire de sa découverte en 1953', '', '2016-12-30 00:51:00', 'https://histoires-archeologie.lepodcast.fr/la-tombe-de-vix-histoire-de-sa-decouverte-en-1953', '2024-03-15 20:15:35', '2024-03-15 20:15:35', NULL),
(8710, 'Iguanodon - présentation du dinosaure découvert par Gidéon Mantell', '', '2016-12-29 17:37:00', 'https://histoires-archeologie.lepodcast.fr/iguanodon-presentation-du-dinosaure-decouvert-par-gideon-mantell', '2024-03-15 20:15:35', '2024-03-15 20:15:35', NULL),
(8711, 'Iguanodon - Gidéon Mantell invente l\'Iguanodon', '', '2016-12-29 01:26:00', 'https://histoires-archeologie.lepodcast.fr/iguanodon-gideon-mantell-invente-liguanodon', '2024-03-15 20:15:35', '2024-03-15 20:15:35', NULL),
(8712, 'Lucy - De Toumaï à homo sapiens', '', '2016-12-29 01:06:00', 'https://histoires-archeologie.lepodcast.fr/lucy-de-toumai-a-homo-sapiens', '2024-03-15 20:15:35', '2024-03-15 20:15:35', NULL),
(8713, 'Lucy - présentation brève des australopithèques', '', '2016-12-29 00:46:00', 'https://histoires-archeologie.lepodcast.fr/lucy-presentation-breve-des-australopitheques', '2024-03-15 20:15:35', '2024-03-15 20:15:35', NULL),
(8714, 'Lucy - histoire de sa découverte en 1974', '', '2016-12-29 00:39:00', 'https://histoires-archeologie.lepodcast.fr/lucy-histoire-de-sa-decouverte-en-1974', '2024-03-15 20:15:35', '2024-03-15 20:15:35', NULL),
(8715, 'Pompéi : histoire de sa découverte', '', '2016-12-28 01:12:00', 'https://histoires-archeologie.lepodcast.fr/pompei-histoire-de-sa-decouverte', '2024-03-15 20:15:35', '2024-03-15 20:15:35', NULL),
(8716, 'Pompéi : présentation historique et géographique brève', '', '2016-12-27 00:11:00', 'https://histoires-archeologie.lepodcast.fr/pompei-presentation-historique-et-geographique-breve', '2024-03-15 20:15:35', '2024-03-15 20:15:35', NULL),
(8717, 'Rome aux frontières du Barbaricum', 'durée : 00:29:42 - Carbone 14, le magazine de l\'archéologie - par : Vincent Charpentier - La Germanie a toujours constitué une menace pour Rome. - invités : Michel Reddé Archéologue, philologue et historien, Directeur d’études émérite à l’EPHE (École Pratique des Hautes Études).', '2024-03-09 15:29:43', 'https://www.radiofrance.fr/franceculture/podcasts/carbone-14-le-magazine-de-l-archeologie/rome-aux-frontieres-du-barbaricum-6911637', '2024-03-15 20:15:35', '2024-03-15 20:15:35', NULL),
(8718, 'Drame démographique et résilience en Océanie', 'durée : 00:30:02 - Carbone 14, le magazine de l\'archéologie - par : Vincent Charpentier - Pourquoi la dépopulation des peuples du Pacifique, après les premiers contacts européens, a-t-elle été si peu évoquée, voire minimisée ? - invités : Christophe Sand Directeur de l\'institut d\'archéologie de la Nouvelle Calédonie', '2024-03-02 15:30:03', 'https://www.radiofrance.fr/franceculture/podcasts/carbone-14-le-magazine-de-l-archeologie/drame-demographique-et-resilience-en-oceanie-9022604', '2024-03-15 20:15:35', '2024-03-15 20:15:35', NULL),
(8719, 'Des îles, des animaux et des hommes', 'durée : 00:30:25 - Carbone 14, le magazine de l\'archéologie - par : Vincent Charpentier - À l’interface des sciences de l’Homme et de la vie, Carbone 14 se penche sur les interactions naturelles et culturelles entre l’Homme et les populations animales. - invités : Jean-Denis Vigne Archéozoologue, archéobotaniste, directeur de recherche émérite au laboratoire CNRS et Muséum \"Archéozoologie et Archéobotanique, Sociétés, pratiques et environnements\". (CNRS) au Muséum national d\'Histoire naturelle.', '2024-02-24 15:30:22', 'https://www.radiofrance.fr/franceculture/podcasts/carbone-14-le-magazine-de-l-archeologie/des-iles-des-animaux-et-des-hommes-9396834', '2024-03-15 20:15:35', '2024-03-15 20:15:35', NULL),
(8720, 'Pourquoi l’Europe fut-elle conquise si tard par l’Homme ?', 'durée : 00:29:34 - Carbone 14, le magazine de l\'archéologie - par : Vincent Charpentier - Les données récentes montrent que l\'Europe de l\'Ouest est peuplée vers 1,4-1,2 million d’années, puis, vers 700 000 ans. Pourquoi l’est, en direction de la Chine, a-t-il été privilégié, par ces communautés humaines, au profit de l’Occident ? - invités : Marie-Hélène Moncel Directrice de recherche au CNRS, laboratoire \"Histoire Naturelle de l\'Homme Préhistorique\" au Museum National d\'Histoire Naturelle.', '2024-02-17 15:29:35', 'https://www.radiofrance.fr/franceculture/podcasts/carbone-14-le-magazine-de-l-archeologie/pourquoi-l-europe-fut-elle-conquise-si-tard-par-l-homme-7746689', '2024-03-15 20:15:35', '2024-03-15 20:15:35', NULL),
(8721, 'Les sacrifiés d’El Niño', 'durée : 00:28:45 - Carbone 14, le magazine de l\'archéologie - par : Vincent Charpentier - Entre 1400-1450, au Pérou, l’empire chimú a entrepris un gigantesque sacrifice d’enfants et de lamas sur une dune dominant le Pacifique. - invités : Nicolas Goepfert Archéozoologue, chargé de recherches et directeur du laboratoire ArchAm (Archéologie des Amériques) au CNRS.; Élise Dufour Maîtresse de conférences au Muséum national d\'Histoire naturelle, au laboratoire Archéozoologie, archéobotanique : sociétés, pratiques et environnements.', '2024-02-10 15:28:45', 'https://www.radiofrance.fr/franceculture/podcasts/carbone-14-le-magazine-de-l-archeologie/les-sacrifies-d-el-nino-6436524', '2024-03-15 20:15:36', '2024-03-15 20:15:36', NULL),
(8722, 'L’art rupestre sublimé !', 'durée : 00:28:45 - Carbone 14, le magazine de l\'archéologie - par : Vincent Charpentier - En plus d’un siècle, les préhistoriens ont entrepris quantités de relevés, véritables œuvres d’art, issus des parois de grottes et d’abris-sous-roche. Leurs noms : Henri Breuil, mais aussi Henri Lhote ou encore Léo Frobenius. - invités : Jean-Loïc Le Quellec Anthropologue, directeur de recherche émérite au CNRS, spécialiste des images rupestres; Jean-Louis Georget Professeur en études germaniques à l\'Université Sorbonne Nouvelle, directeur du CEREG et chercheur associé à l\'EHESS (Centre Georg Simmel).', '2024-02-03 15:28:45', 'https://www.radiofrance.fr/franceculture/podcasts/carbone-14-le-magazine-de-l-archeologie/l-art-rupestre-sublime-8945054', '2024-03-15 20:15:36', '2024-03-15 20:15:36', NULL),
(8723, 'Crises et résilience urbaine durant l’Antiquité', 'durée : 00:29:03 - Carbone 14, le magazine de l\'archéologie - par : Vincent Charpentier - Comment les sociétés urbaines ont-elles réagi face aux multiples crises qui ont ébranlé l’Antiquité ?  - invités : Ricardo González Villaescusa Archéologue, professeur à l\'Université Paris-Nanterre, spécialiste de la Gaule et du Nord-Ouest européen.; Marguerite Ronin Historienne, chargée de recherche au CNRS.; Jonas Parétias Archéologue pour Caux Seine Agglo (Seine-Maritime).', '2024-01-27 15:28:45', 'https://www.radiofrance.fr/franceculture/podcasts/carbone-14-le-magazine-de-l-archeologie/crises-et-resilience-urbaine-durant-l-antiquite-1813983', '2024-03-15 20:15:36', '2024-03-15 20:15:36', NULL),
(8724, 'Découverte d’un site Solutréen dans la Bourgogne de l’âge de glace', 'durée : 00:30:20 - Carbone 14, le magazine de l\'archéologie - par : Vincent Charpentier - Un exceptionnel site solutréen (24 000 - 22 000 avant notre ère) vient d’être fouillé en Bourgogne. - invités : Jean-Guillaume Bordes Maître de conférences à l’Université de Bordeaux, chercheur à l’UMR Pacéa (Bordeaux).; Jean-Baptiste Lajoux Préhistorien, archéologue à l’Inrap et chercheur à l\'UMR Temps (Nanterre).', '2024-01-20 15:28:45', 'https://www.radiofrance.fr/franceculture/podcasts/carbone-14-le-magazine-de-l-archeologie/decouverte-d-un-site-solutreen-dans-la-bourgogne-de-l-age-de-glace-7127323', '2024-03-15 20:15:36', '2024-03-15 20:15:36', NULL),
(8725, 'Gergovie, une affaire de résistance ?', 'durée : 00:29:05 - Carbone 14, le magazine de l\'archéologie - par : Vincent Charpentier - Dès 1940, des étudiants strasbourgeois repliés à Clermont-Ferrand fouillent l’oppidum gaulois de Gergovie. Sous couvert de l’archéologie, ils rentrent dans les premiers réseaux de résistance. - invités : Laurent Olivier Historien et conservateur général du patrimoine en charge des collections d\'archéologie celtique et gauloise du Musée d\'Archéologie nationale (Saint-Germain-en-Laye).; Marion Dacko Archéologue, ingénieure de recherche à la plateforme IntelEspace de la Maison des Sciences de l\'Homme de l\'Université de Clermont-Auvergne.; Arnaud Pocris Directeur culturel et médiation des publics du Musée de Gergovie, et responsable du site de Gergovie.', '2024-01-13 15:28:45', 'https://www.radiofrance.fr/franceculture/podcasts/carbone-14-le-magazine-de-l-archeologie/gergovie-une-affaire-de-resistance-8332840', '2024-03-15 20:15:36', '2024-03-15 20:15:36', NULL),
(8726, 'Sapiens, sa naissance, sa conquête du monde', 'durée : 00:30:01 - Carbone 14, le magazine de l\'archéologie - par : Vincent Charpentier - Apparu en Afrique du Nord, le premier Homo sapiens est vieux de quelque 300 000 ans. Sorti d’Afrique dès 55 000 ans, il conquiert l’Europe et le monde en plusieurs vagues. - invités : Jean-Jacques Hublin Paléoanthropologue', '2024-01-06 15:30:00', 'https://www.radiofrance.fr/franceculture/podcasts/carbone-14-le-magazine-de-l-archeologie/sapiens-sa-naissance-sa-conquete-du-monde-7910506', '2024-03-15 20:15:36', '2024-03-15 20:15:36', NULL),
(8727, 'La chute de Babylone ou l\'histoire d\'un roi fou', 'durée : 00:28:54 - Carbone 14, le magazine de l\'archéologie - par : Vincent Charpentier - Héritier de Nabuchodonosor II, Nabonide monte sur le trône en 556 avant notre ère. Roi usurpateur, sa folie mènera à sa perte, et avec elle, à celle de tout un empire. Le magazine de l\'archéologie nous entraîne dans la chute de Babylone et du roi fou qui ne voulait pas être roi.  - invités : Francis Joannès Professeur d’Histoire ancienne à l’Université Paris 1 - Panthéon – Sorbonne, directeur de l’Unité Archéologie et Sciences de l’Antiquité (UMR 7041)', '2023-12-30 15:28:54', 'https://www.radiofrance.fr/franceculture/podcasts/carbone-14-le-magazine-de-l-archeologie/la-chute-de-babylone-ou-l-histoire-d-un-roi-fou-8289019', '2024-03-15 20:15:36', '2024-03-15 20:15:36', NULL),
(8728, 'Archéologie des mythes : une plongée dans l’imaginaire de l’humanité', 'durée : 00:28:34 - Carbone 14, le magazine de l\'archéologie - par : Vincent Charpentier - Quelle préhistoire pour les mythes ? Vincent Charpentier en discute avec Jean-Loïc Le Quellec, directeur de recherche émérite au CNRS. - invités : Jean-Loïc Le Quellec Anthropologue, directeur de recherche émérite au CNRS, spécialiste des images rupestres', '2023-12-23 15:28:34', 'https://www.radiofrance.fr/franceculture/podcasts/carbone-14-le-magazine-de-l-archeologie/archeologie-des-mythes-une-plongee-dans-l-imaginaire-de-l-humanite-8764237', '2024-03-15 20:15:36', '2024-03-15 20:15:36', NULL),
(8729, 'La France archéologique en cartes', 'durée : 00:29:04 - Carbone 14, le magazine de l\'archéologie - par : Vincent Charpentier - Raconter le passé de la France en cartes, voici le pari réussi d’un des grands livres paru en cette année 2023. - invités : Dominique Garcia Archéologue et historien, président de l\'Institut national de recherches archéologiques préventives (Inrap), professeur en archéologie à l\'Université d\'Aix-Marseille', '2023-12-16 15:29:04', 'https://www.radiofrance.fr/franceculture/podcasts/carbone-14-le-magazine-de-l-archeologie/la-france-archeologique-en-cartes-4515395', '2024-03-15 20:15:36', '2024-03-15 20:15:36', NULL),
(8730, 'Retrouvez tous les épisodes sur l’appli Radio France', 'Retrouvez tous les épisodes sur l’appli Radio France', '2006-09-10 21:59:59', 'https://www.radiofrance.fr/application-mobile-radio-france', '2024-03-15 20:15:36', '2024-03-15 20:15:36', NULL),
(8731, 'L\'abbaye de Beaumont à Tours : retour sur 14 mois de fouilles', '', '2024-02-29 13:19:18', 'https://www.youtube.com/watch?v=d6Fa5VfW1Ls', '2024-03-15 20:15:36', '2024-03-15 20:15:36', NULL),
(8732, '[#AtlasArchéo] Archéologie de la Guyane', '', '2024-02-12 13:30:13', 'https://www.youtube.com/watch?v=XpTqhDoGGbc', '2024-03-15 20:15:36', '2024-03-15 20:15:36', NULL),
(8733, '[#AtlasArchéo] La diffusion des produits venant du Nouveau Monde', '', '2024-02-05 13:15:01', 'https://www.youtube.com/watch?v=MjTPkdcFULs', '2024-03-15 20:15:36', '2024-03-15 20:15:36', NULL),
(8734, '[#AtlasArchéo] Vin méditerranéen et contreparties gauloises', '', '2024-01-29 13:00:50', 'https://www.youtube.com/watch?v=w8VVvSg0wX4', '2024-03-15 20:15:36', '2024-03-15 20:15:36', NULL),
(8735, 'Occupation du Paléolithique à Fragnes - La Loyère (Saône-et-Loire)', '', '2024-01-19 16:08:32', 'https://www.youtube.com/watch?v=Q37JtHqvj4E', '2024-03-15 20:15:36', '2024-03-15 20:15:36', NULL),
(8736, 'Atlas archéologique de la France - La première grande statuaire', '', '2024-01-08 17:49:25', 'https://www.youtube.com/watch?v=ON7J570HYoo', '2024-03-15 20:15:36', '2024-03-15 20:15:36', NULL),
(8737, 'Carte de vœux 2024', '', '2024-01-01 09:00:07', 'https://www.youtube.com/watch?v=Eo4X11eDnss', '2024-03-15 20:15:36', '2024-03-15 20:15:36', NULL),
(8738, 'D\'où vient le vinum picatum ?', '', '2023-12-20 13:27:31', 'https://www.youtube.com/watch?v=c5AbLSg4cUw', '2024-03-15 20:15:36', '2024-03-15 20:15:36', NULL),
(8739, 'Vivre et travailler à Lutèce au Ier siècle après J.-C.', '', '2023-12-06 13:54:42', 'https://www.youtube.com/watch?v=mwWStHMN87U', '2024-03-15 20:15:37', '2024-03-15 20:15:37', NULL),
(8740, 'La vie des premiers colons à Saint-Pierre de La Réunion', '', '2023-11-29 12:29:39', 'https://www.youtube.com/watch?v=3cFKERFeVcA', '2024-03-15 20:15:37', '2024-03-15 20:15:37', NULL),
(8741, 'Conquérir autrement - Colloque annuel de l\'Inrap - 21 novembre 2023 (après-midi)', '', '2023-11-21 16:56:29', 'https://www.youtube.com/watch?v=aeRejSZWLbM', '2024-03-15 20:15:37', '2024-03-15 20:15:37', NULL),
(8742, 'Conquérir autrement - Colloque annuel de l\'Inrap - 21 novembre 2023 (matin)', '', '2023-11-21 12:27:36', 'https://www.youtube.com/watch?v=BnmEhd5hduo', '2024-03-15 20:15:37', '2024-03-15 20:15:37', NULL),
(8743, 'Conquérir autrement - Colloque annuel de l\'Inrap - 20 novembre 2023 (après-midi)', '', '2023-11-20 17:28:22', 'https://www.youtube.com/watch?v=Js-0j0aiKsg', '2024-03-15 20:15:37', '2024-03-15 20:15:37', NULL),
(8744, 'Conquérir autrement - Colloque annuel de l\'Inrap - 20 novembre 2023 (matin)', '', '2023-11-20 12:58:49', 'https://www.youtube.com/watch?v=aOnobTWhRS8', '2024-03-15 20:15:37', '2024-03-15 20:15:37', NULL),
(8745, 'L’archéologie au service du patrimoine monumental - Journée d\'étude Inrap (après-midi)', '', '2023-11-15 17:13:32', 'https://www.youtube.com/watch?v=igj9-MZsSBc', '2024-03-15 20:15:37', '2024-03-15 20:15:37', NULL);

-- --------------------------------------------------------

--
-- Structure de la table `article_author`
--

DROP TABLE IF EXISTS `article_author`;
CREATE TABLE IF NOT EXISTS `article_author` (
  `id` int NOT NULL AUTO_INCREMENT,
  `article_id` int NOT NULL,
  `author_id` int NOT NULL,
  `createdAt` datetime NOT NULL,
  `updatedAt` datetime NOT NULL,
  PRIMARY KEY (`id`),
  KEY `article_id` (`article_id`),
  KEY `author_id` (`author_id`)
) ENGINE=InnoDB AUTO_INCREMENT=223 DEFAULT CHARSET=utf8mb4 COLLATE=utf8mb4_general_ci;

--
-- Déchargement des données de la table `article_author`
--

INSERT INTO `article_author` (`id`, `article_id`, `author_id`, `createdAt`, `updatedAt`) VALUES
(1, 8524, 241, '2024-03-15 20:15:27', '2024-03-15 20:15:27'),
(2, 8525, 242, '2024-03-15 20:15:27', '2024-03-15 20:15:27'),
(3, 8526, 242, '2024-03-15 20:15:27', '2024-03-15 20:15:27'),
(4, 8527, 243, '2024-03-15 20:15:27', '2024-03-15 20:15:27'),
(5, 8528, 244, '2024-03-15 20:15:27', '2024-03-15 20:15:27'),
(6, 8529, 242, '2024-03-15 20:15:27', '2024-03-15 20:15:27'),
(7, 8530, 241, '2024-03-15 20:15:27', '2024-03-15 20:15:27'),
(8, 8531, 245, '2024-03-15 20:15:28', '2024-03-15 20:15:28'),
(9, 8532, 246, '2024-03-15 20:15:28', '2024-03-15 20:15:28'),
(10, 8533, 242, '2024-03-15 20:15:28', '2024-03-15 20:15:28'),
(11, 8534, 241, '2024-03-15 20:15:28', '2024-03-15 20:15:28'),
(12, 8535, 245, '2024-03-15 20:15:28', '2024-03-15 20:15:28'),
(13, 8536, 241, '2024-03-15 20:15:28', '2024-03-15 20:15:28'),
(14, 8537, 242, '2024-03-15 20:15:28', '2024-03-15 20:15:28'),
(15, 8538, 247, '2024-03-15 20:15:28', '2024-03-15 20:15:28'),
(16, 8539, 245, '2024-03-15 20:15:28', '2024-03-15 20:15:28'),
(17, 8540, 248, '2024-03-15 20:15:28', '2024-03-15 20:15:28'),
(18, 8541, 242, '2024-03-15 20:15:28', '2024-03-15 20:15:28'),
(19, 8542, 247, '2024-03-15 20:15:28', '2024-03-15 20:15:28'),
(20, 8543, 241, '2024-03-15 20:15:28', '2024-03-15 20:15:28'),
(21, 8544, 245, '2024-03-15 20:15:28', '2024-03-15 20:15:28'),
(22, 8545, 241, '2024-03-15 20:15:28', '2024-03-15 20:15:28'),
(23, 8546, 249, '2024-03-15 20:15:28', '2024-03-15 20:15:28'),
(24, 8547, 250, '2024-03-15 20:15:28', '2024-03-15 20:15:28'),
(25, 8548, 241, '2024-03-15 20:15:28', '2024-03-15 20:15:28'),
(26, 8549, 251, '2024-03-15 20:15:28', '2024-03-15 20:15:28'),
(27, 8550, 245, '2024-03-15 20:15:28', '2024-03-15 20:15:28'),
(28, 8551, 241, '2024-03-15 20:15:29', '2024-03-15 20:15:29'),
(29, 8552, 245, '2024-03-15 20:15:29', '2024-03-15 20:15:29'),
(30, 8553, 247, '2024-03-15 20:15:29', '2024-03-15 20:15:29'),
(31, 8554, 245, '2024-03-15 20:15:29', '2024-03-15 20:15:29'),
(32, 8555, 247, '2024-03-15 20:15:29', '2024-03-15 20:15:29'),
(33, 8556, 241, '2024-03-15 20:15:29', '2024-03-15 20:15:29'),
(34, 8557, 241, '2024-03-15 20:15:29', '2024-03-15 20:15:29'),
(35, 8558, 243, '2024-03-15 20:15:29', '2024-03-15 20:15:29'),
(36, 8559, 252, '2024-03-15 20:15:29', '2024-03-15 20:15:29'),
(37, 8560, 241, '2024-03-15 20:15:29', '2024-03-15 20:15:29'),
(38, 8561, 253, '2024-03-15 20:15:29', '2024-03-15 20:15:29'),
(39, 8562, 254, '2024-03-15 20:15:29', '2024-03-15 20:15:29'),
(40, 8563, 251, '2024-03-15 20:15:29', '2024-03-15 20:15:29'),
(41, 8564, 255, '2024-03-15 20:15:29', '2024-03-15 20:15:29'),
(42, 8565, 251, '2024-03-15 20:15:29', '2024-03-15 20:15:29'),
(43, 8566, 254, '2024-03-15 20:15:29', '2024-03-15 20:15:29'),
(44, 8567, 256, '2024-03-15 20:15:29', '2024-03-15 20:15:29'),
(45, 8568, 255, '2024-03-15 20:15:29', '2024-03-15 20:15:29'),
(46, 8569, 254, '2024-03-15 20:15:29', '2024-03-15 20:15:29'),
(47, 8570, 251, '2024-03-15 20:15:29', '2024-03-15 20:15:29'),
(48, 8571, 255, '2024-03-15 20:15:29', '2024-03-15 20:15:29'),
(49, 8572, 251, '2024-03-15 20:15:29', '2024-03-15 20:15:29'),
(50, 8573, 257, '2024-03-15 20:15:29', '2024-03-15 20:15:29'),
(51, 8574, 258, '2024-03-15 20:15:29', '2024-03-15 20:15:29'),
(52, 8575, 258, '2024-03-15 20:15:29', '2024-03-15 20:15:29'),
(53, 8576, 258, '2024-03-15 20:15:29', '2024-03-15 20:15:29'),
(54, 8577, 258, '2024-03-15 20:15:29', '2024-03-15 20:15:29'),
(55, 8578, 258, '2024-03-15 20:15:29', '2024-03-15 20:15:29'),
(56, 8579, 258, '2024-03-15 20:15:29', '2024-03-15 20:15:29'),
(57, 8580, 258, '2024-03-15 20:15:29', '2024-03-15 20:15:29'),
(58, 8581, 258, '2024-03-15 20:15:29', '2024-03-15 20:15:29'),
(59, 8582, 258, '2024-03-15 20:15:30', '2024-03-15 20:15:30'),
(60, 8583, 258, '2024-03-15 20:15:30', '2024-03-15 20:15:30'),
(61, 8584, 258, '2024-03-15 20:15:30', '2024-03-15 20:15:30'),
(62, 8585, 258, '2024-03-15 20:15:30', '2024-03-15 20:15:30'),
(63, 8586, 258, '2024-03-15 20:15:30', '2024-03-15 20:15:30'),
(64, 8587, 258, '2024-03-15 20:15:30', '2024-03-15 20:15:30'),
(65, 8588, 258, '2024-03-15 20:15:30', '2024-03-15 20:15:30'),
(66, 8589, 258, '2024-03-15 20:15:30', '2024-03-15 20:15:30'),
(67, 8590, 258, '2024-03-15 20:15:30', '2024-03-15 20:15:30'),
(68, 8591, 258, '2024-03-15 20:15:30', '2024-03-15 20:15:30'),
(69, 8592, 258, '2024-03-15 20:15:30', '2024-03-15 20:15:30'),
(70, 8593, 258, '2024-03-15 20:15:30', '2024-03-15 20:15:30'),
(71, 8594, 258, '2024-03-15 20:15:30', '2024-03-15 20:15:30'),
(72, 8595, 258, '2024-03-15 20:15:30', '2024-03-15 20:15:30'),
(73, 8596, 258, '2024-03-15 20:15:30', '2024-03-15 20:15:30'),
(74, 8597, 258, '2024-03-15 20:15:30', '2024-03-15 20:15:30'),
(75, 8598, 258, '2024-03-15 20:15:30', '2024-03-15 20:15:30'),
(76, 8599, 258, '2024-03-15 20:15:30', '2024-03-15 20:15:30'),
(77, 8600, 258, '2024-03-15 20:15:30', '2024-03-15 20:15:30'),
(78, 8601, 258, '2024-03-15 20:15:30', '2024-03-15 20:15:30'),
(79, 8602, 258, '2024-03-15 20:15:30', '2024-03-15 20:15:30'),
(80, 8603, 258, '2024-03-15 20:15:30', '2024-03-15 20:15:30'),
(81, 8604, 258, '2024-03-15 20:15:30', '2024-03-15 20:15:30'),
(82, 8605, 258, '2024-03-15 20:15:30', '2024-03-15 20:15:30'),
(83, 8606, 258, '2024-03-15 20:15:30', '2024-03-15 20:15:30'),
(84, 8607, 258, '2024-03-15 20:15:30', '2024-03-15 20:15:30'),
(85, 8608, 258, '2024-03-15 20:15:30', '2024-03-15 20:15:30'),
(86, 8609, 258, '2024-03-15 20:15:30', '2024-03-15 20:15:30'),
(87, 8610, 258, '2024-03-15 20:15:30', '2024-03-15 20:15:30'),
(88, 8611, 258, '2024-03-15 20:15:30', '2024-03-15 20:15:30'),
(89, 8612, 258, '2024-03-15 20:15:30', '2024-03-15 20:15:30'),
(90, 8613, 258, '2024-03-15 20:15:30', '2024-03-15 20:15:30'),
(91, 8614, 258, '2024-03-15 20:15:30', '2024-03-15 20:15:30'),
(92, 8615, 258, '2024-03-15 20:15:30', '2024-03-15 20:15:30'),
(93, 8616, 258, '2024-03-15 20:15:30', '2024-03-15 20:15:30'),
(94, 8617, 258, '2024-03-15 20:15:30', '2024-03-15 20:15:30'),
(95, 8618, 258, '2024-03-15 20:15:30', '2024-03-15 20:15:30'),
(96, 8619, 258, '2024-03-15 20:15:30', '2024-03-15 20:15:30'),
(97, 8620, 258, '2024-03-15 20:15:30', '2024-03-15 20:15:30'),
(98, 8621, 258, '2024-03-15 20:15:30', '2024-03-15 20:15:30'),
(99, 8622, 258, '2024-03-15 20:15:30', '2024-03-15 20:15:30'),
(100, 8623, 258, '2024-03-15 20:15:30', '2024-03-15 20:15:30'),
(101, 8624, 258, '2024-03-15 20:15:30', '2024-03-15 20:15:30'),
(102, 8625, 258, '2024-03-15 20:15:30', '2024-03-15 20:15:30'),
(103, 8626, 258, '2024-03-15 20:15:30', '2024-03-15 20:15:30'),
(104, 8627, 258, '2024-03-15 20:15:30', '2024-03-15 20:15:30'),
(105, 8628, 258, '2024-03-15 20:15:30', '2024-03-15 20:15:30'),
(106, 8629, 258, '2024-03-15 20:15:30', '2024-03-15 20:15:30'),
(107, 8630, 258, '2024-03-15 20:15:30', '2024-03-15 20:15:30'),
(108, 8631, 258, '2024-03-15 20:15:30', '2024-03-15 20:15:30'),
(109, 8632, 258, '2024-03-15 20:15:30', '2024-03-15 20:15:30'),
(110, 8633, 258, '2024-03-15 20:15:30', '2024-03-15 20:15:30'),
(111, 8634, 258, '2024-03-15 20:15:30', '2024-03-15 20:15:30'),
(112, 8635, 258, '2024-03-15 20:15:30', '2024-03-15 20:15:30'),
(113, 8636, 258, '2024-03-15 20:15:30', '2024-03-15 20:15:30'),
(114, 8637, 258, '2024-03-15 20:15:30', '2024-03-15 20:15:30'),
(115, 8638, 258, '2024-03-15 20:15:30', '2024-03-15 20:15:30'),
(116, 8639, 258, '2024-03-15 20:15:30', '2024-03-15 20:15:30'),
(117, 8640, 258, '2024-03-15 20:15:30', '2024-03-15 20:15:30'),
(118, 8641, 258, '2024-03-15 20:15:30', '2024-03-15 20:15:30'),
(119, 8642, 258, '2024-03-15 20:15:30', '2024-03-15 20:15:30'),
(120, 8643, 258, '2024-03-15 20:15:30', '2024-03-15 20:15:30'),
(121, 8644, 258, '2024-03-15 20:15:30', '2024-03-15 20:15:30'),
(122, 8645, 258, '2024-03-15 20:15:30', '2024-03-15 20:15:30'),
(123, 8646, 258, '2024-03-15 20:15:30', '2024-03-15 20:15:30'),
(124, 8647, 258, '2024-03-15 20:15:30', '2024-03-15 20:15:30'),
(125, 8648, 258, '2024-03-15 20:15:30', '2024-03-15 20:15:30'),
(126, 8649, 258, '2024-03-15 20:15:30', '2024-03-15 20:15:30'),
(127, 8650, 258, '2024-03-15 20:15:30', '2024-03-15 20:15:30'),
(128, 8651, 258, '2024-03-15 20:15:30', '2024-03-15 20:15:30'),
(129, 8652, 258, '2024-03-15 20:15:30', '2024-03-15 20:15:30'),
(130, 8653, 258, '2024-03-15 20:15:30', '2024-03-15 20:15:30'),
(131, 8654, 258, '2024-03-15 20:15:30', '2024-03-15 20:15:30'),
(132, 8655, 258, '2024-03-15 20:15:30', '2024-03-15 20:15:30'),
(133, 8656, 258, '2024-03-15 20:15:30', '2024-03-15 20:15:30'),
(134, 8657, 258, '2024-03-15 20:15:30', '2024-03-15 20:15:30'),
(135, 8658, 258, '2024-03-15 20:15:30', '2024-03-15 20:15:30'),
(136, 8659, 258, '2024-03-15 20:15:30', '2024-03-15 20:15:30'),
(137, 8660, 258, '2024-03-15 20:15:31', '2024-03-15 20:15:31'),
(138, 8661, 258, '2024-03-15 20:15:31', '2024-03-15 20:15:31'),
(139, 8662, 258, '2024-03-15 20:15:31', '2024-03-15 20:15:31'),
(140, 8663, 258, '2024-03-15 20:15:31', '2024-03-15 20:15:31'),
(141, 8664, 258, '2024-03-15 20:15:31', '2024-03-15 20:15:31'),
(142, 8665, 258, '2024-03-15 20:15:31', '2024-03-15 20:15:31'),
(143, 8666, 258, '2024-03-15 20:15:31', '2024-03-15 20:15:31'),
(144, 8667, 258, '2024-03-15 20:15:31', '2024-03-15 20:15:31'),
(145, 8668, 258, '2024-03-15 20:15:31', '2024-03-15 20:15:31'),
(146, 8669, 258, '2024-03-15 20:15:31', '2024-03-15 20:15:31'),
(147, 8670, 258, '2024-03-15 20:15:31', '2024-03-15 20:15:31'),
(148, 8671, 258, '2024-03-15 20:15:31', '2024-03-15 20:15:31'),
(149, 8672, 258, '2024-03-15 20:15:31', '2024-03-15 20:15:31'),
(150, 8673, 258, '2024-03-15 20:15:31', '2024-03-15 20:15:31'),
(151, 8674, 259, '2024-03-15 20:15:31', '2024-03-15 20:15:31'),
(152, 8675, 259, '2024-03-15 20:15:31', '2024-03-15 20:15:31'),
(153, 8676, 259, '2024-03-15 20:15:31', '2024-03-15 20:15:31'),
(154, 8677, 259, '2024-03-15 20:15:31', '2024-03-15 20:15:31'),
(155, 8678, 259, '2024-03-15 20:15:31', '2024-03-15 20:15:31'),
(156, 8679, 259, '2024-03-15 20:15:31', '2024-03-15 20:15:31'),
(157, 8680, 259, '2024-03-15 20:15:31', '2024-03-15 20:15:31'),
(158, 8681, 259, '2024-03-15 20:15:31', '2024-03-15 20:15:31'),
(159, 8682, 259, '2024-03-15 20:15:31', '2024-03-15 20:15:31'),
(160, 8683, 259, '2024-03-15 20:15:31', '2024-03-15 20:15:31'),
(161, 8684, 260, '2024-03-15 20:15:31', '2024-03-15 20:15:31'),
(162, 8685, 261, '2024-03-15 20:15:32', '2024-03-15 20:15:32'),
(163, 8686, 260, '2024-03-15 20:15:32', '2024-03-15 20:15:32'),
(164, 8687, 262, '2024-03-15 20:15:32', '2024-03-15 20:15:32'),
(165, 8688, 262, '2024-03-15 20:15:32', '2024-03-15 20:15:32'),
(166, 8689, 263, '2024-03-15 20:15:32', '2024-03-15 20:15:32'),
(167, 8690, 263, '2024-03-15 20:15:32', '2024-03-15 20:15:32'),
(168, 8691, 263, '2024-03-15 20:15:32', '2024-03-15 20:15:32'),
(169, 8692, 263, '2024-03-15 20:15:32', '2024-03-15 20:15:32'),
(170, 8693, 264, '2024-03-15 20:15:33', '2024-03-15 20:15:33'),
(171, 8694, 265, '2024-03-15 20:15:33', '2024-03-15 20:15:33'),
(172, 8695, 265, '2024-03-15 20:15:33', '2024-03-15 20:15:33'),
(173, 8696, 265, '2024-03-15 20:15:33', '2024-03-15 20:15:33'),
(174, 8697, 265, '2024-03-15 20:15:33', '2024-03-15 20:15:33'),
(175, 8698, 265, '2024-03-15 20:15:35', '2024-03-15 20:15:35'),
(176, 8699, 265, '2024-03-15 20:15:35', '2024-03-15 20:15:35'),
(177, 8700, 266, '2024-03-15 20:15:35', '2024-03-15 20:15:35'),
(178, 8701, 266, '2024-03-15 20:15:35', '2024-03-15 20:15:35'),
(179, 8702, 266, '2024-03-15 20:15:35', '2024-03-15 20:15:35'),
(180, 8703, 266, '2024-03-15 20:15:35', '2024-03-15 20:15:35'),
(181, 8704, 266, '2024-03-15 20:15:35', '2024-03-15 20:15:35'),
(182, 8705, 266, '2024-03-15 20:15:35', '2024-03-15 20:15:35'),
(183, 8706, 266, '2024-03-15 20:15:35', '2024-03-15 20:15:35'),
(184, 8707, 266, '2024-03-15 20:15:35', '2024-03-15 20:15:35'),
(185, 8708, 266, '2024-03-15 20:15:35', '2024-03-15 20:15:35'),
(186, 8709, 266, '2024-03-15 20:15:35', '2024-03-15 20:15:35'),
(187, 8710, 266, '2024-03-15 20:15:35', '2024-03-15 20:15:35'),
(188, 8711, 266, '2024-03-15 20:15:35', '2024-03-15 20:15:35'),
(189, 8712, 266, '2024-03-15 20:15:35', '2024-03-15 20:15:35'),
(190, 8713, 266, '2024-03-15 20:15:35', '2024-03-15 20:15:35'),
(191, 8714, 266, '2024-03-15 20:15:35', '2024-03-15 20:15:35'),
(192, 8715, 266, '2024-03-15 20:15:35', '2024-03-15 20:15:35'),
(193, 8716, 266, '2024-03-15 20:15:35', '2024-03-15 20:15:35'),
(194, 8717, 267, '2024-03-15 20:15:35', '2024-03-15 20:15:35'),
(195, 8718, 267, '2024-03-15 20:15:35', '2024-03-15 20:15:35'),
(196, 8719, 267, '2024-03-15 20:15:35', '2024-03-15 20:15:35'),
(197, 8720, 267, '2024-03-15 20:15:36', '2024-03-15 20:15:36'),
(198, 8721, 267, '2024-03-15 20:15:36', '2024-03-15 20:15:36'),
(199, 8722, 267, '2024-03-15 20:15:36', '2024-03-15 20:15:36'),
(200, 8723, 267, '2024-03-15 20:15:36', '2024-03-15 20:15:36'),
(201, 8724, 267, '2024-03-15 20:15:36', '2024-03-15 20:15:36'),
(202, 8725, 267, '2024-03-15 20:15:36', '2024-03-15 20:15:36'),
(203, 8726, 267, '2024-03-15 20:15:36', '2024-03-15 20:15:36'),
(204, 8727, 267, '2024-03-15 20:15:36', '2024-03-15 20:15:36'),
(205, 8728, 267, '2024-03-15 20:15:36', '2024-03-15 20:15:36'),
(206, 8729, 267, '2024-03-15 20:15:36', '2024-03-15 20:15:36'),
(207, 8730, 267, '2024-03-15 20:15:36', '2024-03-15 20:15:36'),
(208, 8731, 258, '2024-03-15 20:15:36', '2024-03-15 20:15:36'),
(209, 8732, 258, '2024-03-15 20:15:36', '2024-03-15 20:15:36'),
(210, 8733, 258, '2024-03-15 20:15:36', '2024-03-15 20:15:36'),
(211, 8734, 258, '2024-03-15 20:15:36', '2024-03-15 20:15:36'),
(212, 8735, 258, '2024-03-15 20:15:36', '2024-03-15 20:15:36'),
(213, 8736, 258, '2024-03-15 20:15:36', '2024-03-15 20:15:36'),
(214, 8737, 258, '2024-03-15 20:15:36', '2024-03-15 20:15:36'),
(215, 8738, 258, '2024-03-15 20:15:36', '2024-03-15 20:15:36'),
(216, 8739, 258, '2024-03-15 20:15:37', '2024-03-15 20:15:37'),
(217, 8740, 258, '2024-03-15 20:15:37', '2024-03-15 20:15:37'),
(218, 8741, 258, '2024-03-15 20:15:37', '2024-03-15 20:15:37'),
(219, 8742, 258, '2024-03-15 20:15:37', '2024-03-15 20:15:37'),
(220, 8743, 258, '2024-03-15 20:15:37', '2024-03-15 20:15:37'),
(221, 8744, 258, '2024-03-15 20:15:37', '2024-03-15 20:15:37'),
(222, 8745, 258, '2024-03-15 20:15:38', '2024-03-15 20:15:38');

-- --------------------------------------------------------

--
-- Structure de la table `article_category`
--

DROP TABLE IF EXISTS `article_category`;
CREATE TABLE IF NOT EXISTS `article_category` (
  `id` int NOT NULL AUTO_INCREMENT,
  `article_id` int NOT NULL,
  `category_id` int NOT NULL,
  `createdAt` datetime NOT NULL,
  `updatedAt` datetime NOT NULL,
  PRIMARY KEY (`id`),
  KEY `article_id` (`article_id`),
  KEY `category_id` (`category_id`)
) ENGINE=InnoDB AUTO_INCREMENT=259 DEFAULT CHARSET=utf8mb4 COLLATE=utf8mb4_general_ci;

--
-- Déchargement des données de la table `article_category`
--

INSERT INTO `article_category` (`id`, `article_id`, `category_id`, `createdAt`, `updatedAt`) VALUES
(1, 8464, 427, '2024-03-15 20:15:25', '2024-03-15 20:15:25'),
(2, 8465, 427, '2024-03-15 20:15:25', '2024-03-15 20:15:25'),
(3, 8466, 427, '2024-03-15 20:15:25', '2024-03-15 20:15:25'),
(4, 8467, 427, '2024-03-15 20:15:25', '2024-03-15 20:15:25'),
(5, 8468, 427, '2024-03-15 20:15:25', '2024-03-15 20:15:25'),
(6, 8469, 427, '2024-03-15 20:15:25', '2024-03-15 20:15:25'),
(7, 8470, 427, '2024-03-15 20:15:25', '2024-03-15 20:15:25'),
(8, 8471, 427, '2024-03-15 20:15:25', '2024-03-15 20:15:25'),
(9, 8472, 427, '2024-03-15 20:15:25', '2024-03-15 20:15:25'),
(10, 8473, 427, '2024-03-15 20:15:25', '2024-03-15 20:15:25'),
(11, 8474, 427, '2024-03-15 20:15:25', '2024-03-15 20:15:25'),
(12, 8475, 427, '2024-03-15 20:15:25', '2024-03-15 20:15:25'),
(13, 8476, 427, '2024-03-15 20:15:25', '2024-03-15 20:15:25'),
(14, 8477, 427, '2024-03-15 20:15:25', '2024-03-15 20:15:25'),
(15, 8478, 427, '2024-03-15 20:15:25', '2024-03-15 20:15:25'),
(16, 8479, 427, '2024-03-15 20:15:25', '2024-03-15 20:15:25'),
(17, 8480, 427, '2024-03-15 20:15:25', '2024-03-15 20:15:25'),
(18, 8481, 427, '2024-03-15 20:15:25', '2024-03-15 20:15:25'),
(19, 8482, 427, '2024-03-15 20:15:25', '2024-03-15 20:15:25'),
(20, 8483, 427, '2024-03-15 20:15:25', '2024-03-15 20:15:25'),
(21, 8504, 428, '2024-03-15 20:15:27', '2024-03-15 20:15:27'),
(22, 8505, 428, '2024-03-15 20:15:27', '2024-03-15 20:15:27'),
(23, 8506, 429, '2024-03-15 20:15:27', '2024-03-15 20:15:27'),
(24, 8507, 428, '2024-03-15 20:15:27', '2024-03-15 20:15:27'),
(25, 8508, 430, '2024-03-15 20:15:27', '2024-03-15 20:15:27'),
(26, 8509, 431, '2024-03-15 20:15:27', '2024-03-15 20:15:27'),
(27, 8510, 428, '2024-03-15 20:15:27', '2024-03-15 20:15:27'),
(28, 8511, 431, '2024-03-15 20:15:27', '2024-03-15 20:15:27'),
(29, 8512, 428, '2024-03-15 20:15:27', '2024-03-15 20:15:27'),
(30, 8513, 428, '2024-03-15 20:15:27', '2024-03-15 20:15:27'),
(31, 8514, 428, '2024-03-15 20:15:27', '2024-03-15 20:15:27'),
(32, 8515, 428, '2024-03-15 20:15:27', '2024-03-15 20:15:27'),
(33, 8516, 431, '2024-03-15 20:15:27', '2024-03-15 20:15:27'),
(34, 8517, 428, '2024-03-15 20:15:27', '2024-03-15 20:15:27'),
(35, 8518, 430, '2024-03-15 20:15:27', '2024-03-15 20:15:27'),
(36, 8519, 428, '2024-03-15 20:15:27', '2024-03-15 20:15:27'),
(37, 8520, 429, '2024-03-15 20:15:27', '2024-03-15 20:15:27'),
(38, 8521, 428, '2024-03-15 20:15:27', '2024-03-15 20:15:27'),
(39, 8522, 431, '2024-03-15 20:15:27', '2024-03-15 20:15:27'),
(40, 8523, 431, '2024-03-15 20:15:27', '2024-03-15 20:15:27'),
(41, 8524, 432, '2024-03-15 20:15:27', '2024-03-15 20:15:27'),
(42, 8525, 427, '2024-03-15 20:15:27', '2024-03-15 20:15:27'),
(43, 8526, 427, '2024-03-15 20:15:27', '2024-03-15 20:15:27'),
(44, 8527, 432, '2024-03-15 20:15:27', '2024-03-15 20:15:27'),
(45, 8528, 432, '2024-03-15 20:15:27', '2024-03-15 20:15:27'),
(46, 8529, 433, '2024-03-15 20:15:27', '2024-03-15 20:15:27'),
(47, 8530, 433, '2024-03-15 20:15:27', '2024-03-15 20:15:27'),
(48, 8531, 427, '2024-03-15 20:15:28', '2024-03-15 20:15:28'),
(49, 8532, 434, '2024-03-15 20:15:28', '2024-03-15 20:15:28'),
(50, 8533, 435, '2024-03-15 20:15:28', '2024-03-15 20:15:28'),
(51, 8534, 436, '2024-03-15 20:15:28', '2024-03-15 20:15:28'),
(52, 8535, 427, '2024-03-15 20:15:28', '2024-03-15 20:15:28'),
(53, 8536, 432, '2024-03-15 20:15:28', '2024-03-15 20:15:28'),
(54, 8537, 433, '2024-03-15 20:15:28', '2024-03-15 20:15:28'),
(55, 8538, 427, '2024-03-15 20:15:28', '2024-03-15 20:15:28'),
(56, 8539, 427, '2024-03-15 20:15:28', '2024-03-15 20:15:28'),
(57, 8540, 435, '2024-03-15 20:15:28', '2024-03-15 20:15:28'),
(58, 8541, 435, '2024-03-15 20:15:28', '2024-03-15 20:15:28'),
(59, 8542, 435, '2024-03-15 20:15:28', '2024-03-15 20:15:28'),
(60, 8543, 432, '2024-03-15 20:15:28', '2024-03-15 20:15:28'),
(61, 8544, 427, '2024-03-15 20:15:28', '2024-03-15 20:15:28'),
(62, 8545, 432, '2024-03-15 20:15:28', '2024-03-15 20:15:28'),
(63, 8546, 432, '2024-03-15 20:15:28', '2024-03-15 20:15:28'),
(64, 8547, 427, '2024-03-15 20:15:28', '2024-03-15 20:15:28'),
(65, 8548, 432, '2024-03-15 20:15:28', '2024-03-15 20:15:28'),
(66, 8549, 427, '2024-03-15 20:15:28', '2024-03-15 20:15:28'),
(67, 8550, 427, '2024-03-15 20:15:28', '2024-03-15 20:15:28'),
(68, 8551, 427, '2024-03-15 20:15:29', '2024-03-15 20:15:29'),
(69, 8552, 427, '2024-03-15 20:15:29', '2024-03-15 20:15:29'),
(70, 8553, 427, '2024-03-15 20:15:29', '2024-03-15 20:15:29'),
(71, 8554, 434, '2024-03-15 20:15:29', '2024-03-15 20:15:29'),
(72, 8555, 427, '2024-03-15 20:15:29', '2024-03-15 20:15:29'),
(73, 8556, 432, '2024-03-15 20:15:29', '2024-03-15 20:15:29'),
(74, 8557, 434, '2024-03-15 20:15:29', '2024-03-15 20:15:29'),
(75, 8558, 434, '2024-03-15 20:15:29', '2024-03-15 20:15:29'),
(76, 8559, 427, '2024-03-15 20:15:29', '2024-03-15 20:15:29'),
(77, 8560, 432, '2024-03-15 20:15:29', '2024-03-15 20:15:29'),
(78, 8561, 427, '2024-03-15 20:15:29', '2024-03-15 20:15:29'),
(79, 8562, 427, '2024-03-15 20:15:29', '2024-03-15 20:15:29'),
(80, 8563, 434, '2024-03-15 20:15:29', '2024-03-15 20:15:29'),
(81, 8564, 427, '2024-03-15 20:15:29', '2024-03-15 20:15:29'),
(82, 8565, 427, '2024-03-15 20:15:29', '2024-03-15 20:15:29'),
(83, 8566, 427, '2024-03-15 20:15:29', '2024-03-15 20:15:29'),
(84, 8567, 435, '2024-03-15 20:15:29', '2024-03-15 20:15:29'),
(85, 8568, 427, '2024-03-15 20:15:29', '2024-03-15 20:15:29'),
(86, 8569, 427, '2024-03-15 20:15:29', '2024-03-15 20:15:29'),
(87, 8570, 427, '2024-03-15 20:15:29', '2024-03-15 20:15:29'),
(88, 8571, 427, '2024-03-15 20:15:29', '2024-03-15 20:15:29'),
(89, 8572, 435, '2024-03-15 20:15:29', '2024-03-15 20:15:29'),
(90, 8573, 434, '2024-03-15 20:15:29', '2024-03-15 20:15:29'),
(91, 8674, 427, '2024-03-15 20:15:31', '2024-03-15 20:15:31'),
(92, 8674, 437, '2024-03-15 20:15:31', '2024-03-15 20:15:31'),
(93, 8675, 427, '2024-03-15 20:15:31', '2024-03-15 20:15:31'),
(94, 8675, 437, '2024-03-15 20:15:31', '2024-03-15 20:15:31'),
(95, 8676, 427, '2024-03-15 20:15:31', '2024-03-15 20:15:31'),
(96, 8676, 437, '2024-03-15 20:15:31', '2024-03-15 20:15:31'),
(97, 8677, 427, '2024-03-15 20:15:31', '2024-03-15 20:15:31'),
(98, 8678, 427, '2024-03-15 20:15:31', '2024-03-15 20:15:31'),
(99, 8678, 438, '2024-03-15 20:15:31', '2024-03-15 20:15:31'),
(100, 8678, 439, '2024-03-15 20:15:31', '2024-03-15 20:15:31'),
(101, 8678, 440, '2024-03-15 20:15:31', '2024-03-15 20:15:31'),
(102, 8679, 427, '2024-03-15 20:15:31', '2024-03-15 20:15:31'),
(103, 8679, 437, '2024-03-15 20:15:31', '2024-03-15 20:15:31'),
(104, 8680, 427, '2024-03-15 20:15:31', '2024-03-15 20:15:31'),
(105, 8680, 441, '2024-03-15 20:15:31', '2024-03-15 20:15:31'),
(106, 8680, 439, '2024-03-15 20:15:31', '2024-03-15 20:15:31'),
(107, 8681, 427, '2024-03-15 20:15:31', '2024-03-15 20:15:31'),
(108, 8682, 427, '2024-03-15 20:15:31', '2024-03-15 20:15:31'),
(109, 8683, 427, '2024-03-15 20:15:31', '2024-03-15 20:15:31'),
(110, 8684, 442, '2024-03-15 20:15:31', '2024-03-15 20:15:31'),
(111, 8684, 443, '2024-03-15 20:15:31', '2024-03-15 20:15:31'),
(112, 8684, 444, '2024-03-15 20:15:31', '2024-03-15 20:15:31'),
(113, 8684, 445, '2024-03-15 20:15:31', '2024-03-15 20:15:31'),
(114, 8684, 446, '2024-03-15 20:15:31', '2024-03-15 20:15:31'),
(115, 8684, 447, '2024-03-15 20:15:31', '2024-03-15 20:15:31'),
(116, 8684, 448, '2024-03-15 20:15:31', '2024-03-15 20:15:31'),
(117, 8684, 449, '2024-03-15 20:15:31', '2024-03-15 20:15:31'),
(118, 8684, 450, '2024-03-15 20:15:31', '2024-03-15 20:15:31'),
(119, 8684, 451, '2024-03-15 20:15:32', '2024-03-15 20:15:32'),
(120, 8684, 452, '2024-03-15 20:15:32', '2024-03-15 20:15:32'),
(121, 8684, 453, '2024-03-15 20:15:32', '2024-03-15 20:15:32'),
(122, 8684, 454, '2024-03-15 20:15:32', '2024-03-15 20:15:32'),
(123, 8684, 455, '2024-03-15 20:15:32', '2024-03-15 20:15:32'),
(124, 8684, 456, '2024-03-15 20:15:32', '2024-03-15 20:15:32'),
(125, 8684, 457, '2024-03-15 20:15:32', '2024-03-15 20:15:32'),
(126, 8684, 458, '2024-03-15 20:15:32', '2024-03-15 20:15:32'),
(127, 8685, 459, '2024-03-15 20:15:32', '2024-03-15 20:15:32'),
(128, 8685, 444, '2024-03-15 20:15:32', '2024-03-15 20:15:32'),
(129, 8685, 445, '2024-03-15 20:15:32', '2024-03-15 20:15:32'),
(130, 8685, 447, '2024-03-15 20:15:32', '2024-03-15 20:15:32'),
(131, 8685, 460, '2024-03-15 20:15:32', '2024-03-15 20:15:32'),
(132, 8686, 442, '2024-03-15 20:15:32', '2024-03-15 20:15:32'),
(133, 8686, 445, '2024-03-15 20:15:32', '2024-03-15 20:15:32'),
(134, 8686, 447, '2024-03-15 20:15:32', '2024-03-15 20:15:32'),
(135, 8686, 450, '2024-03-15 20:15:32', '2024-03-15 20:15:32'),
(136, 8686, 454, '2024-03-15 20:15:32', '2024-03-15 20:15:32'),
(137, 8686, 455, '2024-03-15 20:15:32', '2024-03-15 20:15:32'),
(138, 8686, 457, '2024-03-15 20:15:32', '2024-03-15 20:15:32'),
(139, 8687, 461, '2024-03-15 20:15:32', '2024-03-15 20:15:32'),
(140, 8687, 462, '2024-03-15 20:15:32', '2024-03-15 20:15:32'),
(141, 8687, 427, '2024-03-15 20:15:32', '2024-03-15 20:15:32'),
(142, 8687, 447, '2024-03-15 20:15:32', '2024-03-15 20:15:32'),
(143, 8687, 463, '2024-03-15 20:15:32', '2024-03-15 20:15:32'),
(144, 8688, 444, '2024-03-15 20:15:32', '2024-03-15 20:15:32'),
(145, 8688, 427, '2024-03-15 20:15:32', '2024-03-15 20:15:32'),
(146, 8688, 447, '2024-03-15 20:15:32', '2024-03-15 20:15:32'),
(147, 8688, 463, '2024-03-15 20:15:32', '2024-03-15 20:15:32'),
(148, 8689, 445, '2024-03-15 20:15:32', '2024-03-15 20:15:32'),
(149, 8689, 464, '2024-03-15 20:15:32', '2024-03-15 20:15:32'),
(150, 8689, 465, '2024-03-15 20:15:32', '2024-03-15 20:15:32'),
(151, 8689, 466, '2024-03-15 20:15:32', '2024-03-15 20:15:32'),
(152, 8689, 446, '2024-03-15 20:15:32', '2024-03-15 20:15:32'),
(153, 8689, 447, '2024-03-15 20:15:32', '2024-03-15 20:15:32'),
(154, 8689, 467, '2024-03-15 20:15:32', '2024-03-15 20:15:32'),
(155, 8689, 468, '2024-03-15 20:15:32', '2024-03-15 20:15:32'),
(156, 8689, 449, '2024-03-15 20:15:32', '2024-03-15 20:15:32'),
(157, 8689, 469, '2024-03-15 20:15:32', '2024-03-15 20:15:32'),
(158, 8689, 451, '2024-03-15 20:15:32', '2024-03-15 20:15:32'),
(159, 8689, 452, '2024-03-15 20:15:32', '2024-03-15 20:15:32'),
(160, 8689, 453, '2024-03-15 20:15:32', '2024-03-15 20:15:32'),
(161, 8689, 454, '2024-03-15 20:15:32', '2024-03-15 20:15:32'),
(162, 8689, 455, '2024-03-15 20:15:32', '2024-03-15 20:15:32'),
(163, 8689, 456, '2024-03-15 20:15:32', '2024-03-15 20:15:32'),
(164, 8689, 470, '2024-03-15 20:15:32', '2024-03-15 20:15:32'),
(165, 8689, 457, '2024-03-15 20:15:32', '2024-03-15 20:15:32'),
(166, 8689, 458, '2024-03-15 20:15:32', '2024-03-15 20:15:32'),
(167, 8689, 471, '2024-03-15 20:15:32', '2024-03-15 20:15:32'),
(168, 8690, 445, '2024-03-15 20:15:32', '2024-03-15 20:15:32'),
(169, 8690, 465, '2024-03-15 20:15:32', '2024-03-15 20:15:32'),
(170, 8690, 472, '2024-03-15 20:15:32', '2024-03-15 20:15:32'),
(171, 8690, 446, '2024-03-15 20:15:32', '2024-03-15 20:15:32'),
(172, 8690, 447, '2024-03-15 20:15:32', '2024-03-15 20:15:32'),
(173, 8690, 448, '2024-03-15 20:15:32', '2024-03-15 20:15:32'),
(174, 8690, 449, '2024-03-15 20:15:32', '2024-03-15 20:15:32'),
(175, 8690, 469, '2024-03-15 20:15:32', '2024-03-15 20:15:32'),
(176, 8690, 451, '2024-03-15 20:15:32', '2024-03-15 20:15:32'),
(177, 8690, 452, '2024-03-15 20:15:32', '2024-03-15 20:15:32'),
(178, 8690, 453, '2024-03-15 20:15:32', '2024-03-15 20:15:32'),
(179, 8690, 454, '2024-03-15 20:15:32', '2024-03-15 20:15:32'),
(180, 8690, 455, '2024-03-15 20:15:32', '2024-03-15 20:15:32'),
(181, 8690, 456, '2024-03-15 20:15:32', '2024-03-15 20:15:32'),
(182, 8690, 457, '2024-03-15 20:15:32', '2024-03-15 20:15:32'),
(183, 8690, 458, '2024-03-15 20:15:32', '2024-03-15 20:15:32'),
(184, 8691, 465, '2024-03-15 20:15:32', '2024-03-15 20:15:32'),
(185, 8691, 447, '2024-03-15 20:15:32', '2024-03-15 20:15:32'),
(186, 8691, 451, '2024-03-15 20:15:32', '2024-03-15 20:15:32'),
(187, 8691, 452, '2024-03-15 20:15:32', '2024-03-15 20:15:32'),
(188, 8691, 453, '2024-03-15 20:15:32', '2024-03-15 20:15:32'),
(189, 8691, 457, '2024-03-15 20:15:32', '2024-03-15 20:15:32'),
(190, 8691, 471, '2024-03-15 20:15:32', '2024-03-15 20:15:32'),
(191, 8692, 445, '2024-03-15 20:15:32', '2024-03-15 20:15:32'),
(192, 8692, 464, '2024-03-15 20:15:32', '2024-03-15 20:15:32'),
(193, 8692, 465, '2024-03-15 20:15:32', '2024-03-15 20:15:32'),
(194, 8692, 473, '2024-03-15 20:15:32', '2024-03-15 20:15:32'),
(195, 8692, 466, '2024-03-15 20:15:32', '2024-03-15 20:15:32'),
(196, 8692, 446, '2024-03-15 20:15:32', '2024-03-15 20:15:32'),
(197, 8692, 447, '2024-03-15 20:15:32', '2024-03-15 20:15:32'),
(198, 8692, 467, '2024-03-15 20:15:32', '2024-03-15 20:15:32'),
(199, 8692, 468, '2024-03-15 20:15:32', '2024-03-15 20:15:32'),
(200, 8692, 474, '2024-03-15 20:15:32', '2024-03-15 20:15:32'),
(201, 8692, 448, '2024-03-15 20:15:33', '2024-03-15 20:15:33'),
(202, 8692, 449, '2024-03-15 20:15:33', '2024-03-15 20:15:33'),
(203, 8692, 450, '2024-03-15 20:15:33', '2024-03-15 20:15:33'),
(204, 8692, 469, '2024-03-15 20:15:33', '2024-03-15 20:15:33'),
(205, 8692, 475, '2024-03-15 20:15:33', '2024-03-15 20:15:33'),
(206, 8692, 476, '2024-03-15 20:15:33', '2024-03-15 20:15:33'),
(207, 8692, 477, '2024-03-15 20:15:33', '2024-03-15 20:15:33'),
(208, 8692, 451, '2024-03-15 20:15:33', '2024-03-15 20:15:33'),
(209, 8692, 463, '2024-03-15 20:15:33', '2024-03-15 20:15:33'),
(210, 8692, 452, '2024-03-15 20:15:33', '2024-03-15 20:15:33'),
(211, 8692, 453, '2024-03-15 20:15:33', '2024-03-15 20:15:33'),
(212, 8692, 454, '2024-03-15 20:15:33', '2024-03-15 20:15:33'),
(213, 8692, 455, '2024-03-15 20:15:33', '2024-03-15 20:15:33'),
(214, 8692, 456, '2024-03-15 20:15:33', '2024-03-15 20:15:33'),
(215, 8692, 478, '2024-03-15 20:15:33', '2024-03-15 20:15:33'),
(216, 8692, 470, '2024-03-15 20:15:33', '2024-03-15 20:15:33'),
(217, 8692, 457, '2024-03-15 20:15:33', '2024-03-15 20:15:33'),
(218, 8692, 458, '2024-03-15 20:15:33', '2024-03-15 20:15:33'),
(219, 8692, 471, '2024-03-15 20:15:33', '2024-03-15 20:15:33'),
(220, 8693, 461, '2024-03-15 20:15:33', '2024-03-15 20:15:33'),
(221, 8693, 447, '2024-03-15 20:15:33', '2024-03-15 20:15:33'),
(222, 8694, 428, '2024-03-15 20:15:33', '2024-03-15 20:15:33'),
(223, 8695, 428, '2024-03-15 20:15:33', '2024-03-15 20:15:33'),
(224, 8696, 428, '2024-03-15 20:15:33', '2024-03-15 20:15:33'),
(225, 8697, 428, '2024-03-15 20:15:33', '2024-03-15 20:15:33'),
(226, 8698, 428, '2024-03-15 20:15:35', '2024-03-15 20:15:35'),
(227, 8699, 428, '2024-03-15 20:15:35', '2024-03-15 20:15:35'),
(228, 8700, 479, '2024-03-15 20:15:35', '2024-03-15 20:15:35'),
(229, 8701, 479, '2024-03-15 20:15:35', '2024-03-15 20:15:35'),
(230, 8702, 479, '2024-03-15 20:15:35', '2024-03-15 20:15:35'),
(231, 8703, 479, '2024-03-15 20:15:35', '2024-03-15 20:15:35'),
(232, 8704, 479, '2024-03-15 20:15:35', '2024-03-15 20:15:35'),
(233, 8705, 479, '2024-03-15 20:15:35', '2024-03-15 20:15:35'),
(234, 8706, 479, '2024-03-15 20:15:35', '2024-03-15 20:15:35'),
(235, 8707, 479, '2024-03-15 20:15:35', '2024-03-15 20:15:35'),
(236, 8708, 479, '2024-03-15 20:15:35', '2024-03-15 20:15:35'),
(237, 8709, 479, '2024-03-15 20:15:35', '2024-03-15 20:15:35'),
(238, 8710, 479, '2024-03-15 20:15:35', '2024-03-15 20:15:35'),
(239, 8711, 479, '2024-03-15 20:15:35', '2024-03-15 20:15:35'),
(240, 8712, 479, '2024-03-15 20:15:35', '2024-03-15 20:15:35'),
(241, 8713, 479, '2024-03-15 20:15:35', '2024-03-15 20:15:35'),
(242, 8714, 479, '2024-03-15 20:15:35', '2024-03-15 20:15:35'),
(243, 8715, 479, '2024-03-15 20:15:35', '2024-03-15 20:15:35'),
(244, 8716, 479, '2024-03-15 20:15:35', '2024-03-15 20:15:35'),
(245, 8717, 480, '2024-03-15 20:15:35', '2024-03-15 20:15:35'),
(246, 8718, 480, '2024-03-15 20:15:35', '2024-03-15 20:15:35'),
(247, 8719, 480, '2024-03-15 20:15:35', '2024-03-15 20:15:35'),
(248, 8720, 480, '2024-03-15 20:15:36', '2024-03-15 20:15:36'),
(249, 8721, 480, '2024-03-15 20:15:36', '2024-03-15 20:15:36'),
(250, 8722, 480, '2024-03-15 20:15:36', '2024-03-15 20:15:36'),
(251, 8723, 480, '2024-03-15 20:15:36', '2024-03-15 20:15:36'),
(252, 8724, 480, '2024-03-15 20:15:36', '2024-03-15 20:15:36'),
(253, 8725, 480, '2024-03-15 20:15:36', '2024-03-15 20:15:36'),
(254, 8726, 480, '2024-03-15 20:15:36', '2024-03-15 20:15:36'),
(255, 8727, 480, '2024-03-15 20:15:36', '2024-03-15 20:15:36'),
(256, 8728, 480, '2024-03-15 20:15:36', '2024-03-15 20:15:36'),
(257, 8729, 480, '2024-03-15 20:15:36', '2024-03-15 20:15:36'),
(258, 8730, 480, '2024-03-15 20:15:36', '2024-03-15 20:15:36');

-- --------------------------------------------------------

--
-- Structure de la table `author`
--

DROP TABLE IF EXISTS `author`;
CREATE TABLE IF NOT EXISTS `author` (
  `id` int NOT NULL AUTO_INCREMENT,
  `firstName` varchar(60) CHARACTER SET utf8mb4 COLLATE utf8mb4_general_ci DEFAULT NULL,
  `lastName` varchar(60) CHARACTER SET utf8mb4 COLLATE utf8mb4_general_ci DEFAULT NULL,
  `name` varchar(255) COLLATE utf8mb4_general_ci NOT NULL,
  `createdAt` datetime NOT NULL,
  `updatedAt` datetime NOT NULL,
  PRIMARY KEY (`id`)
) ENGINE=InnoDB AUTO_INCREMENT=268 DEFAULT CHARSET=utf8mb4 COLLATE=utf8mb4_general_ci;

--
-- Déchargement des données de la table `author`
--

INSERT INTO `author` (`id`, `firstName`, `lastName`, `name`, `createdAt`, `updatedAt`) VALUES
(241, NULL, NULL, 'Joël Ignasse', '2024-03-15 20:15:27', '2024-03-15 20:15:27'),
(242, NULL, NULL, 'Sara de Lacerda', '2024-03-15 20:15:27', '2024-03-15 20:15:27'),
(243, NULL, NULL, 'Anne-Sophie Tassart', '2024-03-15 20:15:27', '2024-03-15 20:15:27'),
(244, NULL, NULL, 'Agnès Vernet', '2024-03-15 20:15:27', '2024-03-15 20:15:27'),
(245, NULL, NULL, 'Marine Benoit', '2024-03-15 20:15:28', '2024-03-15 20:15:28'),
(246, NULL, NULL, 'Sylvie Briet', '2024-03-15 20:15:28', '2024-03-15 20:15:28'),
(247, NULL, NULL, 'Sciences et Avenir avec AFP', '2024-03-15 20:15:28', '2024-03-15 20:15:28'),
(248, NULL, NULL, 'Marie Parra', '2024-03-15 20:15:28', '2024-03-15 20:15:28'),
(249, NULL, NULL, 'Cécile Dumas', '2024-03-15 20:15:28', '2024-03-15 20:15:28'),
(250, NULL, NULL, 'Nicolas Gutierrez C.', '2024-03-15 20:15:28', '2024-03-15 20:15:28'),
(251, NULL, NULL, 'Olivier Lascar', '2024-03-15 20:15:28', '2024-03-15 20:15:28'),
(252, NULL, NULL, 'Philippe Walter', '2024-03-15 20:15:29', '2024-03-15 20:15:29'),
(253, NULL, NULL, 'Guillet Emmanuel', '2024-03-15 20:15:29', '2024-03-15 20:15:29'),
(254, NULL, NULL, 'Bernadette Arnaud', '2024-03-15 20:15:29', '2024-03-15 20:15:29'),
(255, NULL, NULL, 'Aline Kiner', '2024-03-15 20:15:29', '2024-03-15 20:15:29'),
(256, NULL, NULL, 'Sarah Sermondadaz', '2024-03-15 20:15:29', '2024-03-15 20:15:29'),
(257, NULL, NULL, 'Hugo Jalinière', '2024-03-15 20:15:29', '2024-03-15 20:15:29'),
(258, NULL, NULL, 'Inrap', '2024-03-15 20:15:29', '2024-03-15 20:15:29'),
(259, NULL, NULL, 'archipeldessciences', '2024-03-15 20:15:31', '2024-03-15 20:15:31'),
(260, NULL, NULL, 'Grégory QUETIER', '2024-03-15 20:15:31', '2024-03-15 20:15:31'),
(261, NULL, NULL, 'Jean-Marie LEVASSEUR', '2024-03-15 20:15:32', '2024-03-15 20:15:32'),
(262, NULL, NULL, 'webmaster2-codep56', '2024-03-15 20:15:32', '2024-03-15 20:15:32'),
(263, NULL, NULL, 'CIBPL - FFESSM', '2024-03-15 20:15:32', '2024-03-15 20:15:32'),
(264, NULL, NULL, 'webmaster1-archeologie', '2024-03-15 20:15:33', '2024-03-15 20:15:33'),
(265, NULL, NULL, 'Support Cairn', '2024-03-15 20:15:33', '2024-03-15 20:15:33'),
(266, NULL, NULL, 'Marcjer', '2024-03-15 20:15:35', '2024-03-15 20:15:35'),
(267, NULL, NULL, 'Radio France', '2024-03-15 20:15:35', '2024-03-15 20:15:35');

-- --------------------------------------------------------

--
-- Structure de la table `category`
--

DROP TABLE IF EXISTS `category`;
CREATE TABLE IF NOT EXISTS `category` (
  `id` int NOT NULL AUTO_INCREMENT,
  `name` varchar(255) COLLATE utf8mb4_general_ci NOT NULL,
  `createdAt` datetime NOT NULL,
  `updatedAt` datetime NOT NULL,
  PRIMARY KEY (`id`)
) ENGINE=InnoDB AUTO_INCREMENT=481 DEFAULT CHARSET=utf8mb4 COLLATE=utf8mb4_general_ci;

--
-- Déchargement des données de la table `category`
--

INSERT INTO `category` (`id`, `name`, `createdAt`, `updatedAt`) VALUES
(427, 'Archéologie', '2024-03-15 20:15:25', '2024-03-15 20:15:25'),
(428, 'Histoire', '2024-03-15 20:15:27', '2024-03-15 20:15:27'),
(429, 'Histoire Archives', '2024-03-15 20:15:27', '2024-03-15 20:15:27'),
(430, 'Histoire Livres', '2024-03-15 20:15:27', '2024-03-15 20:15:27'),
(431, 'Vox Histoire', '2024-03-15 20:15:27', '2024-03-15 20:15:27'),
(432, 'Paléontologie', '2024-03-15 20:15:27', '2024-03-15 20:15:27'),
(433, 'Anthropologie', '2024-03-15 20:15:27', '2024-03-15 20:15:27'),
(434, 'Patrimoine', '2024-03-15 20:15:28', '2024-03-15 20:15:28'),
(435, 'Archéo & paléo', '2024-03-15 20:15:28', '2024-03-15 20:15:28'),
(436, 'Evolution', '2024-03-15 20:15:28', '2024-03-15 20:15:28'),
(437, 'Sciences de la Vie et de la Terre', '2024-03-15 20:15:31', '2024-03-15 20:15:31'),
(438, 'Risque sismique', '2024-03-15 20:15:31', '2024-03-15 20:15:31'),
(439, 'Risques majeurs', '2024-03-15 20:15:31', '2024-03-15 20:15:31'),
(440, 'Tsunami', '2024-03-15 20:15:31', '2024-03-15 20:15:31'),
(441, 'Risque volcanique', '2024-03-15 20:15:31', '2024-03-15 20:15:31'),
(442, 'à la une 35', '2024-03-15 20:15:31', '2024-03-15 20:15:31'),
(443, 'à la une de l\'apnée', '2024-03-15 20:15:31', '2024-03-15 20:15:31'),
(444, 'Actualités', '2024-03-15 20:15:31', '2024-03-15 20:15:31'),
(445, 'Apnée', '2024-03-15 20:15:31', '2024-03-15 20:15:31'),
(446, 'Environnement et Biologie', '2024-03-15 20:15:31', '2024-03-15 20:15:31'),
(447, 'Épaves et Archéologie', '2024-03-15 20:15:31', '2024-03-15 20:15:31'),
(448, 'Handisub', '2024-03-15 20:15:31', '2024-03-15 20:15:31'),
(449, 'Hockey subaquatique', '2024-03-15 20:15:31', '2024-03-15 20:15:31'),
(450, 'Ille-et-Vilaine', '2024-03-15 20:15:31', '2024-03-15 20:15:31'),
(451, 'Médicale et Prévention', '2024-03-15 20:15:31', '2024-03-15 20:15:31'),
(452, 'Nage avec palmes', '2024-03-15 20:15:32', '2024-03-15 20:15:32'),
(453, 'Nage en eau vive', '2024-03-15 20:15:32', '2024-03-15 20:15:32'),
(454, 'Pêche sous-marine', '2024-03-15 20:15:32', '2024-03-15 20:15:32'),
(455, 'Photo et Vidéo', '2024-03-15 20:15:32', '2024-03-15 20:15:32'),
(456, 'Plongée Sportive en Piscine', '2024-03-15 20:15:32', '2024-03-15 20:15:32'),
(457, 'Technique', '2024-03-15 20:15:32', '2024-03-15 20:15:32'),
(458, 'Tir sur cible', '2024-03-15 20:15:32', '2024-03-15 20:15:32'),
(459, 'à la une 85', '2024-03-15 20:15:32', '2024-03-15 20:15:32'),
(460, 'Vendée', '2024-03-15 20:15:32', '2024-03-15 20:15:32'),
(461, 'à la une de l\'archéologie', '2024-03-15 20:15:32', '2024-03-15 20:15:32'),
(462, 'à la une du 56', '2024-03-15 20:15:32', '2024-03-15 20:15:32'),
(463, 'Morbihan', '2024-03-15 20:15:32', '2024-03-15 20:15:32'),
(464, 'Bénévolat', '2024-03-15 20:15:32', '2024-03-15 20:15:32'),
(465, 'CIBPL', '2024-03-15 20:15:32', '2024-03-15 20:15:32'),
(466, 'Développement durable', '2024-03-15 20:15:32', '2024-03-15 20:15:32'),
(467, 'Équipements', '2024-03-15 20:15:32', '2024-03-15 20:15:32'),
(468, 'Féminisation', '2024-03-15 20:15:32', '2024-03-15 20:15:32'),
(469, 'Juridique', '2024-03-15 20:15:32', '2024-03-15 20:15:32'),
(470, 'Sport Santé', '2024-03-15 20:15:32', '2024-03-15 20:15:32'),
(471, 'Tourisme', '2024-03-15 20:15:32', '2024-03-15 20:15:32'),
(472, 'Coronavirus', '2024-03-15 20:15:32', '2024-03-15 20:15:32'),
(473, 'Côtes d’Armor', '2024-03-15 20:15:32', '2024-03-15 20:15:32'),
(474, 'Finistère', '2024-03-15 20:15:32', '2024-03-15 20:15:32'),
(475, 'Loire-Atlantique', '2024-03-15 20:15:33', '2024-03-15 20:15:33'),
(476, 'Maine-et-Loire', '2024-03-15 20:15:33', '2024-03-15 20:15:33'),
(477, 'Mayenne', '2024-03-15 20:15:33', '2024-03-15 20:15:33'),
(478, 'Sarthe', '2024-03-15 20:15:33', '2024-03-15 20:15:33'),
(479, 'Education', '2024-03-15 20:15:35', '2024-03-15 20:15:35'),
(480, 'History', '2024-03-15 20:15:35', '2024-03-15 20:15:35');

-- --------------------------------------------------------

--
-- Structure de la table `favourite_article`
--

DROP TABLE IF EXISTS `favourite_article`;
CREATE TABLE IF NOT EXISTS `favourite_article` (
  `id` int NOT NULL AUTO_INCREMENT,
  `user_id` int NOT NULL,
  `article_id` int NOT NULL,
  PRIMARY KEY (`id`),
  KEY `article_id` (`article_id`),
  KEY `user_id` (`user_id`)
) ENGINE=InnoDB DEFAULT CHARSET=utf8mb4 COLLATE=utf8mb4_general_ci;

-- --------------------------------------------------------

--
-- Structure de la table `map`
--

DROP TABLE IF EXISTS `map`;
CREATE TABLE IF NOT EXISTS `map` (
  `id` int NOT NULL AUTO_INCREMENT,
  `name` varchar(255) COLLATE utf8mb4_general_ci NOT NULL,
  `county` varchar(255) COLLATE utf8mb4_general_ci NOT NULL,
  `latitude` varchar(255) COLLATE utf8mb4_general_ci NOT NULL,
  `longitude` varchar(255) COLLATE utf8mb4_general_ci NOT NULL,
  PRIMARY KEY (`id`)
) ENGINE=InnoDB DEFAULT CHARSET=utf8mb4 COLLATE=utf8mb4_general_ci;

-- --------------------------------------------------------

--
-- Structure de la table `media`
--

DROP TABLE IF EXISTS `media`;
CREATE TABLE IF NOT EXISTS `media` (
  `id` int NOT NULL AUTO_INCREMENT,
  `mediaLink` varchar(255) CHARACTER SET utf8mb4 COLLATE utf8mb4_general_ci DEFAULT NULL,
  `mediaDescription` varchar(255) CHARACTER SET utf8mb4 COLLATE utf8mb4_general_ci DEFAULT NULL,
  `mediaCredit` varchar(255) CHARACTER SET utf8mb4 COLLATE utf8mb4_general_ci DEFAULT NULL,
  `createdAt` datetime NOT NULL,
  `updatedAt` datetime NOT NULL,
  PRIMARY KEY (`id`)
) ENGINE=InnoDB AUTO_INCREMENT=2948 DEFAULT CHARSET=utf8mb4 COLLATE=utf8mb4_general_ci;

--
-- Déchargement des données de la table `media`
--

INSERT INTO `media` (`id`, `mediaLink`, `mediaDescription`, `mediaCredit`, `createdAt`, `updatedAt`) VALUES
(2770, 'https://media.lesechos.com/api/v1/images/view/65c100ddad80f67b0a6bcb49/640x360/417378841-801717088637037-1579610783025304287-n.jpg', NULL, 'Wojewódzki Urząd Ochrony Zabytków w Toruniu (Office provincial de protection des monuments de Toruń)', '2024-03-15 20:15:25', '2024-03-15 20:15:25'),
(2771, 'https://img.lemde.fr/2024/03/08/31/0/1294/647/644/322/60/0/219b9db_1709909347810-178295.jpg', 'Un artefact en écailles fortement altéré sur le site archéologique de Korolevo (Ukraine), en août 2023.', 'Roman Garba/AP', '2024-03-15 20:15:26', '2024-03-15 20:15:26'),
(2772, 'https://img.lemde.fr/2022/07/09/2535/0/5504/2752/644/322/60/0/f407b17_1657401698211-12-diatrete-2.jpg', 'Le vase diatrète découvert par les archéologues de l’INRAP sur le site de la nécropole de Saint-Pierre-l’Estrier à Autun (Saône-et-Loire).', 'HAMID AZMOUN', '2024-03-15 20:15:26', '2024-03-15 20:15:26'),
(2773, 'https://img.lemde.fr/2024/03/04/60/0/1920/960/644/322/60/0/34476e3_1709547673915-notre-dame.png', '', 'CNRS Le Journal', '2024-03-15 20:15:26', '2024-03-15 20:15:26'),
(2774, 'https://img.lemde.fr/2024/03/01/735/0/4032/2016/644/322/60/0/e3d7e67_5785515-01-06.jpg', 'La fresque représentant la fuite de Phrixos et de sa sœur jumelle, Hellé, sur le bélier à la Toison d’or.', 'SERVICE DE PRESSE DU PARC ARCHÉOLOGIQUE DE POMPÉI / AFP', '2024-03-15 20:15:26', '2024-03-15 20:15:26'),
(2775, 'https://img.lemde.fr/2024/02/23/218/0/5325/2662/644/322/60/0/c9de64f_1708695432327-imagecompo05-copie.jpg', 'Nuage de points 3D, de la coupe longitudinale sur la partie sud de la cathédrale Notre-Dame de Paris. En rouge, relevé effectué par Andrew Tallon quelques années avant l’incendie de 2019.', 'Violette Abergel/Livio De Luca/MAP/Vassar College/GEA/LIFE 3D/Chantier scientifique Notre-Dame de Paris/Ministère de la Culture/CNRS', '2024-03-15 20:15:26', '2024-03-15 20:15:26'),
(2776, 'https://img.lemde.fr/2024/02/21/78/0/3968/1984/644/322/60/0/d2c91e2_1708504561819-16-enseigne-de-pei-lerinage-ai-la-effigie-de-saint-christophe.jpg', 'Enseigne de pèlerinage à l’effigie de Saint-Christophe portant Jésus (XIIIᵉ-XVIᵉ siècle).', 'Paris Musées/Musée Carnavalet - Histoire de Paris', '2024-03-15 20:15:26', '2024-03-15 20:15:26'),
(2777, 'https://img.lemde.fr/2024/02/19/0/0/1111/555/644/322/60/0/06fe41f_1708334832075-plan-de-travail-5.png', '', 'Infographie : Le Monde', '2024-03-15 20:15:26', '2024-03-15 20:15:26'),
(2778, 'https://img.lemde.fr/2024/02/19/636/0/2835/1417/644/322/60/0/00a15fd_1708332411136-fig-1.jpg', 'Le crâne fracassé et incomplet de l’homme de Vittrup, trouvé en 1915 dans une tourbière, au Danemark, présente pas moins de huit traces de coups violents.', 'Stephen Freiheit/Fischer et al./PLOS ONE', '2024-03-15 20:15:26', '2024-03-15 20:15:26'),
(2779, 'https://img.lemde.fr/2023/04/27/355/0/4253/2126/644/322/60/0/a40be1e_1682585330590-2d85c17-1680106845701-le-monde-tribune-def-01.jpg', '', 'Chez Gertrud', '2024-03-15 20:15:26', '2024-03-15 20:15:26'),
(2780, 'https://img.lemde.fr/2024/02/13/0/0/5760/2880/644/322/60/0/30ea4a9_1707842198069-000-349t4yx.jpg', 'La mosquée Al-Omari, la plus ancienne de la bande de Gaza, endommagée par les bombardements israéliens, le 5 janvier 2024.', '- / AFP', '2024-03-15 20:15:26', '2024-03-15 20:15:26'),
(2781, 'https://img.lemde.fr/2024/02/13/480/0/5760/2880/644/322/60/0/16c1b2a_1707840744903-000-349v42h.jpg', 'Dans la vieille ville de Gaza, le centre Reyad El-Alami pour le patrimoine palestinien, une maison vieille de 430 ans endommagée par les bombardements israéliens, le 5 janvier 2024.', '- / AFP', '2024-03-15 20:15:26', '2024-03-15 20:15:26'),
(2782, 'https://img.lemde.fr/2024/02/06/442/0/600/300/644/322/60/0/ce94afb_1707215311311-9782080270467-1-75.jpg', '« Dernières nouvelles du cerveau », de Paolo Bartolomeo, Flammarion, 192 p., 13,50 €.', 'FLAMMARION', '2024-03-15 20:15:26', '2024-03-15 20:15:26'),
(2783, 'https://img.lemde.fr/2024/01/31/10/0/2363/1181/644/322/60/0/96df49d_1706708940913-stone-tools-from-the-lrj-at-ranis.png', 'Outils en pierre de type Lincombien-Ranisien-Jermanowicien (LRJ) trouvés sur le site de Ranis, en Allemagne, datés d’environ 45 000 ans, et désormais attribués à des « homo sapiens ».', 'JOSEPHINE SCHUBERT / Museum Burg Ranis', '2024-03-15 20:15:26', '2024-03-15 20:15:26'),
(2784, 'https://img.lemde.fr/2024/01/22/500/0/6000/3000/644/322/60/0/61273c1_1705929297444-fig-5.JPG', 'Fouille en cours du niveau solutréen, à Fragnes-La Loyère (Saône-et-Loire), en octobre 2023.', 'Gaëlle Pertuisot/INRAP', '2024-03-15 20:15:26', '2024-03-15 20:15:26'),
(2785, 'https://img.lemde.fr/2024/01/12/63/0/1849/924/644/322/60/0/7314e16_1705063125782-2023-11-30t095353z-1280733274-mt1cvmd53271868-rtrmadp-3-cover-images.JPG', 'Des bénévoles du club d’histoire amateur de Collyweston (Northamptonshire) réalisent des fouilles, sur le site d’un palais Tudor disparu, en novembre 2023.', 'Collyweston Historical and Preservation Society/Reuters', '2024-03-15 20:15:26', '2024-03-15 20:15:26'),
(2786, 'https://img.lemde.fr/2024/01/11/0/0/2953/1476/644/322/60/0/5a856ce_1704983011223-reconstitution-du-site-de-sangay-rostain.jpg', 'Aquarelle reconstitutant le site de Sangay, dans la vallée d’Upano en Équateur.', 'Stephen Rostain', '2024-03-15 20:15:26', '2024-03-15 20:15:26'),
(2787, 'https://img.lemde.fr/2024/01/03/366/0/1920/960/644/322/60/0/12af93b_1704281720139-36295da7d9ed-a75-pontcharaud01-fouillesepst93-1-irap.jpeg', 'Sépulture néolithique en pierre sèche en cours de fouille, site de Pontcharaud, Clermont-Ferrand.', 'Inrap', '2024-03-15 20:15:26', '2024-03-15 20:15:26'),
(2788, 'https://img.lemde.fr/2023/12/16/2050/0/8200/4100/644/322/60/0/c128318_1702716114571-euclid-s-view-of-the-horsehead-nebula.jpg', 'La nébuleuse de la Tête de cheval, capturée par le télescope spatial Euclid. Image publiée le 7 novembre 2023.', 'J.-C. Cuillandre/CEA Paris-Saclay/G. Anselmi/Euclid Consortium/ESA /NASA', '2024-03-15 20:15:26', '2024-03-15 20:15:26'),
(2789, 'https://img.lemde.fr/2023/12/20/125/0/1500/750/644/322/60/0/0103aa8_1703066770513-02-t4-figureshumaines-copie2.jpg', 'Cartographie extraite de « L’Atlas archéologique de la France ».', 'Aurélie Boissière', '2024-03-15 20:15:26', '2024-03-15 20:15:26'),
(2790, 'https://img.lemde.fr/2023/12/20/699/0/2624/1312/644/322/60/0/8499624_1703067250041-fig2.jpg', '', 'SLEMANI MUSEUM', '2024-03-15 20:15:26', '2024-03-15 20:15:26'),
(2791, 'https://i.f1g.fr/media/cms/1280x720_crop/2024/01/29/e8d8f039d3dcfe2d6bd35104de4a356e37eb566e3be6e742ce0fdab8d9c95d1e.jpg', '«Nul épisode ne paraît mieux répondre en réalité à la vocation donnée à l\'histoire par Thucydide et Cicéron».', 'fgrandclaude', '2024-03-15 20:15:27', '2024-03-15 20:15:27'),
(2792, 'https://i.f1g.fr/media/cms/1280x720_crop/2024/01/31/8b30273cf4b563f82e14095583fe09dddbb0252bfcaca0a7489512561047676d.jpg', 'Le Figaro Histoire février-mars 2024', 'Le Figaro', '2024-03-15 20:15:27', '2024-03-15 20:15:27'),
(2793, 'https://i.f1g.fr/media/cms/1879x1056_crop/2024/02/23/fda1435bb0d0afde70236a6b877222d33e42ff7513eed40ebbefe9b0871832d8.jpg', 'La députée du Var, Yann Piat, est assassinée le 25 février 1994.', 'YVES SIEUR / AFP', '2024-03-15 20:15:27', '2024-03-15 20:15:27'),
(2794, 'https://i.f1g.fr/media/cms/1920x1080_crop/2024/01/30/47788e59d4800b85a2d2391c6d23be3979a8b70c8764da93a0120be1b5dd3a9e.jpg', 'La chapelle absidiale de la basilique San Vitale à Ravenne, couverte de mosaïques byzantines de l\'époque justinienne (VIe siècle).', 'Veronika Pfeiffer / Alamy / Hemis / Veronika Pfeiffer / Alamy Stock', '2024-03-15 20:15:27', '2024-03-15 20:15:27'),
(2795, 'https://i.f1g.fr/media/cms/1949x1096_crop/2024/01/29/8c2223c04ff979e4911f9bec5ee28a6cd97540558e7f952aa7e9f6839713ffb9.jpg', 'Le Déjeuner de jambon, par Nicolas Lancret, 1735 (Chantilly, musée Condé)', 'Photo Josse / Bridgeman Images', '2024-03-15 20:15:27', '2024-03-15 20:15:27'),
(2796, 'https://i.f1g.fr/media/cms/3000x1687_crop/2024/02/23/34918916bcff213e9de0db564712bfa6a4e9b8e6fe53c22aca9468c14abb816b.jpg', 'Des parlementaires lèvent le poing le 07 février 1934 sous les colonnes de l\'Assemblée nationale pour rendre hommage aux manifestants tués à Paris pendant les émeutes du 6 février 1934.', 'PIGISTE / AFP', '2024-03-15 20:15:27', '2024-03-15 20:15:27'),
(2797, 'https://i.f1g.fr/media/cms/1024x773_crop/2024/02/20/aee4895b43c7912254dd105d2a8fce70b99e1d1acd7dc2c6848ed43796de126a.jpg', 'Une affiche promouvant les troupes coloniales avant le 14 Juillet.', 'Look and Learn / Bridgeman Images', '2024-03-15 20:15:27', '2024-03-15 20:15:27'),
(2798, 'https://i.f1g.fr/media/cms/2041x1148_crop/2024/02/20/91cacc363c24b09e14454a9994ff248b1bf09bd9949e15ca049267de86f942c3.jpg', 'Stéphane Courtois', 'Fabien Clairefond', '2024-03-15 20:15:27', '2024-03-15 20:15:27'),
(2799, 'https://i.f1g.fr/media/cms/1920x1080_crop/2024/02/20/f9c9fb2a037989ee03d78e4ff52bc833aa6314631329c1511d5828a7f4c8b6d1.jpg', 'Isabelle Schmitz et Geoffroy Caillet.', 'Le Figaro', '2024-03-15 20:15:27', '2024-03-15 20:15:27'),
(2800, 'https://i.f1g.fr/media/cms/1499x843_crop/2024/02/20/fb0f26f9d0c65acb0ce028e4baff65f1adcca154048aed63f97473cb24ea3053.jpg', 'L’affiche rouge montrant le visage de Missak Manouchian et de certains de ses compagnons résistants.', 'AFP', '2024-03-15 20:15:27', '2024-03-15 20:15:27'),
(2801, 'https://i.f1g.fr/media/cms/919x613_crop/2024/01/30/14fe1cbd06a471bd0d963542455238fda71f74942afc44938558d3d5b57a1f49.jpg', 'La silhouette majestueuse de l\'église Saint-Eustache au cœur du quartier des Halles de Paris.', 'Wirestock, Inc. / Alamy Stock Photo', '2024-03-15 20:15:27', '2024-03-15 20:15:27'),
(2802, 'https://i.f1g.fr/media/eidos/630x354_crop/2024/02/18/XVM0eaafeda-cbed-11ee-983a-8e5320685b0e.jpg', 'Bayard, le «bon chevalier»,de Thierry Lassabatère, Perrin, 752 p., 29,90 €.', ',', '2024-03-15 20:15:27', '2024-03-15 20:15:27'),
(2803, 'https://i.f1g.fr/media/cms/3000x1687_crop/2024/02/17/f55aabc4822bac4754ad9e62093a372058f10327aeb1902946813f7b65a2a7d3.jpg', 'L\'Assemblée nationale, le 23 juin 1789.', 'BRIDGEMAN IMAGES', '2024-03-15 20:15:27', '2024-03-15 20:15:27'),
(2804, 'https://i.f1g.fr/media/cms/2341x1317_crop/2024/02/08/0a656d1c46adc8444837e37e9007d1691b9b5ca12dfdba24d2ef857eb8a12024.jpg', 'Saint Eloi remet à Clotaire II une selle d\'or commandée par le roi, détail de la fresque Vie de saint Eloi, vers 1470 (Rodez, cathédrale Notre-Dame). Avant de devenir évêque de Noyon en 641, l\'orfèvre Eloi servit Clotaire II (613-629) comme maître de monn', 'Jean-Paul Dumontier / LA COLLECTION', '2024-03-15 20:15:27', '2024-03-15 20:15:27'),
(2805, 'https://i.f1g.fr/media/cms/1920x1080_crop/2024/01/29/c99b42f44d2d598c26ec5c829baf397b644cdb500ce14357bf9e1e1b03c0ef9d.jpg', 'Henri de Castries, Jean-Charles de Castelbajac et Augustin de Romanet.', 'Jean-Claude Coutausse / Divergence - Berzane Nasser/ABACA - FRANCOIS BOUCHON/LE FIGARO.', '2024-03-15 20:15:27', '2024-03-15 20:15:27'),
(2806, 'https://i.f1g.fr/media/cms/3000x2000_crop/2024/01/29/ec9cef60b49a8b077e788687f796efaffc88cf4936f8d5a238919c35a7d3d6c2.jpg', 'Gisants de Charles Martel (au premier plan) et de Clovis II, qui fut roi des Francs de Neustrie et de Burgondie entre 639 et 657, XIIIe siècle (Saint-Denis, basilique Saint-Denis). Bien qu\'il n\'ait été que maire du palais, Charles Martel est figuré avec u', 'Eric Vandeville / akg-images', '2024-03-15 20:15:27', '2024-03-15 20:15:27'),
(2807, 'https://i.f1g.fr/media/cms/2847x1601_crop/2024/02/16/4f52a673da6e299475f8b8b447a643014899647a6dcfec6efd65ff2de70e1d60.jpg', 'En février 1984, le mouvement de grève des douaniers italiens et français au tunnel du Mont-Blanc a entraîné le blocage des routes de montagne par les routiers en colère.', 'AFP', '2024-03-15 20:15:27', '2024-03-15 20:15:27'),
(2808, 'https://i.f1g.fr/media/cms/2500x1863_crop/2024/02/15/0cb6ac4780090b36070d8caff81e03537c03095f72b2a8baaaef1987a8b80083.jpg', 'Georges Pompidou (d) et son premier ministre Jacques Chaban-Delmas en 1971.', 'AFP', '2024-03-15 20:15:27', '2024-03-15 20:15:27'),
(2809, 'https://i.f1g.fr/media/cms/2998x1686_crop/2024/02/14/c9aeec1ef4a2e809224e3899f0c15eaad9e183220d10ab7d11e669fb3521e9c2.jpg', 'Les 400 pages brouillonnes et indigestes que Sylvie Laurent consacre à cette thèse ne nous convainquent pas', 'Sébastien Soriano / Le Figaro', '2024-03-15 20:15:27', '2024-03-15 20:15:27'),
(2810, 'https://i.f1g.fr/media/cms/2180x3000_crop/2024/02/09/10981be766d4455639063c1757523f09a16a8e20a6c7b8c31fd19cc3bc2f7c6d.jpg', 'Julian Jackson.', 'Fabien Clairefond', '2024-03-15 20:15:27', '2024-03-15 20:15:27'),
(2811, 'https://www.sciencesetavenir.fr/assets/img/2024/03/13/cover-r4x3w1200-65f1bf665e1b6-ville-sinkkonen-1.jpg', NULL, NULL, '2024-03-15 20:15:27', '2024-03-15 20:15:27'),
(2812, 'https://www.sciencesetavenir.fr/assets/img/2024/03/14/cover-r4x3w1200-65f31193854f2-plowing-with-mule.jpg', NULL, NULL, '2024-03-15 20:15:27', '2024-03-15 20:15:27'),
(2813, 'https://www.sciencesetavenir.fr/assets/img/2024/03/12/cover-r4x3w1200-65f0533e0acbf-santes-creus-cloitre.jpg', NULL, NULL, '2024-03-15 20:15:27', '2024-03-15 20:15:27'),
(2814, 'https://www.sciencesetavenir.fr/assets/img/2024/03/11/cover-r4x3w1200-65eee241cc6f3-low-res-calamophyton-forest-colour.jpg', NULL, NULL, '2024-03-15 20:15:27', '2024-03-15 20:15:27'),
(2815, 'https://www.sciencesetavenir.fr/assets/img/2024/03/06/cover-r4x3w1200-65d8a29fbd2c0-058-160106.jpg', NULL, NULL, '2024-03-15 20:15:27', '2024-03-15 20:15:27'),
(2816, 'https://www.sciencesetavenir.fr/assets/img/2024/03/06/cover-r4x3w1200-65e8842763250-parc-national-de-rapa-nui.jpg', NULL, NULL, '2024-03-15 20:15:27', '2024-03-15 20:15:27'),
(2817, 'https://www.sciencesetavenir.fr/assets/img/2024/03/04/cover-r4x3w1200-65e59a78999f1-figure-4.jpg', NULL, NULL, '2024-03-15 20:15:27', '2024-03-15 20:15:27'),
(2818, 'https://www.sciencesetavenir.fr/assets/img/2024/03/06/cover-r4x3w1200-65e87cc193e98-068-aa-05032024-1563711.jpg', NULL, NULL, '2024-03-15 20:15:27', '2024-03-15 20:15:27'),
(2819, 'https://www.sciencesetavenir.fr/assets/img/2024/02/28/cover-r4x3w1200-65d8a29ec804f-068-aa-12022024-1527513.jpg', NULL, NULL, '2024-03-15 20:15:28', '2024-03-15 20:15:28'),
(2820, 'https://www.sciencesetavenir.fr/assets/img/2024/02/29/cover-r4x3w1200-65e09855f29d7-nuremberg-cimetiere-peste-noire-01.jpg', NULL, NULL, '2024-03-15 20:15:28', '2024-03-15 20:15:28'),
(2821, 'https://www.sciencesetavenir.fr/assets/img/2024/02/28/cover-r4x3w1200-65df016cb05ba-043-dpa-pa-200604-99-305462-dpai.jpg', NULL, NULL, '2024-03-15 20:15:28', '2024-03-15 20:15:28'),
(2822, 'https://www.sciencesetavenir.fr/assets/img/2024/02/28/cover-r4x3w1200-65df51a2bcf5e-do-583818-n.jpg', NULL, NULL, '2024-03-15 20:15:28', '2024-03-15 20:15:28'),
(2823, 'https://www.sciencesetavenir.fr/assets/img/2024/02/27/cover-r4x3w1200-65dda2d0a3013-minqaria-credit-raul-martin.jpg', NULL, NULL, '2024-03-15 20:15:28', '2024-03-15 20:15:28'),
(2824, 'https://www.sciencesetavenir.fr/assets/img/2024/02/27/cover-r4x3w1200-65ddda2fdfeb8-porsmose-man-danish-national-museum.jpg', NULL, NULL, '2024-03-15 20:15:28', '2024-03-15 20:15:28'),
(2825, 'https://www.sciencesetavenir.fr/assets/img/2024/02/23/cover-r4x3w1200-65d8c3e527250-18be95b29c0c03e0fb9a9d3b09ffb6b94672d3c9-jpg.jpg', NULL, NULL, '2024-03-15 20:15:28', '2024-03-15 20:15:28'),
(2826, 'https://www.sciencesetavenir.fr/assets/img/2024/02/22/cover-r4x3w1200-65d76c3f1e7f1-rouge-a-levres-iran.jpg', NULL, NULL, '2024-03-15 20:15:28', '2024-03-15 20:15:28'),
(2827, 'https://www.sciencesetavenir.fr/assets/img/2024/02/20/cover-r4x3w1200-65d4e3b039755-054-ale0138.jpg', NULL, NULL, '2024-03-15 20:15:28', '2024-03-15 20:15:28'),
(2828, 'https://www.sciencesetavenir.fr/assets/img/2024/02/20/cover-r4x3w1200-65d4c0cd720b6-vittrup-man-skull.jpg', NULL, NULL, '2024-03-15 20:15:28', '2024-03-15 20:15:28'),
(2829, 'https://www.sciencesetavenir.fr/assets/img/2024/02/20/cover-r4x3w1200-65d479240cca0-000-34hf6aj.jpg', NULL, NULL, '2024-03-15 20:15:28', '2024-03-15 20:15:28'),
(2830, 'https://www.sciencesetavenir.fr/assets/img/2024/02/14/cover-r4x3w1200-65cf23f984ddc-tridentinosaurus.jpg', NULL, NULL, '2024-03-15 20:15:28', '2024-03-15 20:15:28'),
(2831, 'https://www.sciencesetavenir.fr/assets/img/2024/01/25/cover-r4x3w1200-65b263b6d5e25-3542-185336-k2-k1-445625-jpg.jpg', NULL, NULL, '2024-03-15 20:15:28', '2024-03-15 20:15:28'),
(2832, 'https://www.sciencesetavenir.fr/assets/img/2024/02/13/cover-r4x3w1200-65cb369237ba1-harajica-smljpg.jpg', NULL, NULL, '2024-03-15 20:15:28', '2024-03-15 20:15:28'),
(2833, 'https://www.sciencesetavenir.fr/assets/img/2023/06/27/cover-r4x3w1000-64955d6c9619b-thumbnail-image004.jpg', NULL, NULL, '2024-03-15 20:15:28', '2024-03-15 20:15:28'),
(2834, 'https://www.sciencesetavenir.fr/assets/img/2022/12/07/cover-r4x3w1000-6399912e728f0-p1050856.jpg', NULL, NULL, '2024-03-15 20:15:28', '2024-03-15 20:15:28'),
(2835, 'https://www.sciencesetavenir.fr/assets/img/2022/09/21/cover-r4x3w1000-632abd1f2a873-brian-pickles-and-caleb-brown-stand-next-to-the-exposed-skeleton-small-photo-by-melissa-dergousoff-university-of-reading.jpg', NULL, NULL, '2024-03-15 20:15:28', '2024-03-15 20:15:28'),
(2836, 'https://www.sciencesetavenir.fr/assets/img/2022/08/02/cover-r4x3w1000-62e9233010e53-23-06-22-exposition-jules-cesar-mab-henri-derus-photographie-3.jpg', NULL, NULL, '2024-03-15 20:15:28', '2024-03-15 20:15:28'),
(2837, 'https://www.sciencesetavenir.fr/assets/img/2022/06/08/cover-r4x3w1000-62a0c576efe68-000-32c29d6.jpg', NULL, NULL, '2024-03-15 20:15:28', '2024-03-15 20:15:28'),
(2838, 'https://www.sciencesetavenir.fr/assets/img/2022/05/19/cover-r4x3w1000-6285f5981abe1-000-1mh9f6.jpg', NULL, NULL, '2024-03-15 20:15:28', '2024-03-15 20:15:28'),
(2839, 'https://www.sciencesetavenir.fr/assets/img/2022/03/16/cover-r4x3w1000-62321b433824f-2022-03-15-visite-roselyne-bachelot-narquin-notre-dame-de-couverte-arche-ologique-12.jpg', NULL, NULL, '2024-03-15 20:15:29', '2024-03-15 20:15:29'),
(2840, 'https://www.sciencesetavenir.fr/assets/img/2021/04/06/cover-r4x3w1000-606c2be809a86-033-6506563-60698f512ac41.jpg', NULL, NULL, '2024-03-15 20:15:29', '2024-03-15 20:15:29'),
(2841, 'https://www.sciencesetavenir.fr/assets/img/2020/10/16/cover-r4x3w1000-5f89a99f52adb-3535-eppdcsi-v-castro-216.jpg', NULL, NULL, '2024-03-15 20:15:29', '2024-03-15 20:15:29'),
(2842, 'https://www.sciencesetavenir.fr/assets/img/2020/02/21/cover-r4x3w1000-5e50156bca695-000-1p66bc.jpg', NULL, NULL, '2024-03-15 20:15:29', '2024-03-15 20:15:29'),
(2843, 'https://www.sciencesetavenir.fr/assets/img/2019/05/06/cover-r4x3w1000-5d027bf9954f2-theropode-volant.jpg', NULL, NULL, '2024-03-15 20:15:29', '2024-03-15 20:15:29'),
(2844, 'https://www.sciencesetavenir.fr/assets/img/2019/05/06/cover-r4x3w1000-5cd0413e679ee-anthonysejourne.jpg', NULL, NULL, '2024-03-15 20:15:29', '2024-03-15 20:15:29'),
(2845, 'https://www.sciencesetavenir.fr/assets/img/2019/04/16/cover-r4x3w1000-5cb5a1f0b2fa8-000-1fo5hf.jpg', NULL, NULL, '2024-03-15 20:15:29', '2024-03-15 20:15:29'),
(2846, 'https://www.sciencesetavenir.fr/assets/img/2018/11/28/cover-r4x3w1000-5bfe655547f52-002-carnet10.jpg', NULL, NULL, '2024-03-15 20:15:29', '2024-03-15 20:15:29'),
(2847, 'https://www.sciencesetavenir.fr/assets/img/2018/07/31/cover-r4x3w1000-5b601d69aa31f-d19e03e52a9fedde0039eb9cdf8726c4607b12fe-jpg.jpg', NULL, NULL, '2024-03-15 20:15:29', '2024-03-15 20:15:29'),
(2848, 'https://www.sciencesetavenir.fr/assets/img/2018/04/17/cover-r4x3w1000-5ad5ff4b3aa4b-stefansauer-dpa-afp-parure-annulaire-viking-en-argent.jpg', NULL, NULL, '2024-03-15 20:15:29', '2024-03-15 20:15:29'),
(2849, 'https://www.sciencesetavenir.fr/assets/img/2017/07/17/cover-r4x3w1000-5ab8fd92a05f4-000-qg0ol.jpg', NULL, NULL, '2024-03-15 20:15:29', '2024-03-15 20:15:29'),
(2850, 'https://www.sciencesetavenir.fr/assets/img/2018/01/25/cover-r4x3w1000-5a6b653e169b3-voynich-a-la-loupe.jpg', NULL, NULL, '2024-03-15 20:15:29', '2024-03-15 20:15:29'),
(2851, 'https://www.sciencesetavenir.fr/assets/img/2017/07/27/cover-r4x3w1000-5979dcb551524-1-sarcophage-web-jpg.jpg', NULL, NULL, '2024-03-15 20:15:29', '2024-03-15 20:15:29'),
(2852, 'https://www.sciencesetavenir.fr/assets/img/2017/06/15/cover-r4x3w1000-59428fd3db5e7-vue-du-chantier.jpg', NULL, NULL, '2024-03-15 20:15:29', '2024-03-15 20:15:29'),
(2853, 'https://www.sciencesetavenir.fr/assets/img/2017/02/23/cover-r4x3w1000-58aed2a7190e0-26..jpg', NULL, NULL, '2024-03-15 20:15:29', '2024-03-15 20:15:29'),
(2854, 'https://www.sciencesetavenir.fr/assets/img/2017/01/03/images_list-r4x3w1000-586bde3dac705-IMG_3701.jpg', NULL, NULL, '2024-03-15 20:15:29', '2024-03-15 20:15:29'),
(2855, 'https://www.sciencesetavenir.fr/assets/img/2016/12/16/images_list-r4x3w1000-5853ffc9888b5-1.pluspetit.jpg', NULL, NULL, '2024-03-15 20:15:29', '2024-03-15 20:15:29'),
(2856, 'https://www.sciencesetavenir.fr/assets/img/2016/11/18/images_list-r4x3w1000-582f0c8956aff-068-ftptrial-aa-16112016-393867.jpg', NULL, NULL, '2024-03-15 20:15:29', '2024-03-15 20:15:29'),
(2857, 'https://www.sciencesetavenir.fr/assets/img/2015/10/21/cover-r4x3w1000-59d4dee93c943-pyramide-de-kheops_1.jpg', NULL, NULL, '2024-03-15 20:15:29', '2024-03-15 20:15:29'),
(2858, 'https://www.sciencesetavenir.fr/assets/img/2016/04/15/cover-r4x3w1000-601411dc7503f-sebastien-procureur-irfu-cea.jpg', NULL, NULL, '2024-03-15 20:15:29', '2024-03-15 20:15:29'),
(2859, 'https://www.sciencesetavenir.fr/assets/img/2012/10/25/images_list-r4x3w1000-57dedeff56eba-1950.jpg', NULL, NULL, '2024-03-15 20:15:29', '2024-03-15 20:15:29'),
(2860, 'https://www.sciencesetavenir.fr/assets/img/2016/10/12/images_list-r4x3w1000-57fe2b1d63986-IMG_1921.jpg', NULL, NULL, '2024-03-15 20:15:29', '2024-03-15 20:15:29'),
(2861, '', '', '', '2024-03-15 20:15:31', '2024-03-15 20:15:31'),
(2862, '', '', '', '2024-03-15 20:15:31', '2024-03-15 20:15:31'),
(2863, '', '', '', '2024-03-15 20:15:31', '2024-03-15 20:15:31'),
(2864, '', '', '', '2024-03-15 20:15:31', '2024-03-15 20:15:31'),
(2865, '', '', '', '2024-03-15 20:15:31', '2024-03-15 20:15:31'),
(2866, '', '', '', '2024-03-15 20:15:31', '2024-03-15 20:15:31'),
(2867, '', '', '', '2024-03-15 20:15:31', '2024-03-15 20:15:31'),
(2868, '', '', '', '2024-03-15 20:15:31', '2024-03-15 20:15:31'),
(2869, '', '', '', '2024-03-15 20:15:31', '2024-03-15 20:15:31'),
(2870, '', '', '', '2024-03-15 20:15:31', '2024-03-15 20:15:31'),
(2871, 'https://uploads.podcloud.fr/uploads/covers/3151/b7bc/9ab1/a332/b777/8231/f6f0/25c9/3fbf/d125/3151b7bc9ab1a332b7778231f6f025c93fbfd125.jpg', NULL, NULL, '2024-03-15 20:15:35', '2024-03-15 20:15:35'),
(2872, 'https://stats.podcloud.fr/histoires-archeologie/le-bateau-doseberg-une-tombe-viking/enclosure.9e70414f0244eef20f505f7024457072839494529c861bbc713b1c1ee28f59a5.mp3?p=f', NULL, NULL, '2024-03-15 20:15:35', '2024-03-15 20:15:35'),
(2873, 'https://uploads.podcloud.fr/uploads/covers/3151/b7bc/9ab1/a332/b777/8231/f6f0/25c9/3fbf/d125/3151b7bc9ab1a332b7778231f6f025c93fbfd125.jpg', NULL, NULL, '2024-03-15 20:15:35', '2024-03-15 20:15:35'),
(2874, 'https://stats.podcloud.fr/histoires-archeologie/lavion-de-saint-exupery-luc-vanrell-identifie-lepave-en-2000/enclosure.d5ae4fa503cd8dbe867c167b03cfa3d52ad8bf6a1e18bb37d90c2f3143771ce1.mp3?p=f', NULL, NULL, '2024-03-15 20:15:35', '2024-03-15 20:15:35'),
(2875, 'https://uploads.podcloud.fr/uploads/covers/3151/b7bc/9ab1/a332/b777/8231/f6f0/25c9/3fbf/d125/3151b7bc9ab1a332b7778231f6f025c93fbfd125.jpg', NULL, NULL, '2024-03-15 20:15:35', '2024-03-15 20:15:35'),
(2876, 'https://stats.podcloud.fr/histoires-archeologie/machu-picchu-hiram-bingham-retrouve-la-cite-inca-en-1911/enclosure.3d6e8ae1c4adb333ba85c5c01c6088385769454620ae799012e683a1a797112b.mp3?p=f', NULL, NULL, '2024-03-15 20:15:35', '2024-03-15 20:15:35'),
(2877, 'https://uploads.podcloud.fr/uploads/covers/3151/b7bc/9ab1/a332/b777/8231/f6f0/25c9/3fbf/d125/3151b7bc9ab1a332b7778231f6f025c93fbfd125.jpg', NULL, NULL, '2024-03-15 20:15:35', '2024-03-15 20:15:35'),
(2878, 'https://stats.podcloud.fr/histoires-archeologie/troie-redecouverte-en-1870-par-schliemann/enclosure.f57cbff64cf7fc65ce4b2e5090ff65f139538a107e0434df65f038de13de2c57.mp3?p=f', NULL, NULL, '2024-03-15 20:15:35', '2024-03-15 20:15:35'),
(2879, 'https://uploads.podcloud.fr/uploads/covers/3151/b7bc/9ab1/a332/b777/8231/f6f0/25c9/3fbf/d125/3151b7bc9ab1a332b7778231f6f025c93fbfd125.jpg', NULL, NULL, '2024-03-15 20:15:35', '2024-03-15 20:15:35'),
(2880, 'https://stats.podcloud.fr/histoires-archeologie/les-manuscrits-de-la-mer-morte-recit-de-la-decouverte-en-1947/enclosure.f9bc6b8d96cac62a1c7e36644450be83e68374101b9a7b9ebafc451e9090c4d4.mp3?p=f', NULL, NULL, '2024-03-15 20:15:35', '2024-03-15 20:15:35'),
(2881, 'https://uploads.podcloud.fr/uploads/covers/3151/b7bc/9ab1/a332/b777/8231/f6f0/25c9/3fbf/d125/3151b7bc9ab1a332b7778231f6f025c93fbfd125.jpg', NULL, NULL, '2024-03-15 20:15:35', '2024-03-15 20:15:35'),
(2882, 'https://stats.podcloud.fr/histoires-archeologie/petra-capitale-des-nabateens-decouverte-en-1812/enclosure.63e29d99024181e7fc385ef387572014d8e73118e0e1244b2e88091db1dea795.mp3?p=f', NULL, NULL, '2024-03-15 20:15:35', '2024-03-15 20:15:35'),
(2883, 'https://uploads.podcloud.fr/uploads/covers/3151/b7bc/9ab1/a332/b777/8231/f6f0/25c9/3fbf/d125/3151b7bc9ab1a332b7778231f6f025c93fbfd125.jpg', NULL, NULL, '2024-03-15 20:15:35', '2024-03-15 20:15:35'),
(2884, 'https://stats.podcloud.fr/histoires-archeologie/la-grotte-chauvet-pont-darc-1994/enclosure.e9f44c1fcaded450b5acfb24f2ef7e038513fc0e3205d8eccd0f2b622fb8b466.mp3?p=f', NULL, NULL, '2024-03-15 20:15:35', '2024-03-15 20:15:35'),
(2885, 'https://uploads.podcloud.fr/uploads/covers/3151/b7bc/9ab1/a332/b777/8231/f6f0/25c9/3fbf/d125/3151b7bc9ab1a332b7778231f6f025c93fbfd125.jpg', NULL, NULL, '2024-03-15 20:15:35', '2024-03-15 20:15:35'),
(2886, 'https://stats.podcloud.fr/histoires-archeologie/la-pierre-de-rosette-1799-egypte-vers-la-comprehension-des-hieroglyphes/enclosure.f994161e12c0f5d9036b96a94fa57ebb118d7b4664ece9d00c2e09610d83ff37.mp3?p=f', NULL, NULL, '2024-03-15 20:15:35', '2024-03-15 20:15:35'),
(2887, 'https://uploads.podcloud.fr/uploads/covers/3151/b7bc/9ab1/a332/b777/8231/f6f0/25c9/3fbf/d125/3151b7bc9ab1a332b7778231f6f025c93fbfd125.jpg', NULL, NULL, '2024-03-15 20:15:35', '2024-03-15 20:15:35'),
(2888, 'https://stats.podcloud.fr/histoires-archeologie/serapeum-1850-auguste-mariette-decouverte-le-serapeum-en-egypte/enclosure.74efd7942279a4df3477c08b258d27682868cedf7fd602882ce20758dcbe9825.mp3?p=f', NULL, NULL, '2024-03-15 20:15:35', '2024-03-15 20:15:35'),
(2889, 'https://uploads.podcloud.fr/uploads/covers/3151/b7bc/9ab1/a332/b777/8231/f6f0/25c9/3fbf/d125/3151b7bc9ab1a332b7778231f6f025c93fbfd125.jpg', NULL, NULL, '2024-03-15 20:15:35', '2024-03-15 20:15:35'),
(2890, 'https://stats.podcloud.fr/histoires-archeologie/la-tombe-de-vix-histoire-de-sa-decouverte-en-1953/enclosure.02d26a7494a5922d89014ec4166f486754f87bc23dd0c4a93ab8f1f6d58f4e4d.mp3?p=f', NULL, NULL, '2024-03-15 20:15:35', '2024-03-15 20:15:35'),
(2891, 'https://uploads.podcloud.fr/uploads/covers/3151/b7bc/9ab1/a332/b777/8231/f6f0/25c9/3fbf/d125/3151b7bc9ab1a332b7778231f6f025c93fbfd125.jpg', NULL, NULL, '2024-03-15 20:15:35', '2024-03-15 20:15:35'),
(2892, 'https://stats.podcloud.fr/histoires-archeologie/iguanodon-presentation-du-dinosaure-decouvert-par-gideon-mantell/enclosure.1a3e0d0203f3c8f27d960d7f9ba1717e92b8a752849359375e52ecca4c6ace7f.mp3?p=f', NULL, NULL, '2024-03-15 20:15:35', '2024-03-15 20:15:35'),
(2893, 'https://uploads.podcloud.fr/uploads/covers/3151/b7bc/9ab1/a332/b777/8231/f6f0/25c9/3fbf/d125/3151b7bc9ab1a332b7778231f6f025c93fbfd125.jpg', NULL, NULL, '2024-03-15 20:15:35', '2024-03-15 20:15:35'),
(2894, 'https://stats.podcloud.fr/histoires-archeologie/iguanodon-gideon-mantell-invente-liguanodon/enclosure.11b7d575f6000f6a38c94e6f9c70f0bc5c774e2206af834591a0640a25a3e56a.mp3?p=f', NULL, NULL, '2024-03-15 20:15:35', '2024-03-15 20:15:35'),
(2895, 'https://uploads.podcloud.fr/uploads/covers/3151/b7bc/9ab1/a332/b777/8231/f6f0/25c9/3fbf/d125/3151b7bc9ab1a332b7778231f6f025c93fbfd125.jpg', NULL, NULL, '2024-03-15 20:15:35', '2024-03-15 20:15:35'),
(2896, 'https://stats.podcloud.fr/histoires-archeologie/lucy-de-toumai-a-homo-sapiens/enclosure.38670bdf8265cb6f4d96ae465e25c866be862ad6b63dbe7cbeb197584eb8ea0e.mp3?p=f', NULL, NULL, '2024-03-15 20:15:35', '2024-03-15 20:15:35'),
(2897, 'https://uploads.podcloud.fr/uploads/covers/3151/b7bc/9ab1/a332/b777/8231/f6f0/25c9/3fbf/d125/3151b7bc9ab1a332b7778231f6f025c93fbfd125.jpg', NULL, NULL, '2024-03-15 20:15:35', '2024-03-15 20:15:35'),
(2898, 'https://stats.podcloud.fr/histoires-archeologie/lucy-presentation-breve-des-australopitheques/enclosure.99997bb9b1e9bbcfc673bfe51641b18352bdb41ace7162a847b23377800a293a.mp3?p=f', NULL, NULL, '2024-03-15 20:15:35', '2024-03-15 20:15:35'),
(2899, 'https://uploads.podcloud.fr/uploads/covers/3151/b7bc/9ab1/a332/b777/8231/f6f0/25c9/3fbf/d125/3151b7bc9ab1a332b7778231f6f025c93fbfd125.jpg', NULL, NULL, '2024-03-15 20:15:35', '2024-03-15 20:15:35'),
(2900, 'https://stats.podcloud.fr/histoires-archeologie/lucy-histoire-de-sa-decouverte-en-1974/enclosure.1a31d36fb2598c390e11bf3ee35420c6f8c2056e1c9ea593f5c41b6aa8bb9ab9.mp3?p=f', NULL, NULL, '2024-03-15 20:15:35', '2024-03-15 20:15:35'),
(2901, 'https://uploads.podcloud.fr/uploads/covers/3151/b7bc/9ab1/a332/b777/8231/f6f0/25c9/3fbf/d125/3151b7bc9ab1a332b7778231f6f025c93fbfd125.jpg', NULL, NULL, '2024-03-15 20:15:35', '2024-03-15 20:15:35'),
(2902, 'https://stats.podcloud.fr/histoires-archeologie/pompei-histoire-de-sa-decouverte/enclosure.f0493b652193dd225498dd992d13d30a7106e510e24f877e9dfaff3a69a7fec6.mp3?p=f', NULL, NULL, '2024-03-15 20:15:35', '2024-03-15 20:15:35'),
(2903, 'https://uploads.podcloud.fr/uploads/covers/3151/b7bc/9ab1/a332/b777/8231/f6f0/25c9/3fbf/d125/3151b7bc9ab1a332b7778231f6f025c93fbfd125.jpg', NULL, NULL, '2024-03-15 20:15:35', '2024-03-15 20:15:35'),
(2904, 'https://stats.podcloud.fr/histoires-archeologie/pompei-presentation-historique-et-geographique-breve/enclosure.03f03f264647c63a688fae4c7e821cafb74f3a608095ff69ecf8f4df34124771.mp3?p=f', NULL, NULL, '2024-03-15 20:15:35', '2024-03-15 20:15:35'),
(2905, 'https://www.radiofrance.fr/s3/cruiser-production/2021/09/2806544a-835b-4d13-ac48-262cbfbf2763/1400x1400_carbone-14.jpg', NULL, NULL, '2024-03-15 20:15:35', '2024-03-15 20:15:35'),
(2906, 'https://rf.proxycast.org/05c3c613-150a-4a0a-b18a-023df6fd5940/10267-09.03.2024-ITEMA_23672596-2024C26375E0005-21.mp3', NULL, NULL, '2024-03-15 20:15:35', '2024-03-15 20:15:35'),
(2907, 'https://www.radiofrance.fr/s3/cruiser-production/2021/09/2806544a-835b-4d13-ac48-262cbfbf2763/1400x1400_carbone-14.jpg', NULL, NULL, '2024-03-15 20:15:35', '2024-03-15 20:15:35'),
(2908, 'https://rf.proxycast.org/57a8e684-02f6-46ed-af2c-3a0d2f9aca16/10267-02.03.2024-ITEMA_23665412-2024C26375E0004-21.mp3', NULL, NULL, '2024-03-15 20:15:35', '2024-03-15 20:15:35'),
(2909, 'https://www.radiofrance.fr/s3/cruiser-production/2021/09/2806544a-835b-4d13-ac48-262cbfbf2763/1400x1400_carbone-14.jpg', NULL, NULL, '2024-03-15 20:15:35', '2024-03-15 20:15:35'),
(2910, 'https://rf.proxycast.org/a6509d7d-7028-4c16-9a08-64d1f3e0cb82/10267-24.02.2024-ITEMA_23658530-2024C26375E0003-21.mp3', NULL, NULL, '2024-03-15 20:15:35', '2024-03-15 20:15:35'),
(2911, 'https://www.radiofrance.fr/s3/cruiser-production/2021/09/2806544a-835b-4d13-ac48-262cbfbf2763/1400x1400_carbone-14.jpg', NULL, NULL, '2024-03-15 20:15:35', '2024-03-15 20:15:35'),
(2912, 'https://rf.proxycast.org/aa8c8599-a866-432b-a39d-0b1081b50527/10267-17.02.2024-ITEMA_23651382-2024C26375E0002-21.mp3', NULL, NULL, '2024-03-15 20:15:35', '2024-03-15 20:15:35'),
(2913, 'https://www.radiofrance.fr/s3/cruiser-production/2021/09/2806544a-835b-4d13-ac48-262cbfbf2763/1400x1400_carbone-14.jpg', NULL, NULL, '2024-03-15 20:15:36', '2024-03-15 20:15:36'),
(2914, 'https://rf.proxycast.org/b9fa7289-2d63-41b8-b3f7-83768d8bd3a6/10267-10.02.2024-ITEMA_23643985-2023C26375E0047-21.mp3', NULL, NULL, '2024-03-15 20:15:36', '2024-03-15 20:15:36'),
(2915, 'https://www.radiofrance.fr/s3/cruiser-production/2021/09/2806544a-835b-4d13-ac48-262cbfbf2763/1400x1400_carbone-14.jpg', NULL, NULL, '2024-03-15 20:15:36', '2024-03-15 20:15:36'),
(2916, 'https://rf.proxycast.org/88f24995-6a80-4e2a-b1eb-179e6d3518c0/10267-03.02.2024-ITEMA_23636457-2023C26375E0046-21.mp3', NULL, NULL, '2024-03-15 20:15:36', '2024-03-15 20:15:36'),
(2917, 'https://www.radiofrance.fr/s3/cruiser-production/2021/09/2806544a-835b-4d13-ac48-262cbfbf2763/1400x1400_carbone-14.jpg', NULL, NULL, '2024-03-15 20:15:36', '2024-03-15 20:15:36'),
(2918, 'https://rf.proxycast.org/af64b9ed-d8a8-492f-a0cf-637b1434805e/10267-27.01.2024-ITEMA_23628752-2024C26375E0001-21.mp3', NULL, NULL, '2024-03-15 20:15:36', '2024-03-15 20:15:36'),
(2919, 'https://www.radiofrance.fr/s3/cruiser-production/2021/09/2806544a-835b-4d13-ac48-262cbfbf2763/1400x1400_carbone-14.jpg', NULL, NULL, '2024-03-15 20:15:36', '2024-03-15 20:15:36'),
(2920, 'https://rf.proxycast.org/4deca8ce-faca-48cb-8e68-dccf675c2f46/10267-20.01.2024-ITEMA_23620968-2023C26375E0049-21.mp3', NULL, NULL, '2024-03-15 20:15:36', '2024-03-15 20:15:36'),
(2921, 'https://www.radiofrance.fr/s3/cruiser-production/2021/09/2806544a-835b-4d13-ac48-262cbfbf2763/1400x1400_carbone-14.jpg', NULL, NULL, '2024-03-15 20:15:36', '2024-03-15 20:15:36'),
(2922, 'https://rf.proxycast.org/56af24a8-fa4e-4a01-adc7-5d8b60512bda/10267-13.01.2024-ITEMA_23613371-2023C26375E0048-21.mp3', NULL, NULL, '2024-03-15 20:15:36', '2024-03-15 20:15:36'),
(2923, 'https://www.radiofrance.fr/s3/cruiser-production/2021/09/2806544a-835b-4d13-ac48-262cbfbf2763/1400x1400_carbone-14.jpg', NULL, NULL, '2024-03-15 20:15:36', '2024-03-15 20:15:36'),
(2924, 'https://rf.proxycast.org/16b9a86e-8e7e-47d0-ac01-c1d07425f2da/10267-06.01.2024-ITEMA_23605638-2023C26375E0043-21.mp3', NULL, NULL, '2024-03-15 20:15:36', '2024-03-15 20:15:36'),
(2925, 'https://www.radiofrance.fr/s3/cruiser-production/2021/09/2806544a-835b-4d13-ac48-262cbfbf2763/1400x1400_carbone-14.jpg', NULL, NULL, '2024-03-15 20:15:36', '2024-03-15 20:15:36'),
(2926, 'https://rf.proxycast.org/6eebab67-0691-4714-a44f-027d1ba65ae9/10267-30.12.2023-ITEMA_23599629-2023C26375E0044-21.mp3', NULL, NULL, '2024-03-15 20:15:36', '2024-03-15 20:15:36'),
(2927, 'https://www.radiofrance.fr/s3/cruiser-production/2021/09/2806544a-835b-4d13-ac48-262cbfbf2763/1400x1400_carbone-14.jpg', NULL, NULL, '2024-03-15 20:15:36', '2024-03-15 20:15:36'),
(2928, 'https://rf.proxycast.org/af8e3d5a-0731-4e86-a2df-7bfa214b2c9d/10267-23.12.2023-ITEMA_23594326-2023C26375E0045-21.mp3', NULL, NULL, '2024-03-15 20:15:36', '2024-03-15 20:15:36'),
(2929, 'https://www.radiofrance.fr/s3/cruiser-production/2021/09/2806544a-835b-4d13-ac48-262cbfbf2763/1400x1400_carbone-14.jpg', NULL, NULL, '2024-03-15 20:15:36', '2024-03-15 20:15:36'),
(2930, 'https://rf.proxycast.org/299664b7-cce1-4193-a00b-885e9814ff66/10267-16.12.2023-ITEMA_23586369-2023C26375E0042-21.mp3', NULL, NULL, '2024-03-15 20:15:36', '2024-03-15 20:15:36'),
(2931, 'https://www.radiofrance.fr/s3/cruiser-production/2022/01/04f722eb-ed54-439f-9be6-532ecad002c9/1400x1400_radio-france-avatar.jpg', NULL, NULL, '2024-03-15 20:15:36', '2024-03-15 20:15:36'),
(2932, 'https://media.radiofrance-podcast.net/podcast09/autopromo_replay_franceculture.mp3', NULL, NULL, '2024-03-15 20:15:36', '2024-03-15 20:15:36'),
(2933, 'https://i1.ytimg.com/vi/d6Fa5VfW1Ls/hqdefault.jpg', NULL, NULL, '2024-03-15 20:15:36', '2024-03-15 20:15:36'),
(2934, 'https://i1.ytimg.com/vi/XpTqhDoGGbc/hqdefault.jpg', NULL, NULL, '2024-03-15 20:15:36', '2024-03-15 20:15:36'),
(2935, 'https://i2.ytimg.com/vi/MjTPkdcFULs/hqdefault.jpg', NULL, NULL, '2024-03-15 20:15:36', '2024-03-15 20:15:36'),
(2936, 'https://i4.ytimg.com/vi/w8VVvSg0wX4/hqdefault.jpg', NULL, NULL, '2024-03-15 20:15:36', '2024-03-15 20:15:36'),
(2937, 'https://i2.ytimg.com/vi/Q37JtHqvj4E/hqdefault.jpg', NULL, NULL, '2024-03-15 20:15:36', '2024-03-15 20:15:36'),
(2938, 'https://i4.ytimg.com/vi/ON7J570HYoo/hqdefault.jpg', NULL, NULL, '2024-03-15 20:15:36', '2024-03-15 20:15:36'),
(2939, 'https://i2.ytimg.com/vi/Eo4X11eDnss/hqdefault.jpg', NULL, NULL, '2024-03-15 20:15:36', '2024-03-15 20:15:36'),
(2940, 'https://i4.ytimg.com/vi/c5AbLSg4cUw/hqdefault.jpg', NULL, NULL, '2024-03-15 20:15:36', '2024-03-15 20:15:36'),
(2941, 'https://i2.ytimg.com/vi/mwWStHMN87U/hqdefault.jpg', NULL, NULL, '2024-03-15 20:15:37', '2024-03-15 20:15:37'),
(2942, 'https://i4.ytimg.com/vi/3cFKERFeVcA/hqdefault.jpg', NULL, NULL, '2024-03-15 20:15:37', '2024-03-15 20:15:37'),
(2943, 'https://i2.ytimg.com/vi/aeRejSZWLbM/hqdefault.jpg', NULL, NULL, '2024-03-15 20:15:37', '2024-03-15 20:15:37'),
(2944, 'https://i3.ytimg.com/vi/BnmEhd5hduo/hqdefault.jpg', NULL, NULL, '2024-03-15 20:15:37', '2024-03-15 20:15:37'),
(2945, 'https://i3.ytimg.com/vi/Js-0j0aiKsg/hqdefault.jpg', NULL, NULL, '2024-03-15 20:15:37', '2024-03-15 20:15:37'),
(2946, 'https://i2.ytimg.com/vi/aOnobTWhRS8/hqdefault.jpg', NULL, NULL, '2024-03-15 20:15:37', '2024-03-15 20:15:37'),
(2947, 'https://i2.ytimg.com/vi/igj9-MZsSBc/hqdefault.jpg', NULL, NULL, '2024-03-15 20:15:37', '2024-03-15 20:15:37');

-- --------------------------------------------------------

--
-- Structure de la table `score_quizz`
--

DROP TABLE IF EXISTS `score_quizz`;
CREATE TABLE IF NOT EXISTS `score_quizz` (
  `id` int NOT NULL AUTO_INCREMENT,
  `user_id` int NOT NULL,
  `score` int NOT NULL,
  PRIMARY KEY (`id`),
  KEY `user_id` (`user_id`)
) ENGINE=InnoDB DEFAULT CHARSET=utf8mb4 COLLATE=utf8mb4_general_ci;

-- --------------------------------------------------------

--
-- Structure de la table `user`
--

DROP TABLE IF EXISTS `user`;
CREATE TABLE IF NOT EXISTS `user` (
  `id` int NOT NULL AUTO_INCREMENT,
  `firstName` varchar(60) COLLATE utf8mb4_general_ci NOT NULL,
  `lastName` varchar(60) COLLATE utf8mb4_general_ci NOT NULL,
  `email` varchar(255) COLLATE utf8mb4_general_ci NOT NULL,
  `isAdmin` tinyint(1) NOT NULL DEFAULT 0,
  `password` varchar(255) COLLATE utf8mb4_general_ci NOT NULL,
  `profilePicture` varchar(255) COLLATE utf8mb4_general_ci DEFAULT NULL,
  `lastConnection` datetime DEFAULT NULL,
  `createdAt` datetime NOT NULL,
  `updatedAt` datetime NOT NULL,
  PRIMARY KEY (`id`)
) ENGINE=InnoDB AUTO_INCREMENT=35 DEFAULT CHARSET=utf8mb4 COLLATE=utf8mb4_general_ci;

--
-- Contraintes pour les tables déchargées
--

--
-- Contraintes pour la table `article`
--
ALTER TABLE `article`
  ADD CONSTRAINT `article_ibfk_1` FOREIGN KEY (`media_id`) REFERENCES `media` (`id`) ON DELETE CASCADE ON UPDATE CASCADE;

--
-- Contraintes pour la table `article_author`
--
ALTER TABLE `article_author`
  ADD CONSTRAINT `article_author_ibfk_1` FOREIGN KEY (`article_id`) REFERENCES `article` (`id`) ON DELETE CASCADE ON UPDATE CASCADE,
  ADD CONSTRAINT `article_author_ibfk_2` FOREIGN KEY (`author_id`) REFERENCES `author` (`id`) ON DELETE CASCADE ON UPDATE CASCADE;

--
-- Contraintes pour la table `article_category`
--
ALTER TABLE `article_category`
  ADD CONSTRAINT `article_category_ibfk_1` FOREIGN KEY (`article_id`) REFERENCES `article` (`id`) ON DELETE CASCADE ON UPDATE CASCADE,
  ADD CONSTRAINT `article_category_ibfk_2` FOREIGN KEY (`category_id`) REFERENCES `category` (`id`) ON DELETE CASCADE ON UPDATE CASCADE;

--
-- Contraintes pour la table `favourite_article`
--
ALTER TABLE `favourite_article`
  ADD CONSTRAINT `favourite_article_ibfk_1` FOREIGN KEY (`article_id`) REFERENCES `article` (`id`) ON DELETE CASCADE ON UPDATE CASCADE,
  ADD CONSTRAINT `favourite_article_ibfk_2` FOREIGN KEY (`user_id`) REFERENCES `user` (`id`) ON DELETE CASCADE ON UPDATE CASCADE;

--
-- Contraintes pour la table `score_quizz`
--
ALTER TABLE `score_quizz`
  ADD CONSTRAINT `score_quizz_ibfk_1` FOREIGN KEY (`user_id`) REFERENCES `user` (`id`) ON DELETE CASCADE ON UPDATE CASCADE;
COMMIT;

/*!40101 SET CHARACTER_SET_CLIENT=@OLD_CHARACTER_SET_CLIENT */;
/*!40101 SET CHARACTER_SET_RESULTS=@OLD_CHARACTER_SET_RESULTS */;
/*!40101 SET COLLATION_CONNECTION=@OLD_COLLATION_CONNECTION */;
