-- phpMyAdmin SQL Dump
-- version 5.2.1
-- https://www.phpmyadmin.net/
--
-- Hôte : 127.0.0.1:3306
-- Généré le : dim. 24 mars 2024 à 14:59
-- Version du serveur : 8.0.35
-- Version de PHP : 8.2.13

SET SQL_MODE = "NO_AUTO_VALUE_ON_ZERO";
START TRANSACTION;
SET time_zone = "+01:00";


/*!40101 SET @OLD_CHARACTER_SET_CLIENT=@@CHARACTER_SET_CLIENT */;
/*!40101 SET @OLD_CHARACTER_SET_RESULTS=@@CHARACTER_SET_RESULTS */;
/*!40101 SET @OLD_COLLATION_CONNECTION=@@COLLATION_CONNECTION */;
/*!40101 SET NAMES utf8mb4 */;

--
-- Base de données : `sitexplore`
--

-- --------------------------------------------------------

--
-- Structure de la table `article`
--

DROP TABLE IF EXISTS `article`;
CREATE TABLE IF NOT EXISTS `article` (
  `id` int NOT NULL AUTO_INCREMENT,
  `title` varchar(255) CHARACTER SET utf8mb4 COLLATE utf8mb4_general_ci NOT NULL,
  `description` text CHARACTER SET utf8mb4 COLLATE utf8mb4_general_ci NOT NULL,
  `publicationDate` datetime NOT NULL,
  `link` varchar(255) CHARACTER SET utf8mb4 COLLATE utf8mb4_general_ci NOT NULL,
  `createdAt` datetime NOT NULL,
  `updatedAt` datetime NOT NULL,
  `media_id` int DEFAULT NULL,
  PRIMARY KEY (`id`),
  KEY `media_id` (`media_id`)
) ENGINE=InnoDB AUTO_INCREMENT=8901 DEFAULT CHARSET=utf8mb4 COLLATE=utf8mb4_general_ci;

--
-- Déchargement des données de la table `article`
--

INSERT INTO `article` (`id`, `title`, `description`, `publicationDate`, `link`, `createdAt`, `updatedAt`, `media_id`) VALUES
(8746, 'Une tombe de la dynastie Ming, bien conservée, découverte en Chine', 'Des fouilles menées par des archéologues dans une province du nord du pays ont permis de mettre au jour un tombeau de la dynastie Ming, contenant deux cercueils délicatement peints et de nombreux objets funéraires.', '2024-03-24 06:00:04', 'https://www.historia.fr/archeologie/epoque-moderne/une-tombe-de-la-dynastie-ming-bien-conservee-decouverte-en-chine-2084518', '2024-03-24 08:11:32', '2024-03-24 08:11:32', 2948),
(8747, 'Pologne : une précieuse épée du Xe siècle retrouvée dans la Vistule', 'Le 12 janvier, une équipe chargée de travaux de dragage dans le fleuve polonais, a découvert une épée datant du Moyen Âge. Une inscription présente sur sa lame permet d’en savoir plus sur son histoire.', '2024-02-05 15:44:21', 'https://www.historia.fr/archeologie/moyen-age/pologne-une-precieuse-epee-du-xe-siecle-retrouvee-dans-la-vistule-2074093', '2024-03-24 08:11:32', '2024-03-24 08:11:32', 2949),
(8748, 'Les moulins hydrauliques de Thervay', 'Côte à côte, deux mécanismes ont été utilisés pour moudre des grains entre 781 et 1169.', '2023-08-20 11:27:13', 'https://www.historia.fr/archeologie/moyen-age/les-moulins-hydrauliques-de-thervay-2058000', '2024-03-24 08:11:32', '2024-03-24 08:11:32', NULL),
(8749, 'Les premières parures', 'Les ornements paléolithiques sont souvent attribués à Homo sapiens. Mais l\'homme de Neandertal en aurait aussi façonné. Explications.', '2023-08-20 11:27:13', 'https://www.historia.fr/archeologie/civilisations-anciennes/les-premieres-parures-2057970', '2024-03-24 08:11:33', '2024-03-24 08:11:33', NULL),
(8750, 'Le terrain d\'exercices de l\'armée de Louis XIV', 'Des fouilles préventives dans la plaine d\'Achères ont mis au jour les vestiges du fort Saint-Sébastien. Un témoignage inédit de l\'art du siège.', '2023-08-20 11:27:13', 'https://www.historia.fr/archeologie/epoque-moderne/le-terrain-dexercices-de-larmee-de-louis-xiv-2057894', '2024-03-24 08:11:33', '2024-03-24 08:11:33', NULL),
(8751, 'Les premiers cannibales', 'Anthropophages, nos ancêtres ? Nombre de scientifiques en sont convaincus. Reste à comprendre les raisons de cette pratique.', '2023-08-20 11:27:13', 'https://www.historia.fr/archeologie/civilisations-anciennes/les-premiers-cannibales-2057876', '2024-03-24 08:11:33', '2024-03-24 08:11:33', NULL),
(8752, 'La cavalerie fantôme de Gondole', 'Les archéologues s\'interrogent sur la nature de la cérémonie qui a réuni dans la mort huit cavaliers et leurs chevaux au pied de cette cité arverne.', '2023-08-20 11:27:13', 'https://www.historia.fr/archeologie/civilisations-anciennes/la-cavalerie-fantome-de-gondole-2057834', '2024-03-24 08:11:33', '2024-03-24 08:11:33', NULL),
(8753, 'Les premières sépultures', 'Les tombes de nos ancêtres sont riches d\'enseignements... À commencer par ceux d\'une certaine cohésion sociale !', '2023-08-20 11:27:13', 'https://www.historia.fr/archeologie/civilisations-anciennes/les-premieres-sepultures-2057811', '2024-03-24 08:11:33', '2024-03-24 08:11:33', NULL),
(8754, 'Les premiers \"cordons bleus\"', 'Le rôti de mammouth ou le gigot de bison figurent bien à la \"table\" de nos très lointains ancêtres. Des morceaux de choix toutefois rares.', '2023-08-20 11:27:13', 'https://www.historia.fr/archeologie/civilisations-anciennes/les-premiers-cordons-bleus-2057714', '2024-03-24 08:11:33', '2024-03-24 08:11:33', NULL),
(8755, 'Les premiers musiciens', 'Nos ancêtres de l\'âge de pierre façonnaient leurs instruments. Mais seules les pièces en ivoire ou en os nous sont parvenues.', '2023-08-20 11:27:13', 'https://www.historia.fr/archeologie/civilisations-anciennes/les-premiers-musiciens-2057394', '2024-03-24 08:11:33', '2024-03-24 08:11:33', NULL),
(8756, 'Le groupe épiscopal d\'Ajaccio', 'Le baptistère d\'une cathédrale, élevée autour du VIIe siècle, témoigne des premiers édifices chrétiens sur l\'île de Beauté.', '2023-08-20 11:27:13', 'https://www.historia.fr/archeologie/epoque-moderne/le-groupe-episcopal-dajaccio-2057175', '2024-03-24 08:11:33', '2024-03-24 08:11:33', NULL),
(8757, 'Les premiers habitats', 'Jeu de piste ardu pour retrouver les lieux où se réfugiaient les hommes dits « des cavernes ». Qui vivaient le plus souvent... en plein air.', '2023-08-20 11:27:13', 'https://www.historia.fr/archeologie/civilisations-anciennes/les-premiers-habitats-2057034', '2024-03-24 08:11:33', '2024-03-24 08:11:33', NULL),
(8758, 'Préhistoires, l\'enquête', 'null', '2023-08-20 11:27:13', 'https://www.historia.fr/archeologie/civilisations-anciennes/prehistoires-lenquete-2056965', '2024-03-24 08:11:33', '2024-03-24 08:11:33', NULL),
(8759, 'Des héros soviétiques dans la glacière', 'C\'est une bien étrange découverte qui a été faite au château de Baillet-en-France, dans leVal-d\'Oise. Récit.', '2023-08-20 11:27:13', 'https://www.historia.fr/archeologie/epoque-contemporaine/des-heros-sovietiques-dans-la-glaciere-2056501', '2024-03-24 08:11:33', '2024-03-24 08:11:33', NULL),
(8760, 'Une prothèse égyptienne qui... marche !', 'null', '2023-08-20 11:27:13', 'https://www.historia.fr/archeologie/civilisations-anciennes/une-prothese-egyptienne-qui-marche-2056352', '2024-03-24 08:11:33', '2024-03-24 08:11:33', NULL),
(8761, 'De la bière à l\'âge de fer', 'null', '2023-08-20 11:27:13', 'https://www.historia.fr/archeologie/civilisations-anciennes/de-la-biere-a-lage-de-fer-2056075', '2024-03-24 08:11:33', '2024-03-24 08:11:33', NULL),
(8762, 'Une seconde barque pour Kheops', 'null', '2023-08-20 11:27:13', 'https://www.historia.fr/archeologie/civilisations-anciennes/une-seconde-barque-pour-kheops-2056051', '2024-03-24 08:11:33', '2024-03-24 08:11:33', NULL),
(8763, 'Peintures préhistoriques', 'null', '2023-08-20 11:27:13', 'https://www.historia.fr/archeologie/civilisations-anciennes/peintures-prehistoriques-2055795', '2024-03-24 08:11:33', '2024-03-24 08:11:33', NULL),
(8764, 'Une domus révélée à Assise', 'null', '2023-08-20 11:27:13', 'https://www.historia.fr/archeologie/civilisations-anciennes/une-domus-revelee-a-assise-2055684', '2024-03-24 08:11:34', '2024-03-24 08:11:34', NULL),
(8765, 'Quelle place pour l\'égyptologie ?', 'FACE À FACE L\'Égypte conditionne la poursuite de fouilles en échange du retour d\'objets détenus par les grands musées.', '2023-08-20 11:27:13', 'https://www.historia.fr/archeologie/civilisations-anciennes/quelle-place-pour-legyptologie-2055379', '2024-03-24 08:11:34', '2024-03-24 08:11:34', NULL),
(8766, '« Homo erectus », un premier « Ukrainien » il y a 1,4 million d’années', 'Le site de Korolevo, en Ukraine, où des outils ont été retrouvés, vient de faire l’objet de nouvelles datations qui suggèrent une nouvelle route de migration septentrionale de cet hominine en Europe.', '2024-03-13 05:00:08', 'https://www.lemonde.fr/sciences/article/2024/03/13/homo-erectus-un-premier-ukrainien-il-y-a-1-4-million-d-annees_6221704_1650684.html', '2024-03-24 08:11:34', '2024-03-24 08:11:34', 2950),
(8767, 'L’exceptionnel vase antique d’Autun exposé à Saint-Germain-en-Laye', 'Découvert en 2020 lors de fouilles préventives, l’objet de verre a retrouvé sa splendeur après un minutieux travail de restauration. Le Musée d’archéologie nationale lui consacre une exposition.', '2024-03-07 11:00:03', 'https://www.lemonde.fr/sciences/article/2024/03/07/l-exceptionnel-vase-antique-d-autun-expose-a-saint-germain-en-laye_6220653_1650684.html', '2024-03-24 08:11:34', '2024-03-24 08:11:34', 2951),
(8768, 'Comment les chercheurs travaillent sur le double virtuel de Notre-Dame de Paris', 'Les scientifiques peuvent notamment étudier les éléments qui se sont effondrés lors de l’incendie de 2019 et les parties inaccessibles de la cathédrale.', '2024-03-04 11:45:21', 'https://www.lemonde.fr/sciences/video/2024/03/04/comment-les-chercheurs-travaillent-sur-le-double-virtuel-de-notre-dame-de-paris_6220025_1650684.html', '2024-03-24 08:11:34', '2024-03-24 08:11:34', 2952),
(8769, 'Pompéi : de splendides fresques découvertes lors de travaux de restauration et de fouilles', 'La plus frappante représente la scène mythologique dans laquelle Phrixos et sa sœur jumelle, Hellé, fuient leur belle-mère, Ino, sur le bélier à la Toison d’or.', '2024-03-01 16:33:40', 'https://www.lemonde.fr/sciences/article/2024/03/01/de-splendides-fresques-decouvertes-a-pompei_6219545_1650684.html', '2024-03-24 08:11:34', '2024-03-24 08:11:34', 2953),
(8770, 'Notre-Dame de Paris : comment a été reconstruite la charpente « à l’identique »', 'Pour réaliser cet exploit, les architectes se sont appuyés sur des données archéologiques, physiques et numériques, colligées en un temps record par de nombreuses équipes scientifiques.', '2024-02-27 04:15:01', 'https://www.lemonde.fr/sciences/article/2024/02/27/notre-dame-de-paris-comment-a-ete-reconstruite-la-charpente-a-l-identique_6218777_1650684.html', '2024-03-24 08:11:34', '2024-03-24 08:11:34', 2954),
(8771, 'Exposition : ces objets trouvés « Dans la Seine » qui racontent Paris', 'Dans la Crypte archéologique de l’île de la Cité, à Paris, est exposé un charmant bric-à-brac de statuettes antiques, d’ex-voto, d’armes et de bagues, issus de fouilles ou collectés dans le lit et sur les berges du fleuve. Un parcours de la préhistoire à nos jours.', '2024-02-22 11:30:06', 'https://www.lemonde.fr/sciences/article/2024/02/22/exposition-ces-objets-trouves-dans-la-seine-qui-racontent-paris_6217910_1650684.html', '2024-03-24 08:11:34', '2024-03-24 08:11:34', 2955),
(8772, 'Les humains fabriquaient déjà des cordes il y a 35 000 ans', 'Un « bâton percé » en ivoire de mammouth découvert dans une grotte allemande pourrait avoir servi à assembler en quelques minutes des fibres végétales pour obtenir plusieurs mètres de cordage solide.', '2024-02-22 07:00:10', 'https://www.lemonde.fr/sciences/article/2024/02/22/les-humains-fabriquaient-deja-des-cordes-il-y-a-35-000-ans_6217876_1650684.html', '2024-03-24 08:11:34', '2024-03-24 08:11:34', 2956),
(8773, 'L’homme de Vittrup, migrant tué dans une tourbière danoise il y a plus de 3 000 ans', 'L’analyse d’un crâne fracassé trouvé il y a plus d’un siècle suggère que l’individu avait passé son enfance dans la péninsule scandinave avant de finir brutalement sa vie parmi des fermiers de l’âge de bronze.', '2024-02-20 05:30:15', 'https://www.lemonde.fr/sciences/article/2024/02/20/l-homme-de-vittrup-migrant-tue-dans-une-tourbiere-danoise-il-y-a-plus-de-3-000-ans_6217453_1650684.html', '2024-03-24 08:11:34', '2024-03-24 08:11:34', 2957),
(8774, '« Face aux préoccupations environnementales, l’archéologie peut contribuer à un avenir durable »', 'Dominique Garcia, le président de l’Inrap, appelle, dans une tribune au « Monde », à élargir les fouilles préventives aux effets du dérèglement climatique. Celles-ci pourraient, selon lui, éclairer sur les réponses apportées par les populations passées aux phénomènes violents comme les tempêtes ou les crues.', '2024-02-14 11:30:03', 'https://www.lemonde.fr/sciences/article/2024/02/14/face-aux-preoccupations-environnementales-l-archeologie-peut-contribuer-a-un-avenir-durable_6216496_1650684.html', '2024-03-24 08:11:34', '2024-03-24 08:11:34', 2958),
(8775, 'Dans la bande de Gaza, les bombes israéliennes détruisent le patrimoine et effacent la mémoire', 'Depuis les attaques du 7 octobre par le Hamas, plus de 200 sites culturels et historiques – mosquées, cimetières grecs, vestiges égyptiens, marchés ottomans, immeubles Bauhaus – ont été partiellement ou totalement détruits, selon un rapport d’ONG.', '2024-02-14 04:00:14', 'https://www.lemonde.fr/international/article/2024/02/14/a-gaza-les-bombes-israeliennes-effacent-le-patrimoine-de-l-enclave_6216433_3210.html', '2024-03-24 08:11:34', '2024-03-24 08:11:34', 2959),
(8776, 'A Gaza, inquiétude sur le dépôt d’une institution archéologique française', 'Une réserve de l’Ecole biblique et archéologique française de Jérusalem, située dans l’enclave palestinienne, a été investie par des soldats israéliens au cours du mois de janvier. Le sort de ces antiquités, sous la garde de l’institution française, est préoccupant alors que la guerre à Gaza continue.', '2024-02-14 03:00:07', 'https://www.lemonde.fr/international/article/2024/02/14/a-gaza-inquietude-sur-le-depot-d-une-institution-archeologique-francaise_6216392_3210.html', '2024-03-24 08:11:34', '2024-03-24 08:11:34', 2960),
(8777, 'Sept livres scientifiques à dévorer : « Dernières nouvelles du cerveau », « Matheuses », « Pythéas »…', 'Régulièrement, la rédaction du service Science & médecine du « Monde » vous propose une sélection de ses ouvrages préférés. Au programme cette fois, des neurosciences, des maths, de l’archéologie…', '2024-02-09 04:00:16', 'https://www.lemonde.fr/sciences/article/2024/02/09/sept-livres-scientifiques-a-devorer-dernieres-nouvelles-du-cerveau-matheuses-pytheas_6215559_1650684.html', '2024-03-24 08:11:34', '2024-03-24 08:11:34', 2961),
(8778, '« Homo sapiens » était présent en Allemagne il y a 45 000 ans', 'Un type de pierres taillées présentes dans une zone allant des îles britanniques à la Pologne est désormais attribué aux premiers représentants de notre espèce en Europe, et non plus à l’homme de Neandertal.', '2024-01-31 16:13:55', 'https://www.lemonde.fr/sciences/article/2024/01/31/homo-sapiens-etait-present-en-allemagne-il-y-a-45-000-ans_6214087_1650684.html', '2024-03-24 08:11:34', '2024-03-24 08:11:34', 2962),
(8779, 'Un campement de chasse du paléolithique découvert en Bourgogne-Franche-Comté', 'Une fouille archéologique a permis de mettre au jour des milliers de fragments de silex révélateurs d’un camp de chasse du solutréen, conservés depuis près de vingt-cinq mille ans.', '2024-01-24 14:00:13', 'https://www.lemonde.fr/sciences/article/2024/01/24/un-campement-de-chasse-du-paleolithique-decouvert-en-bourgogne-franche-comte_6212720_1650684.html', '2024-03-24 08:11:34', '2024-03-24 08:11:34', 2963),
(8780, 'Des archéologues amateurs découvrent un palais Tudor disparu dans les Midlands', 'Depuis 2017, ils cherchaient des traces de ce château royal perdu. Fin 2023, les bénévoles du club d’histoire du village de Collyweston, en Angleterre, ont exhumé un pan de mur du XVᵉ siècle dans un jardin privé.', '2024-01-17 03:45:09', 'https://www.lemonde.fr/sciences/article/2024/01/17/des-archeologues-amateurs-decouvrent-un-palais-tudor-disparu-dans-les-midlands_6211239_1650684.html', '2024-03-24 08:11:34', '2024-03-24 08:11:34', 2964),
(8781, 'En Amazonie, la découverte d’un vaste réseau de cités-jardins vieux de 2 500 ans', 'La mal nommée forêt vierge a abrité des villes antiques, confirme la revue « Science », qui publie, jeudi 11 janvier, la description de la plus grande et la plus ancienne agglomération amazonienne connue, située en Equateur.', '2024-01-11 19:00:05', 'https://www.lemonde.fr/sciences/article/2024/01/11/en-amazonie-la-decouverte-d-un-vaste-reseau-de-cites-jardins-vieux-de-2-500-ans_6210293_1650684.html', '2024-03-24 08:11:35', '2024-03-24 08:11:35', 2965),
(8782, 'Sous l’autoroute A75, des pépites archéologiques', 'A Clermont-Ferrand, une exposition présente une partie des milliers d’objets, du néolithique à l’âge du fer, exhumés lors des fouilles préventives entreprises avant les travaux d’élargissement de la Méridienne.', '2024-01-11 08:00:06', 'https://www.lemonde.fr/sciences/article/2024/01/11/sous-l-autoroute-a75-des-pepites-archeologiques_6210200_1650684.html', '2024-03-24 08:11:35', '2024-03-24 08:11:35', 2966),
(8783, 'Les pépites de l’actualité scientifique et médicale de 2023 : les premiers clichés du cosmos, un singe chimérique, une nécropole antique à Paris…', 'Retrouvez en images les temps forts de l’actualité scientifique et médicale, ainsi que les personnalités qui ont laissé leur empreinte sur l’année écoulée.', '2023-12-26 04:01:28', 'https://www.lemonde.fr/sciences/article/2023/12/26/les-pepites-de-l-actualite-scientifique-et-medicale-de-2023-les-premiers-cliches-du-cosmos-un-singe-chimerique-une-necropole-antique-a-paris_6207734_1650684.html', '2024-03-24 08:11:35', '2024-03-24 08:11:35', 2967),
(8784, 'Un atlas archéologique revisite l’histoire profonde de la France', 'L’« Atlas archéologique de la France » est une synthèse de milliers de fouilles, pour beaucoup faites par l’Inrap, et chaque carte représente une strate de notre passé. Le tout apporte un autre regard sur des problématiques contemporaines.', '2023-12-21 11:00:09', 'https://www.lemonde.fr/sciences/article/2023/12/21/un-atlas-archeologique-revisite-l-histoire-profonde-de-la-france_6207104_1650684.html', '2024-03-24 08:11:35', '2024-03-24 08:11:35', 2968),
(8785, 'L’anomalie du champ magnétique terrestre inscrite dans des briques mésopotamiennes', 'Dans des briques cuites gravées et datées du Ier millénaire av. J.-C., des chercheurs ont identifié la trace laissée par une fluctuation du géomagnétisme antique', '2023-12-20 10:50:37', 'https://www.lemonde.fr/sciences/article/2023/12/20/l-anomalie-du-champ-magnetique-terrestre-inscrite-dans-des-briques-mesopotamiennes_6206873_1650684.html', '2024-03-24 08:11:35', '2024-03-24 08:11:35', 2969),
(8786, 'Michel De Jaeghere: «Les cinq leçons à retenir absolument des grandes invasions»', 'L\'ÉDITORIAL DU FIGARO HISTOIRE - De la vaste histoire de la déferlante des peuples qui provoqua la chute de l\'Empire romain d\'Occident et secoua le haut Moyen Âge jusqu\'aux environs de l\'an mille, se dégagent, de fait, au moins cinq leçons.', '2024-02-20 10:24:37', 'https://www.lefigaro.fr/histoire/l-editorial-du-figaro-histoire-tant-qu-il-y-aura-des-hommes-20240203', '2024-03-24 08:11:35', '2024-03-24 08:11:35', 2970),
(8787, 'Quand l’Europe faisait face aux grandes invasions', 'LE FIGARO HISTOIRE - Pendant près de six cents ans, l’Europe fut traversée par quatre grandes migrations de peuples. Le Figaro Histoire leur consacre le dossier de son nouveau numéro.', '2024-01-31 11:12:46', 'https://www.lefigaro.fr/histoire/quand-l-europe-faisait-face-aux-grandes-invasions-20240131', '2024-03-24 08:11:35', '2024-03-24 08:11:35', 2971),
(8788, '25 février 1994 : la députée Yann Piat est assassinée', 'LES ARCHIVES DU FIGARO - Il y a trente ans, l’élue varoise en guerre contre la corruption était abattue par deux tueurs à moto à Hyères.', '2024-02-25 10:41:09', 'https://www.lefigaro.fr/histoire/archives/25-fevrier-1994-la-deputee-yann-piat-est-assassinee-20240225', '2024-03-24 08:11:35', '2024-03-24 08:11:35', 2972),
(8789, 'Comment notre civilisation a survécu en dépit du choc des «grandes invasions»', 'RÉCIT - La culture de l’Antiquité tardive a traversé les siècles pour donner naissance à notre civilisation.', '2024-02-24 09:28:27', 'https://www.lefigaro.fr/histoire/comment-notre-civilisation-a-survecu-20240224', '2024-03-24 08:11:35', '2024-03-24 08:11:35', 2973),
(8790, 'Brillat-Savarin, Le gastronome transcendant, de Jean-Robert Pitte: manuel de survie en milieu hostile pour les bons vivants', 'CRITIQUE - Il est un art, supérieur aux autres, qui réunit les cinq sens et élève l\'esprit. Dans son dernier ouvrage, consacré au père fondateur de la gastronomie, Jean-Robert Pitte se livre à un savoureux plaidoyer pour cette «aventure destinée à rendre meilleure l\'humanité».', '2024-02-24 09:27:49', 'https://www.lefigaro.fr/histoire/livres/brillat-savarin-la-transcendance-de-la-gastronomie-20240224', '2024-03-24 08:11:35', '2024-03-24 08:11:35', 2974),
(8791, 'Manifestation du 6 février 1934, acmé d\'un fascisme français ou crépuscule de l’antiparlementarisme ?', 'ENTRETIEN - Dans «Février 34», les historiens Olivier Dard et Jean Philippet retracent les coulisses et le déroulement de la manifestation meurtrière du 6 février 1934, par-delà les mythes et les récupérations. Un épisode qui n’est pas selon eux sans rappeler notre actualité.', '2024-02-23 14:32:23', 'https://www.lefigaro.fr/vox/histoire/manifestation-du-6-fevrier-1934-acme-d-un-fascisme-francais-ou-crepuscule-de-l-antiparlementarisme-20240223', '2024-03-24 08:11:35', '2024-03-24 08:11:35', 2975),
(8792, '«Les officiers étaient des bâtisseurs»: l’histoire méconnue des troupes coloniales françaises', 'ENTRETIEN - L’historienne Julie d’Andurain livre une vision inédite de la dimension politique et militaire de l’«armée coloniale» française, dans un ouvrage paru ce mercredi.', '2024-02-22 11:22:05', 'https://www.lefigaro.fr/histoire/les-officiers-etaient-des-batisseurs-l-histoire-meconnue-des-troupes-coloniale-francaise-20240221', '2024-03-24 08:11:35', '2024-03-24 08:11:35', 2976),
(8793, 'Stéphane Courtois :« La mort de Missak Manouchian suscite l\'admiration mais son héroïsation a été construite par le PCF »', 'ENTRETIEN - En faisant entrer Missak Manouchian au Panthéon avec sa femme Mélinée, Emmanuel Macron veut honorer une victime de la barbarie nazie et le parcours exemplaire d’un Arménien accueilli par la France. Quitte à mettre de côté le profil communiste stalinien du couple et certaines vérités historiques embarrassantes que rappelle l’historien.', '2024-02-21 09:05:28', 'https://www.lefigaro.fr/vox/histoire/stephane-courtois-la-mort-de-missak-manouchian-suscite-l-admiration-mais-son-heroisation-a-ete-construite-par-le-pcf-20240220', '2024-03-24 08:11:36', '2024-03-24 08:11:36', 2977),
(8794, 'La lettre du Figaro Histoire du 20 février 2024', 'LETTRE EXCLUSIVE ABONNÉS - L’actualité historique par Geoffroy Caillet et Isabelle Schmitz', '2024-02-20 15:43:29', 'https://www.lefigaro.fr/histoire/la-lettre-du-figaro-histoire-du-20-fevrier-2024-20240220', '2024-03-24 08:11:36', '2024-03-24 08:11:36', 2978),
(8795, 'Panthéonisation de Missak Manouchian : l’«Affiche rouge» au cœur de sa mémoire', 'RÉCIT - En février 1944, une campagne de propagande nazie et collaborationniste sous forme d’affiches et de tracts vise à discréditer le réseau de résistance FTP-MOI aux yeux des Français. Il y est décrit comme une «armée du crime» responsable d’une série d’attentats terroristes.', '2024-02-20 14:09:37', 'https://www.lefigaro.fr/histoire/pantheonisation-de-missak-manouchian-l-affiche-rouge-au-coeur-de-sa-memoire-20240220', '2024-03-24 08:11:36', '2024-03-24 08:11:36', 2979),
(8796, 'La «Cathédrale des Halles», chef-d\'œuvre de l\'architecture gothique et de la Renaissance', 'RÉCIT - L\'église Saint-Eustache célèbre ses huit cents ans. L\'édifice se distingue par ses dimensions, proches de celles d\'une cathédrale, et par la grande richesse des œuvres qu\'elle abrite.', '2024-02-20 12:49:56', 'https://www.lefigaro.fr/histoire/la-cathedrale-des-halles-chef-d-oeuvre-de-l-architecture-gothique-et-de-la-renaissance-20240219', '2024-03-24 08:11:37', '2024-03-24 08:11:37', 2980),
(8797, 'Jean Sévillia: qui était vraiment le chevalier Bayard?', 'CRITIQUE - Mythifié dès après sa mort, qui était véritablement Pierre Terrail, seigneur de Bayard, «Chevalier sans peur et sans reproche»?', '2024-02-18 10:09:10', 'https://www.lefigaro.fr/histoire/jean-sevilla-qui-etait-vraiment-le-chevalier-bayard-20240218', '2024-03-24 08:11:37', '2024-03-24 08:11:37', 2981),
(8798, 'La saga du droit de la nationalité depuis 1789, droit du sang, droit du sol: que doit être un Français ?', 'GRAND RÉCIT - Raconter deux siècles d’histoire de la nationalité française, c\'est plonger dans notre identité collective et éclairer les enjeux du présent.', '2024-02-19 09:03:10', 'https://www.lefigaro.fr/vox/histoire/la-saga-du-droit-de-la-nationalite-depuis-1789-droit-du-sang-droit-du-sol-que-doit-etre-un-francais-20240217', '2024-03-24 08:11:37', '2024-03-24 08:11:37', 2982),
(8799, 'Mykérinos, la plus petite des pyramides de Gizeh, ne sera finalement pas restaurée', 'La restauration de la plus petite des trois grandes pyramides de Gizeh, orchestrée par le ministère des Antiquités,&nbsp;n’aura finalement pas lieu après l\'étude du projet par un comité d\'experts.', '2024-03-23 10:00:00', 'https://www.sciencesetavenir.fr/archeo-paleo/archeologie/mykerinos-apres-la-polemique-la-restauration-de-la-plus-petite-des-pyramides-de-gizeh-finalement-abandonnee_177291?xtor=RSS-4', '2024-03-24 08:11:39', '2024-03-24 08:11:39', NULL),
(8800, 'Le plus grand dauphin d\'eau douce vivait en Amazonie, il y a 16 millions d\'années', 'Plusieurs fossiles de cet animal ont été retrouvés dont un crâne presque complet. Son étude révèle que ses plus proches parents vivent dans les rivières d\'Asie.', '2024-03-22 16:00:00', 'https://www.sciencesetavenir.fr/archeo-paleo/paleontologie/le-plus-grand-dauphin-d-eau-douce-vivait-en-amazonie-il-y-a-16-millions-d-annees_177433?xtor=RSS-4', '2024-03-24 08:11:39', '2024-03-24 08:11:39', NULL),
(8801, 'Découverte du plus gros crabe fossile', 'L\'imposant animal semble être un ancêtre de l\'encore plus gros crabe géant de Tasmanie. Les biologistes tentent toujours d\'expliquer son gigantisme.', '2024-03-22 10:48:27', 'https://www.sciencesetavenir.fr/archeo-paleo/paleontologie/decouverte-du-plus-gros-crabe-fossile-ancetre-d-un-crustace-encore-plus-gros-et-qui-existe-toujours-aujourd-hui_177443?xtor=RSS-4', '2024-03-24 08:11:49', '2024-03-24 08:11:49', NULL),
(8802, 'Comment les derniers chasseurs-cueilleurs de France évitaient la consanguinité', 'Des analyses ADN et de la composition des os de restes humains retrouvés au sud de la Bretagne montrent que ces groupes de chasseurs-cueilleurs accueillaient des membres d’autres groupes pour se reproduire.', '2024-03-22 09:52:04', 'https://www.sciencesetavenir.fr/archeo-paleo/anthropologie/comment-les-derniers-chasseurs-cueilleurs-de-france-evitaient-la-consanguinite_177448?xtor=RSS-4', '2024-03-24 08:11:49', '2024-03-24 08:11:49', NULL),
(8803, 'Découverte des premiers bateaux qui ont sillonné la Méditerranée', 'Il y a plus de 7000 ans, les humains naviguaient sur la mer Méditerranée à l\'aide de bateaux technologiquement sophistiqués.', '2024-03-20 18:00:00', 'https://www.sciencesetavenir.fr/archeo-paleo/archeologie/decouverte-des-premiers-bateaux-qui-ont-sillonne-la-mediterranee_177285?xtor=RSS-4', '2024-03-24 08:11:49', '2024-03-24 08:11:49', NULL),
(8804, 'Comment vivait-on dans la Pompéi britannique il y a 3000 ans ?', 'Détruit par un incendie, le village sur pilotis de Must Farm est pourtant le site préhistorique le mieux conservé de Grande-Bretagne. Quel paradoxe&nbsp;! Comme les habitants ont tout laissé sur place, voilà une occasion unique de reconstituer leur vie plutôt \"douillette\".', '2024-03-20 13:44:50', 'https://www.sciencesetavenir.fr/archeo-paleo/archeologie/comment-vivait-on-il-y-a-3000-ans-dans-la-pompei-britannique_177326?xtor=RSS-4', '2024-03-24 08:11:49', '2024-03-24 08:11:49', NULL),
(8805, 'Des milliers de cerveaux anciens en attente d\'analyses', 'De nombreux cerveaux anciens ont été conservés à travers le monde. Beaucoup plus que prévu. Ils constituent une ressource pour de futures analyses, notamment la recherche de biomolécules.', '2024-03-20 00:01:00', 'https://www.sciencesetavenir.fr/archeo-paleo/anthropologie/des-milliers-de-cerveaux-anciens-en-attente-d-analyses_177301?xtor=RSS-4', '2024-03-24 08:11:49', '2024-03-24 08:11:49', NULL),
(8806, 'Découverte d\'un des premiers oiseaux sans dents', 'Au temps des dinosaures, il existait deux groupes d\'oiseaux dont l\'un a disparu en même temps qu\'eux. C\'est en son sein que l\'on trouve ce nouveau spécimen découvert en Chine.\r\n\r\n&nbsp;', '2024-03-15 13:47:42', 'https://www.sciencesetavenir.fr/archeo-paleo/paleontologie/decouverte-d-un-des-premiers-oiseaux-sans-dents_177231?xtor=RSS-4', '2024-03-24 08:11:49', '2024-03-24 08:11:49', NULL),
(8807, 'Les plus anciennes traces de labour en Europe se trouvent dans les Alpes suisses', 'Les humains ont compté sur la force des animaux pour réaliser la révolution agricole dès le début du néolithique.', '2024-03-14 16:34:52', 'https://www.sciencesetavenir.fr/archeo-paleo/archeologie/les-plus-anciennes-traces-de-labour-en-europe-se-trouvent-dans-les-alpes-suisses_177250?xtor=RSS-4', '2024-03-24 08:11:49', '2024-03-24 08:11:49', NULL),
(8808, 'Des sépultures de la noblesse catalane retrouvées intactes dans l’abbaye royale de Santes Creus', 'Pensant que leurs sarcophages avaient été pillés, les archéologues ne s’attendaient pas à retrouver les restes funéraires de plusieurs lignées de la noblesse catalane, qui constituent désormais un objet d’étude exceptionnel.', '2024-03-12 13:47:17', 'https://www.sciencesetavenir.fr/archeo-paleo/archeologie/des-sepultures-de-la-noblesse-catalane-retrouvees-intactes-dans-l-abbaye-royale-de-santes-creus_177214?xtor=RSS-4', '2024-03-24 08:11:49', '2024-03-24 08:11:49', NULL),
(8809, 'La plus ancienne forêt fossilisée connue a été découverte en Angleterre', 'Une forêt d\'arbres&nbsp;fossilisés du genre&nbsp;Calamophyton&nbsp;a été localisée et étudiée par des chercheurs&nbsp;dans le sud-ouest de l\'Angleterre.', '2024-03-11 13:43:13', 'https://www.sciencesetavenir.fr/archeo-paleo/paleontologie/la-plus-ancienne-foret-fossilisee-connue-a-ete-decouverte-en-angleterre_177190?xtor=RSS-4', '2024-03-24 08:11:49', '2024-03-24 08:11:49', NULL),
(8810, 'Les poux réécrivent l\'histoire de l\'humanité', 'L\'étude génétique de ces parasites permet aux chercheurs de retracer les migrations humaines qui ont façonné l\'histoire de notre espèce et d\'apporter des informations inédites.', '2024-03-10 17:00:00', 'https://www.sciencesetavenir.fr/archeo-paleo/paleontologie/comment-les-poux-apportent-des-informations-inedites-sur-l-histoire-de-l-humanite_176930?xtor=RSS-4', '2024-03-24 08:11:49', '2024-03-24 08:11:49', NULL),
(8811, 'Les habitants de l’île de Pâques ont-ils inventé leur propre écriture avant l’arrivée des Européens ?', 'Une tablette inscrite en rongorongo, écriture composée de glyphes picturaux encore indéchiffrée, précède de plusieurs siècles l’arrivée des premiers Européens sur l’île de Pâques, au début du 18e&nbsp;siècle.', '2024-03-07 10:08:03', 'https://www.sciencesetavenir.fr/archeo-paleo/anthropologie/les-habitants-de-l-ile-de-paques-ont-ils-invente-le-rongorongo-ecriture-encore-indechiffree-avant-l-arrivee-des-europeens_177123?xtor=RSS-4', '2024-03-24 08:11:49', '2024-03-24 08:11:49', NULL),
(8812, 'Découverte de la plus ancienne trace de présence humaine en Europe', 'Des restes d\'outils appartenant à Homo erectus ont été découverts en Ukraine. Ils sont datés de 1,4 million d\'années et considérés comme le plus ancien témoignage d\'activité humaine dans cette région.', '2024-03-06 16:00:00', 'https://www.sciencesetavenir.fr/archeo-paleo/anthropologie/decouverte-en-ukraine-de-la-plus-ancienne-trace-de-presence-humaine-en-europe_177078?xtor=RSS-4', '2024-03-24 08:11:49', '2024-03-24 08:11:49', NULL),
(8813, 'Le plus ancien \"pain\" de l\'humanité retrouvé sur le site turc de Çatalhöyük ?', 'L\'excavation d\'une structure de four retrouvée sur le site historique de Çatalhöyük, dans le centre de la Turquie, a révélé&nbsp;les restes d\'un&nbsp;pain datant de 8600 ans. Une première.', '2024-03-06 14:43:31', 'https://www.sciencesetavenir.fr/archeo-paleo/archeologie/vieux-de-8600-ans-le-plus-vieux-pain-de-l-humanite-retrouve-a-catalhoyuk_177120?xtor=RSS-4', '2024-03-24 08:11:49', '2024-03-24 08:11:49', NULL),
(8814, 'Gaza : le patrimoine anéanti', 'Mosquée ottomane, vestiges d\'un port grec, cimetière romain, église byzantine… Le petit territoire palestinien abritait un riche patrimoine archéologique et culturel qui disparaît sous les bombardements de l\'armée israélienne en réplique aux attentats du 7 octobre 2023. Quelques archéologues encore sur place témoignent de cette destruction massive.', '2024-03-02 05:00:00', 'https://www.sciencesetavenir.fr/archeo-paleo/patrimoine/gaza-le-patrimoine-aneanti_176929?xtor=RSS-4', '2024-03-24 08:11:50', '2024-03-24 08:11:50', NULL),
(8815, 'Découverte d’un cimetière contenant plus d’un millier de victimes de la Peste noire en Allemagne', 'Huit fosses communes abritant plus d’un millier de victimes de la Peste noire, sans doute mortes lors de l’épidémie de 1632-1633, sont en train d’être exhumées à Nuremberg, en Bavière.', '2024-02-29 15:31:08', 'https://www.sciencesetavenir.fr/archeo-paleo/decouverte-d-un-cimetiere-contenant-plus-d-un-millier-de-victimes-de-la-peste-noire-en-allemagne_177044?xtor=RSS-4', '2024-03-24 08:11:50', '2024-03-24 08:11:50', NULL),
(8816, 'Comment les grands singes ont perdu leur queue', 'La perte de la queue a procuré un avantage fondamental pour la bipédie. Un \"gène sauteur\" pourrait en être la cause et il serait également à l\'origine d\'une malformation relativement fréquente chez les humains.', '2024-02-28 16:00:00', 'https://www.sciencesetavenir.fr/archeo-paleo/evolution/comment-les-grands-singes-ont-perdu-la-queue_176972?xtor=RSS-4', '2024-03-24 08:11:50', '2024-03-24 08:11:50', NULL),
(8817, 'Une époustouflante bague en or vieille de 1500 ans révèle les secrets d\'une lignée princière inconnue', 'Trouvée dans un champ du sud-ouest du Danemark grâce à un détecteur de métal, une rarissime bague en or d\'une grande délicatesse indiquerait qu\'une lignée princière inconnue liée aux rois francs mérovingiens&nbsp;aurait régné sur la région au début du Moyen Âge.', '2024-02-28 15:45:16', 'https://www.sciencesetavenir.fr/archeo-paleo/archeologie/trouvee-au-danemark-une-epoustouflante-bague-en-or-vieille-de-1500-ans-revele-les-secrets-d-une-lignee-princiere-inconnue_177021?xtor=RSS-4', '2024-03-24 08:11:50', '2024-03-24 08:11:50', NULL),
(8818, 'Des dinosaures à bec de canard au Maroc', 'C\'est la deuxième espèce de dinosaure à bec de canard identifiée et des indices suggèrent l\'existence d\'une troisième plus grosse. La présence de ces animaux en Afrique est insolite et suggère un long voyage.', '2024-02-27 15:29:37', 'https://www.sciencesetavenir.fr/archeo-paleo/paleontologie/decouverte-d-une-nouvelle-espece-de-dinosaure-a-bec-de-canard-au-maroc_176993?xtor=RSS-4', '2024-03-24 08:11:50', '2024-03-24 08:11:50', NULL),
(8819, 'L’ADN ancien révèle que les Danois descendent principalement des Yamnayas', 'Les Danois actuels sont essentiellement les descendants des pasteurs Yamnayas qui ont déferlé en Europe à la fin du néolithique.', '2024-02-27 14:42:36', 'https://www.sciencesetavenir.fr/archeo-paleo/anthropologie/l-adn-ancien-revele-que-les-danois-descendent-principalement-des-yamnayas_177002?xtor=RSS-4', '2024-03-24 08:11:50', '2024-03-24 08:11:50', NULL),
(8820, 'Le trésor du légendaire galion espagnol San José bientôt remonté à la surface', 'En pleine guerre de succession en Espagne, le navire acheminait l\'or, l\'argent et les pierres précieuses depuis les colonies espagnoles en Amérique vers la cour du roi Philippe V.', '2024-02-23 15:59:39', 'https://www.sciencesetavenir.fr/archeo-paleo/archeologie/colombie-le-tresor-du-legendaire-galion-espagnol-san-jose-bientot-remonte-a-la-surface_176952?xtor=RSS-4', '2024-03-24 08:11:50', '2024-03-24 08:11:50', NULL),
(8821, 'DIAPORAMA. Le mammouth de Durfort remonte sur le podium', 'Dès le 28 juin 2023,&nbsp;les visiteurs du Muséum national d’histoire naturelle de Paris pourront retrouver l’impressionnant squelette du mammouth de Durfort, restauré pour la première fois en 150 ans. Un chantier de grande ampleur.', '2023-06-23 09:48:49', 'https://www.sciencesetavenir.fr/archeo-paleo/paleontologie/diaporama-le-mammouth-de-durfort-remonte-sur-le-podium-inauguration-le-28-juin-2023_172125?xtor=RSS-4', '2024-03-24 08:11:50', '2024-03-24 08:11:50', NULL),
(8822, 'L\'énigme des momies naturelles de San Bernardo, en images', 'Dans un village de Colombie, les corps des défunts se momifient spontanément. Ce phénomène étonnant qui touche un cadavre sur cinq laisse perplexes les chercheurs.', '2022-12-14 09:02:39', 'https://www.sciencesetavenir.fr/archeo-paleo/archeologie/l-enigme-des-momies-naturelles-de-san-bernardo-en-images_168120?xtor=RSS-4', '2024-03-24 08:11:50', '2024-03-24 08:11:50', NULL),
(8823, 'Un fossile de dinosaure avec de la peau découvert au Canada', 'Seule une partie des restes de la bête affleure d\'une roche mais les paléontologues estiment que le fossile pourrait être entièrement conservé.', '2022-09-21 12:41:47', 'https://www.sciencesetavenir.fr/archeo-paleo/paleontologie/un-fossile-de-dinosaure-avec-de-la-peau-decouvert-au-canada_166398?xtor=RSS-4', '2024-03-24 08:11:50', '2024-03-24 08:11:50', NULL),
(8824, 'EXPO. César redécouvert à Gergovie', 'L\'exposition \"César à Gergovie\" est à voir au Musée archéologique de la bataille de Gergovie, en Auvergne, jusqu\'au 8 mai 2023.', '2022-08-02 14:29:58', 'https://www.sciencesetavenir.fr/archeo-paleo/archeologie/expo-cesar-redecouvert-au-musee-de-gergovie_165373?xtor=RSS-4', '2024-03-24 08:11:50', '2024-03-24 08:11:50', NULL),
(8825, 'Des images inédites du San José, l\'épave \"la plus riche du monde\"', 'L\'État colombien a dévoilé dans une vidéo des images inédites de l\'épave du&nbsp;San José,&nbsp;l\'un des plus grands galions de l\'armada espagnole&nbsp;coulé il y a trois siècles avec son exceptionnelle cargaison&nbsp;au large de la côte caraïbe du pays.', '2022-06-08 16:11:53', 'https://www.sciencesetavenir.fr/archeo-paleo/archeologie/des-images-inedites-du-san-jose-l-epave-la-plus-riche-du-monde-apres-son-exploration_164051?xtor=RSS-4', '2024-03-24 08:11:50', '2024-03-24 08:11:50', NULL),
(8826, 'Plongée dans la réplique de la grotte Cosquer', 'Donner à voir ce qui est inaccessible et voué à disparaître, avalé par la montée des eaux : c\'est l\'objectif de la réplique de la Grotte Cosquer qui ouvre ses portes à la Villa Méditerranée, le 4 juin 2022.', '2022-05-19 07:55:02', 'https://www.sciencesetavenir.fr/archeo-paleo/archeologie/plongee-dans-la-replique-de-la-grotte-cosquer_163531?xtor=RSS-4', '2024-03-24 08:11:50', '2024-03-24 08:11:50', NULL),
(8827, 'Découvertes archéologiques à Notre-Dame : les vestiges en images', 'Un intriguant cercueil en plomb du 14e&nbsp;siècle et des éléments de décor polychromes très anciens ont été découverts sous le transept de la cathédrale lors des travaux de rénovation de la cathédrale parisienne.', '2022-03-16 17:27:52', 'https://www.sciencesetavenir.fr/archeo-paleo/archeologie/decouvertes-archeologiques-a-notre-dame-les-vestiges-mis-au-jour-en-images_162210?xtor=RSS-4', '2024-03-24 08:11:50', '2024-03-24 08:11:50', NULL),
(8828, 'DIAPO. Plusieurs momies égyptiennes ont rejoint leur nouveau musée lors d\'un spectacle grandiose', 'Encadrés par la garde montée, les premiers chars noirs ornés de motifs dorés et lumineux rappelant les embarcations funéraires antiques ont quitté&nbsp;à 20h00 le 3 avril 2021 la place Tahrir et le musée du Caire, où les momies reposaient depuis plus d\'un siècle.&nbsp;Sous les coups de canon, les chars sont arrivés au nouveau musée vers 20h30, accueillis par le président Abdel Fattah al-Sissi.', '2021-04-06 09:50:59', 'https://www.sciencesetavenir.fr/archeo-paleo/archeologie/diaporama-plusieurs-momies-egyptiennes-ont-rejoint-leur-nouveau-musee-lors-d-un-spectacle-grandiose_153245?xtor=RSS-4', '2024-03-24 08:11:50', '2024-03-24 08:11:50', NULL),
(8829, 'Le Palais de la découverte met aux enchères 130 de ses trésors', 'Le samedi 21 novembre 2020, quelques jours avant sa fermeture prolongée pour rénovation, le Palais de la découverte organisera une vente aux enchères exceptionnelle dans son vaste hall. Pour la première dans l\'histoire d\'un musée scientifique français, plus de 130 pièces seront proposées au grand public. Mais l\'idée ne fait pas l\'unanimité parmi les anciens collaborateurs de l\'établissement.', '2020-10-16 15:48:27', 'https://www.sciencesetavenir.fr/archeo-paleo/patrimoine/avant-sa-fermeture-pour-quatre-ans-de-renovation-le-palais-de-la-decouverte-met-aux-encheres-certains-de-ses-tresors_148450?xtor=RSS-4', '2024-03-24 08:11:50', '2024-03-24 08:11:50', NULL),
(8830, 'A la recherche de Romulus dans le Forum romain', 'Une découverte archéologique \"exceptionnelle\", associée à Romulus, a été faite sur le Forum romain. Elle a été présentée au public pour la première fois&nbsp;vendredi 21 février 2020.', '2020-02-24 11:04:42', 'https://www.sciencesetavenir.fr/archeo-paleo/archeologie/les-photos-du-possible-tombeau-de-romulus_141776?xtor=RSS-4', '2024-03-24 08:11:51', '2024-03-24 08:11:51', NULL),
(8831, 'Les dernières espèces de dinosaures découvertes', 'Vous avez manqué les toutes dernières espèces de dinosaures découvertes par les paléontologues ? Sciences et Avenir vous propose une séance de rattrapage, en images.', '2019-07-14 07:00:00', 'https://www.sciencesetavenir.fr/archeo-paleo/paleontologie/les-dernieres-especes-de-dinosaure-retrouvees_134488?xtor=RSS-4', '2024-03-24 08:11:51', '2024-03-24 08:11:51', NULL),
(8832, 'EN IMAGES : Quelques uns des projets les plus visuels pour reconstruire ND de Paris', 'Après l\'incendie, la reconstruction de Notre-Dame de Paris suscite de nombreuses contributions. En voici quelques-une des plus marquantes.', '2019-05-07 15:48:18', 'https://www.sciencesetavenir.fr/archeo-paleo/patrimoine/en-images-les-projets-de-reconstruction-de-notre-dame-de-paris_133484?xtor=RSS-4', '2024-03-24 08:11:52', '2024-03-24 08:11:52', NULL),
(8833, 'DIAPORAMA. L\'important chantier de Notre-Dame après l\'incendie', 'Touchée par un grave incendie le soir du 15 avril 2019, la cathédrale de Notre-Dame de Paris est, deux ans plus tard, le centre d\'un important travail de sécurisation et de recherche.', '2019-04-16 09:43:00', 'https://www.sciencesetavenir.fr/archeo-paleo/patrimoine/diaporama-notre-dame-apres-l-incendie_133031?xtor=RSS-4', '2024-03-24 08:11:52', '2024-03-24 08:11:52', NULL),
(8834, 'Les images des carnets d\'Egypte', 'Quelques images tirées des \"Carnets d\'Egypte\" par le chimiste Philippe Walter et l\'archéologue Philippe Martinez (CNRS). Leur équipe étudie les techniques artistiques employées dans les tombes de la nécropole thébaine, près de Louxor.', '2018-11-28 11:13:03', 'https://www.sciencesetavenir.fr/archeo-paleo/archeologie/les-images-des-carnets-d-egypte-pres-de-louxor_129773?xtor=RSS-4', '2024-03-24 08:11:52', '2024-03-24 08:11:52', NULL),
(8835, 'Les gravures de l\'Atacama bientôt au Patrimoine mondial', 'Il y a près de 3.000 ans, bergers et caravaniers ont gravé la roche dans la vallée de Taira, dans le désert d\'Atacama, faisant de ce site qui aspire à être classé au patrimoine mondial de l\'Unesco l\'épicentre de l\'art rupestre au Chili.', '2018-07-31 08:48:16', 'https://www.sciencesetavenir.fr/archeo-paleo/paleontologie/les-gravures-de-l-atacama-bientot-au-patrimoine-mondial_126339?xtor=RSS-4', '2024-03-24 08:11:53', '2024-03-24 08:11:53', NULL),
(8836, 'EN IMAGES. La découverte du trésor viking en argent daté du règne de Harald à la dent bleue', 'Suite à la découverte de deux passionnés, une équipe d\'archéologues a mis au jour&nbsp;un remarquable&nbsp;trésor d\'objets en argent daté du Xe siècle,&nbsp;la période durant laquelle les&nbsp;Vikings adoptent peu à peu le christianisme. Les plus belles pièces du trésor sont à découvrir dans notre diaporama.', '2018-04-18 09:08:06', 'https://www.sciencesetavenir.fr/archeo-paleo/archeologie/en-images-la-decouverte-du-tresor-viking-en-argent-date-du-regne-de-harald-a-la-dent-bleue_123182?xtor=RSS-4', '2024-03-24 08:11:53', '2024-03-24 08:11:53', NULL),
(8837, '\"Faire revivre l\'esprit de Mossoul\"', 'Dans le cadre du nouveau projet phare de l\'Unesco pour l\'Irak, ces photos prises en mars 2018, illustrent l\'état de destruction actuel de la ville.&nbsp;', '2018-03-26 14:04:07', 'https://www.sciencesetavenir.fr/archeo-paleo/archeologie/faire-revivre-l-esprit-de-mossoul_122264?xtor=RSS-4', '2024-03-24 08:11:53', '2024-03-24 08:11:53', NULL),
(8838, 'Le manuscrit Voynich : qui l\'a eu en mains ?', 'Le manuscrit Voynich est un document du 15e siècle dont le sens est encore caché. Jusqu\'où peut-on en remonter la trace ?', '2018-01-26 17:28:32', 'https://www.sciencesetavenir.fr/archeo-paleo/patrimoine/le-manuscrit-voynich-qui-l-a-eu-en-mains_120210?xtor=RSS-4', '2024-03-24 08:11:53', '2024-03-24 08:11:53', NULL),
(8839, 'EN IMAGES. En Egypte, Toutankhamon déménage', 'Le trésor trouvé dans la tombe du jeune pharaon Toutankhamon est déménagé du Musée égyptien du Caire, sur la place Tahir, au Grand Musée égyptien, près des pyramides.&nbsp;Reportage photo de Philippe Bourseiller.', '2017-07-27 12:26:25', 'https://www.sciencesetavenir.fr/archeo-paleo/archeologie/en-images-en-egypte-toutankhamon-demenage_115129?xtor=RSS-4', '2024-03-24 08:11:53', '2024-03-24 08:11:53', NULL),
(8840, 'En Corse, de mystérieux cercueils de 3000 ans', 'Des cercueils en bois de 3000 ans parfaitement conservés ont été découverts en Corse.', '2017-06-15 13:50:22', 'https://www.sciencesetavenir.fr/archeo-paleo/archeologie/en-images-en-corse-de-mysterieux-cercueils-de-3000-ans_113856?xtor=RSS-4', '2024-03-24 08:11:53', '2024-03-24 08:11:53', NULL),
(8841, 'EN IMAGES. Les falaises aux momies du Pérou', 'D’impressionnants sarcophages appartenant aux mystérieux Chachapoyas (VIIIe-XVe siècles) &nbsp;continuent à être découverts au Pérou.', '2017-02-24 08:39:25', 'https://www.sciencesetavenir.fr/archeo-paleo/archeologie/en-images-les-falaises-aux-momies-du-perou_110789?xtor=RSS-4', '2024-03-24 08:11:53', '2024-03-24 08:11:53', NULL),
(8842, 'Dans les coulisses d\'un laboratoire d\'archéozoologie et d\'archéobotanique', 'Comment travaillent les archéozoologues et archéobotanistes ? Reportage photo dans les coulisses&nbsp;du Musée national d\'histoire naturel de Paris.', '2017-01-04 15:45:49', 'https://www.sciencesetavenir.fr/archeo-paleo/dans-les-coulisses-d-un-laboratoire-d-archeozoologie-et-d-archeobotanique_109419?xtor=RSS-4', '2024-03-24 08:11:53', '2024-03-24 08:11:53', NULL),
(8843, 'ScanPyramids : voyage dans l\'au-delà', 'La mission ScanPyramids qui a récemment découvert deux cavités dans Kheops s\'expose avec les collections du Palais des Beaux-Arts à Lille. Du plus intime des objets funéraires à l’imposant mystère des pyramides, découverte d’une civilisation toute entière tournée vers la mort.', '2016-12-16 15:48:35', 'https://www.sciencesetavenir.fr/archeo-paleo/archeologie/exposition-scanpyramids-a-lille-voyage-dans-l-au-dela_109055?xtor=RSS-4', '2024-03-24 08:11:53', '2024-03-24 08:11:53', NULL),
(8844, 'EN IMAGES. Les destructions par Daesh de la cité archéologique de Nimroud, en Irak', 'Ces photos des restes de la cité archéologique de Nimroud, en Irak, attestent de sa destruction&nbsp;par Daesh.', '2016-11-18 15:53:05', 'https://www.sciencesetavenir.fr/archeo-paleo/archeologie/en-images-les-destructions-par-daesh-de-la-cite-archeologique-de-nimroud-en-irak_108259?xtor=RSS-4', '2024-03-24 08:11:53', '2024-03-24 08:11:53', NULL),
(8845, 'EN IMAGES. Dans les entrailles des pyramides égyptiennes', 'Visite des monuments funéraires égyptiens. Et gros plan sur&nbsp;Kheops,&nbsp;la reine des pyramides. 146 mètres de haut, 2,5 millions de blocs, parmi lesquels des dalles de granit de 63 tonnes...', '2016-10-21 14:40:00', 'https://www.sciencesetavenir.fr/archeo-paleo/archeologie/egypte-la-grande-pyramide-de-kheops_393?xtor=RSS-4', '2024-03-24 08:11:53', '2024-03-24 08:11:53', NULL),
(8846, 'Ce traqueur de muons du CEA scrute les pyramides égyptiennes', 'Ce&nbsp;télescope à muons détecte&nbsp;en temps réel les&nbsp;particules cosmiques qui traversent la pyramide afin de visualiser sa structure interne à la manière d\'une radiographie. Conçu par le CEA, il est utilisé en Egypte par la mission ScanPyramids.', '2016-10-21 14:31:24', 'https://www.sciencesetavenir.fr/archeo-paleo/archeologie/traqueur-de-muons-developpe-par-le-cea-pour-scruter-les-pyramides-egyptiennes_440?xtor=RSS-4', '2024-03-24 08:11:53', '2024-03-24 08:11:53', NULL),
(8847, 'ARCHIVE. 70 ans de dinosaures dans Sciences et Avenir', 'Depuis 1947, date de création du magazine, les dinosaures ont plusieurs fois fait la couverture de Sciences et Avenir. Présentation commentée de plusieurs couv\'...', '2016-10-19 08:38:26', 'https://www.sciencesetavenir.fr/archeo-paleo/diaporama-70-ans-de-dinosaures-dans-sciences-et-avenir_108?xtor=RSS-4', '2024-03-24 08:11:53', '2024-03-24 08:11:53', NULL),
(8848, 'La bataille de Verdun, un tournant dans la médecine de guerre', 'L\'exposition temporaire \"Les secours aux blessés et aux victimes de la Grande Guerre à nos jours\" visible au Mémorial de Verdun jusqu\'au 31 mars 2017 retrace l\'évolution de la médecine de guerre ces 100 dernières années.', '2016-10-12 13:36:38', 'https://www.sciencesetavenir.fr/archeo-paleo/patrimoine/en-1916-la-bataille-de-verdun-fut-un-tournant-dans-la-medecine-de-guerre_107308?xtor=RSS-4', '2024-03-24 08:11:53', '2024-03-24 08:11:53', NULL),
(8849, 'Découverte de l’enceinte du Haut Empire de Narbonne et d’entrepôts dans le quartier du port urbain antique (Aude)', '<p>Depuis août 2023, l’Inrap réalise une fouille préventive sur une surface de 3000 m<sup>2</sup> en périphérie du centre historique de Narbonne et met au jour un quartier antique voué au stockage et au commerce de marchandises entre le I<sup>er </sup>s. avant et le IV<sup>e</sup> s. après J.-C. Outre des entrepôts, la fouille a surtout livré un tronçon de l’enceinte de la <em>Colonia Narbo Martius</em> datant du Haut Empire.</p>', '2024-03-22 15:41:10', 'https://www.inrap.fr/decouverte-de-l-enceinte-du-haut-empire-de-narbonne-et-d-entrepots-dans-le-17895', '2024-03-24 08:11:54', '2024-03-24 08:11:54', NULL),
(8850, 'Les fouilleurs du temps', '<p>Cette exposition-ateliers, produite par Lacq Odyssée, permet de découvrir l\'archéologie, son histoire, ses découvertes, ses techniques. Basée sur des exemples réels de sites, elle permet aux enfants d\'entrer dans une démarche d\'archéologue et de comprendre les méthodes d\'investigation, de datation, d\'identification, de reconstitution ainsi que leurs limites. Elle donne une vision concrète de ce qu\'est l\'histoire et comment nous obtenons des connaissances sur le passé.</p>', '2024-03-22 14:59:51', 'https://www.inrap.fr/les-fouilleurs-du-temps-17898', '2024-03-24 08:11:54', '2024-03-24 08:11:54', NULL);
INSERT INTO `article` (`id`, `title`, `description`, `publicationDate`, `link`, `createdAt`, `updatedAt`, `media_id`) VALUES
(8851, 'Recyclage, récupération et remploi des matériaux à la période antique. Midi méditerranéen et Égypte nilotique', '<p>Séminaire de l’UMR 5140 (ASM) organisé par l’équipe « Technique, Production, Commerce et Consommations » (TP2C), dans le cadre de l’atelier transversal « Remploi de blocs d’architecture », avec la participation de l’équipe « Égypte nilotique et méditerranéenne » (ENIM) et de l’Inrap.</p>', '2024-03-22 11:15:13', 'https://www.inrap.fr/recyclage-recuperation-et-remploi-des-materiaux-la-periode-antique-midi-17854', '2024-03-24 08:11:54', '2024-03-24 08:11:54', NULL),
(8852, 'Archéocapsule \"Archéologie des migrations\"', '<p>En partenariat avec la direction des Affaires Culturelles de La Réunion, l\'archéocapsule \"Archéologie des migrations\" est présentée à la bibliothèque Alain Peters.</p>', '2024-03-22 11:04:48', 'https://www.inrap.fr/archeocapsule-archeologie-des-migrations-17900', '2024-03-24 08:11:54', '2024-03-24 08:11:54', NULL),
(8853, 'Archéocapsule \" Archéologie de l\'esclavage colonial\"', '<p>En partenariat avec la direction des Affaires Culturelles de La Réunion, l\'archéocapsule l\'esclavage est actuellement présentée à la Bibliothèque universitaire Droit et Lettres de Saint-Denis, dans l\'espace océan Indien (Campus Moufia).</p>', '2024-03-22 10:58:46', 'https://www.inrap.fr/archeocapsule-archeologie-de-l-esclavage-colonial-17894', '2024-03-24 08:11:54', '2024-03-24 08:11:54', NULL),
(8854, 'Archéochrono Paléolithique “Course Poursuite”', '<p>Du froid, des bêtes énormes, des griffes, des crocs, des cornes… Il y a 40 000 ans, la vie en Europe est bien différente ! Comment les sociétés préhistoriques ont-elles assuré leur survie ?</p>', '2024-03-22 10:57:48', 'https://www.inrap.fr/archeochrono-paleolithique-course-poursuite-17888', '2024-03-24 08:11:54', '2024-03-24 08:11:54', NULL),
(8855, 'Portes ouvertes du chantier de fouille place du Maréchal Leclerc à Auxerre', '<p><br />\nDepuis le 7 février 2024, une équipe composée de cinq archéologues de l’Inrap intervient place du Maréchal Leclerc en amont du réaménagement de la place. Cette fouille prescrite par l’Etat (DRAC Bourgogne - Franche-Comté) livre jour les vestiges d’aménagements depuis le 1<sup>er</sup> siècle de notre ère. La porte ouverte du chantier de fouilles permettra de sensibiliser petits et grands à la démarche et aux techniques employées par les archéologues mais aussi de proposer une lecture des vestiges visibles et notamment ceux de l’imposant mur du castrum !<br />\n </p>', '2024-03-22 10:54:44', 'https://www.inrap.fr/portes-ouvertes-du-chantier-de-fouille-place-du-marechal-leclerc-auxerre-17891', '2024-03-24 08:11:54', '2024-03-24 08:11:54', NULL),
(8856, 'Les Trois Mares : Danone - Vitapôle et doublement de la RD 128 (Île-de-France, Essonne, Palaiseau)', 'Suite à un diagnostic réalisé en 2000, au lieudit « Les Trois Mares » à Palaiseau (Essonne), une fouille préventive a été engagée en 2001 sur la moitié de la surface explorée à cette occasion, soit 2 ha. Le site est localisé sur le plateau de Saclay, à l\'est de la commune du même nom, à 350 m au sud de la route départementale n°36 et borde la route départementale n°128, face à la limite occidentale du domaine de l\'École Polytechnique, à 25 km au sud de Paris.', '2024-03-22 10:30:41', 'https://www.inrap.fr/dap/les-trois-mares-danone-vitapole-et-doublement-de-la-rd-128-ile-de-france-essonne-17893', '2024-03-24 08:11:54', '2024-03-24 08:11:54', NULL),
(8857, 'Une découverte majeure en Allemagne réécrit l’arrivée d’Homo sapiens en Europe', 'Notre compréhension de l’histoire d’Homo sapiens est encore pleine de surprise. En analysant d’anciens outils en pierre excavés en Allemagne, une équipe internationale d’archéologues a découvert que l’Homme moderne avait déjà atteint le nord-ouest de l’Europe il y a plus de &#8230; <a href=\"https://archipeldessciences.wordpress.com/2024/02/01/une-decouverte-majeure-en-allemagne-reecrit-larrivee-dhomo-sapiens-en-europe/\">Lire la suite <span class=\"meta-nav\">&#8594;</span></a>', '2024-02-01 21:13:12', 'https://archipeldessciences.wordpress.com/2024/02/01/une-decouverte-majeure-en-allemagne-reecrit-larrivee-dhomo-sapiens-en-europe/', '2024-03-24 08:11:55', '2024-03-24 08:11:55', 3033),
(8858, 'Un gigantesque crâne de pliosaure exceptionnellement bien conservé découvert en Angleterre', 'Un fossile de crâne de pliosaure exceptionnellement bien conservé — un monstre marin vivant il y a environ 150 millions d’années — a été mis au jour sur une plage du Dorset, dans le sud de l’Angleterre. L’imposant fossile mesure &#8230; <a href=\"https://archipeldessciences.wordpress.com/2023/12/14/un-gigantesque-crane-de-pliosaure-exceptionnellement-bien-conserve-decouvert-en-angleterre/\">Lire la suite <span class=\"meta-nav\">&#8594;</span></a>', '2023-12-14 17:01:46', 'https://archipeldessciences.wordpress.com/2023/12/14/un-gigantesque-crane-de-pliosaure-exceptionnellement-bien-conserve-decouvert-en-angleterre/', '2024-03-24 08:11:55', '2024-03-24 08:11:55', 3034),
(8859, 'De nouvelles preuves de populations humaines en Amérique du Sud il y a 27 000 ans', 'La découverte d&#8217;os sculptés datés d&#8217;environ 25 000 avant J.-C. relance le débat sur la présence de peuplades dans les Amériques durant la Préhistoire. La colonisation de l&#8217;Amérique par Homo sapiens de la fin du Pléistocène au début de l&#8217;Holocène, pendant la &#8230; <a href=\"https://archipeldessciences.wordpress.com/2023/08/09/de-nouvelles-preuves-de-populations-humaines-en-amerique-du-sud-il-y-a-27-000-ans/\">Lire la suite <span class=\"meta-nav\">&#8594;</span></a>', '2023-08-09 18:39:46', 'https://archipeldessciences.wordpress.com/2023/08/09/de-nouvelles-preuves-de-populations-humaines-en-amerique-du-sud-il-y-a-27-000-ans/', '2024-03-24 08:11:55', '2024-03-24 08:11:55', 3035),
(8860, 'Découverte d’un couloir secret dans la Grande Pyramide de Gizeh grâce aux rayons cosmiques', 'Construite il y a 4500 ans, sous le règne du pharaon Khufu, la Grande Pyramide est l’un des plus grands monuments archéologiques du monde et recèle encore aujourd’hui de nombreux mystères. Dans le cadre du projet ScanPyramids, initié en octobre &#8230; <a href=\"https://archipeldessciences.wordpress.com/2023/03/07/decouverte-dun-couloir-secret-dans-la-grande-pyramide-de-gizeh-grace-aux-rayons-cosmiques/\">Lire la suite <span class=\"meta-nav\">&#8594;</span></a>', '2023-03-07 14:49:07', 'https://archipeldessciences.wordpress.com/2023/03/07/decouverte-dun-couloir-secret-dans-la-grande-pyramide-de-gizeh-grace-aux-rayons-cosmiques/', '2024-03-24 08:11:55', '2024-03-24 08:11:55', 3036),
(8861, 'Un méga-tsunami a forcé les populations du Chili à rester éloignées des côtes pendant 1.000 ans', 'Il y a 3.800 ans, un séisme de magnitude 9,5 aurait engendré un méga-tsunami dévastateur pour les côtes chiliennes. Les populations préhistoriques se seraient réfugiées à l&#8217;intérieur des terres, conservant la mémoire de cette catastrophe durant près de 1.000 ans. &#8230; <a href=\"https://archipeldessciences.wordpress.com/2022/04/12/un-mega-tsunami-a-force-les-populations-du-chili-a-rester-eloignees-des-cotes-pendant-1-000-ans/\">Lire la suite <span class=\"meta-nav\">&#8594;</span></a>', '2022-04-12 16:27:27', 'https://archipeldessciences.wordpress.com/2022/04/12/un-mega-tsunami-a-force-les-populations-du-chili-a-rester-eloignees-des-cotes-pendant-1-000-ans/', '2024-03-24 08:11:55', '2024-03-24 08:11:55', 3037),
(8862, 'Stonehenge aurait été un calendrier solaire d’une très grande précision, révèle une étude', 'Les scientifiques voient depuis longtemps dans les pierres de Stonehenge, une sorte de calendrier néolithique. Sans pour autant avoir réussi à en comprendre réellement le fonctionnement. Aujourd&#8217;hui, des chercheurs pensent avoir enfin compris comment les plus imposantes de ces pierres &#8230; <a href=\"https://archipeldessciences.wordpress.com/2022/03/03/stonehenge-aurait-ete-un-calendrier-solaire-dune-tres-grande-precision-revele-une-etude/\">Lire la suite <span class=\"meta-nav\">&#8594;</span></a>', '2022-03-03 17:51:42', 'https://archipeldessciences.wordpress.com/2022/03/03/stonehenge-aurait-ete-un-calendrier-solaire-dune-tres-grande-precision-revele-une-etude/', '2024-03-24 08:11:55', '2024-03-24 08:11:55', 3038),
(8863, 'Un squelette découvert à Herculanum devrait apporter un nouvel éclairage sur l’éruption du Vésuve', 'En Italie, un squelette découvert à Herculanum, cité ensevelie sous la lave lors de l&#8217;éruption du Vésuve en l&#8217;an 79 en même temps que Pompéi, pourrait fournir un nouvel éclairage sur cette catastrophe, ainsi que l&#8217;a déclaré vendredi 15 octobre &#8230; <a href=\"https://archipeldessciences.wordpress.com/2021/10/18/un-squelette-decouvert-a-herculanum-devrait-apporter-un-nouvel-eclairage-sur-leruption-du-vesuve/\">Lire la suite <span class=\"meta-nav\">&#8594;</span></a>', '2021-10-18 15:24:52', 'https://archipeldessciences.wordpress.com/2021/10/18/un-squelette-decouvert-a-herculanum-devrait-apporter-un-nouvel-eclairage-sur-leruption-du-vesuve/', '2024-03-24 08:11:55', '2024-03-24 08:11:55', 3039),
(8864, 'À Pompéi, découverte d’un thermopolium, un fast-food antique, dans un état exceptionnel', 'À Pompéi, un fabuleux témoin de la vie dans la cité antique vient d&#8217;être présenté dans son entièreté pour la première fois. Il s&#8217;agit d&#8217;un stand de nourriture qui s&#8217;apparente à nos fast-food modernes. Si vous pensez que les fast-food &#8230; <a href=\"https://archipeldessciences.wordpress.com/2020/12/29/a-pompei-decouverte-dun-thermopolium-un-fast-food-antique-dans-un-etat-exceptionnel/\">Lire la suite <span class=\"meta-nav\">&#8594;</span></a>', '2020-12-29 17:12:49', 'https://archipeldessciences.wordpress.com/2020/12/29/a-pompei-decouverte-dun-thermopolium-un-fast-food-antique-dans-un-etat-exceptionnel/', '2024-03-24 08:11:55', '2024-03-24 08:11:55', 3040),
(8865, 'Pérou : un géoglyphe de chat découvert dans le désert de Nazca', 'Ce géoglyphe d&#8217;un chat aux oreilles pointues d&#8217;environ 37 mètres de long a été récemment sorti de l&#8217;oubli, ses lignes ayant pu être repérées par un survol de drones. Un nouveau géoglyphe, vieux de plus de 2.000 ans et représentant &#8230; <a href=\"https://archipeldessciences.wordpress.com/2020/10/21/perou-un-geoglyphe-de-chat-decouvert-dans-le-desert-de-nazca/\">Lire la suite <span class=\"meta-nav\">&#8594;</span></a>', '2020-10-21 13:21:59', 'https://archipeldessciences.wordpress.com/2020/10/21/perou-un-geoglyphe-de-chat-decouvert-dans-le-desert-de-nazca/', '2024-03-24 08:11:55', '2024-03-24 08:11:55', 3041),
(8866, 'Près de soixante sarcophages en parfait état découverts en Égypte', 'Des dizaines de sarcophages ont été récemment découverts sur le vaste site de Saqqarah, au sud du Caire. Ces cercueils en bois, scellés il y a plus de 2500 ans, sont en relativement bon état et les archéologues se réjouissent &#8230; <a href=\"https://archipeldessciences.wordpress.com/2020/10/05/pres-de-soixante-sarcophages-en-parfait-etat-decouverts-en-egypte/\">Lire la suite <span class=\"meta-nav\">&#8594;</span></a>', '2020-10-05 16:35:33', 'https://archipeldessciences.wordpress.com/2020/10/05/pres-de-soixante-sarcophages-en-parfait-etat-decouverts-en-egypte/', '2024-03-24 08:11:56', '2024-03-24 08:11:56', 3042),
(8867, 'Apnée 35- formation optionnelle apnée ( passerelle )23&24 mars2024', '<p><img width=\"300\" height=\"59\" src=\"https://www.cibpl.fr/wp-content/uploads/2024/01/IMG_0022-300x59.png\" class=\"attachment-medium size-medium wp-post-image\" alt=\"\" decoding=\"async\" srcset=\"https://www.cibpl.fr/wp-content/uploads/2024/01/IMG_0022-300x59.png 300w, https://www.cibpl.fr/wp-content/uploads/2024/01/IMG_0022-1024x201.png 1024w, https://www.cibpl.fr/wp-content/uploads/2024/01/IMG_0022-768x151.png 768w, https://www.cibpl.fr/wp-content/uploads/2024/01/IMG_0022-672x132.png 672w, https://www.cibpl.fr/wp-content/uploads/2024/01/IMG_0022-480x94.png 480w, https://www.cibpl.fr/wp-content/uploads/2024/01/IMG_0022.png 1469w\" sizes=\"(max-width: 300px) 100vw, 300px\" /></p>Encadrants, Apprenez les compléments de formateur de la pratique de l&#8217;apnée. Cette formation est ouverte à tous les cadres de la technique et des autres commissions et ne nécessite pas des performances élevées en apnée (d’autant que légalement, les cadres techniques disposent déjà de l’équivalence de prérogative). Le RIFA-Apnée sera certes validé pendant le WE, mais rien de compliqué par [&hellip;]', '2024-01-31 12:57:16', 'https://www.cibpl.fr/nage-en-eau-vive/apnee-35-formation-optionnelle-apnee-passerelle-2324-mars2024/', '2024-03-24 08:11:58', '2024-03-24 08:11:58', NULL),
(8868, 'CODEP 85 FORMATIONS 2024', '<p><img width=\"300\" height=\"225\" src=\"https://www.cibpl.fr/wp-content/uploads/2020/04/92166-OJNW4D-653-300x225.jpg\" class=\"attachment-medium size-medium wp-post-image\" alt=\"\" decoding=\"async\" fetchpriority=\"high\" srcset=\"https://www.cibpl.fr/wp-content/uploads/2020/04/92166-OJNW4D-653-300x225.jpg 300w, https://www.cibpl.fr/wp-content/uploads/2020/04/92166-OJNW4D-653-100x75.jpg 100w, https://www.cibpl.fr/wp-content/uploads/2020/04/92166-OJNW4D-653-360x270.jpg 360w, https://www.cibpl.fr/wp-content/uploads/2020/04/92166-OJNW4D-653.jpg 400w\" sizes=\"(max-width: 300px) 100vw, 300px\" /></p>Bonjour à toutes et tous, FORMATIONS 2024  N4 ou GP  Contact : benoit.marelle@outlook.fr  Dates carrière de 9h00 à 12h00 16/12,   13/01,   20/01,   03/02,   10/02,   16/03,   23/03,   06/04,   13/04   2024 PSC1 : 8, 15, 22 janvier ou 9,16, 23 janvier 2024. Contact Gaëtanne       Contact :  g.bonnaudet@gmail.com RIFAP : 11, 18 janvier et 1 février en piscine La Roche     [&hellip;]', '2023-05-11 12:08:40', 'https://www.cibpl.fr/ffessm-vendee/nage-avec-palmes-24-et-25-juin-la-roche-sur-yon/', '2024-03-24 08:12:00', '2024-03-24 08:12:00', NULL),
(8869, 'NAVIGATION 4 cours de grande qualité début 2023 à RENNES', '<p><img width=\"300\" height=\"221\" src=\"https://www.cibpl.fr/wp-content/uploads/2022/12/instruments-de-navigation-maritime-bt69rc-300x221-1.jpg\" class=\"attachment-medium size-medium wp-post-image\" alt=\"\" decoding=\"async\" /></p>18 janvier 2023 1er février 2023, 8 mars et 12 avril, plus d &#8216;infos sur le site du RSSM 4 cours navigation de grande qualité, 2023', '2022-12-28 18:28:07', 'https://www.cibpl.fr/ctrbpl/navigation-4-cours-de-grande-qualite-debut-2023-a-rennes/', '2024-03-24 08:12:00', '2024-03-24 08:12:00', NULL),
(8870, 'Sortie Archéo avec le CODEP 56', '<p><img width=\"300\" height=\"169\" src=\"https://www.cibpl.fr/wp-content/uploads/2022/07/IMG_20220709_093932-300x169.jpg\" class=\"attachment-medium size-medium wp-post-image\" alt=\"\" decoding=\"async\" srcset=\"https://www.cibpl.fr/wp-content/uploads/2022/07/IMG_20220709_093932-300x169.jpg 300w, https://www.cibpl.fr/wp-content/uploads/2022/07/IMG_20220709_093932-1024x576.jpg 1024w, https://www.cibpl.fr/wp-content/uploads/2022/07/IMG_20220709_093932-768x432.jpg 768w, https://www.cibpl.fr/wp-content/uploads/2022/07/IMG_20220709_093932-1536x864.jpg 1536w, https://www.cibpl.fr/wp-content/uploads/2022/07/IMG_20220709_093932-scaled.jpg 2048w, https://www.cibpl.fr/wp-content/uploads/2022/07/IMG_20220709_093932-672x378.jpg 672w, https://www.cibpl.fr/wp-content/uploads/2022/07/IMG_20220709_093932-480x270.jpg 480w\" sizes=\"(max-width: 300px) 100vw, 300px\" /></p>9 h00 samedi 9 juillet au port de Kernevel : 16 plongeuses et plongeurs embarquent sur le pneumatique Free Diver du club ASAL, direction le sud de Groix pour aller sur une épave par 12 m de fond. A bord, 4 club du Codep 56 : l’ASAL, le CSL, le CSA et le CSV. Classique, enfin pas tout à fait, [&hellip;]', '2022-07-18 15:19:27', 'https://www.cibpl.fr/ffessm-morbihan/sortie-archeo-avec-le-codep-56/', '2024-03-24 08:12:00', '2024-03-24 08:12:00', NULL),
(8871, 'Découvrir autrement les Épaves', '<p><img width=\"300\" height=\"225\" src=\"https://www.cibpl.fr/wp-content/uploads/2021/06/epaves-300x225.jpg\" class=\"attachment-medium size-medium wp-post-image\" alt=\"\" decoding=\"async\" srcset=\"https://www.cibpl.fr/wp-content/uploads/2021/06/epaves-300x225.jpg 300w, https://www.cibpl.fr/wp-content/uploads/2021/06/epaves-1024x768.jpg 1024w, https://www.cibpl.fr/wp-content/uploads/2021/06/epaves-768x576.jpg 768w, https://www.cibpl.fr/wp-content/uploads/2021/06/epaves-1536x1152.jpg 1536w, https://www.cibpl.fr/wp-content/uploads/2021/06/epaves-scaled.jpg 2048w, https://www.cibpl.fr/wp-content/uploads/2021/06/epaves-672x504.jpg 672w, https://www.cibpl.fr/wp-content/uploads/2021/06/epaves-480x360.jpg 480w, https://www.cibpl.fr/wp-content/uploads/2021/06/epaves-360x270.jpg 360w\" sizes=\"(max-width: 300px) 100vw, 300px\" /></p>Il y a de la nouveauté en 2021, un groupe de plongeurs passionnés d’archéologie a créé une façon originale de «Découvrir autrement les Épaves». Vous en avez assez de plonger sur une épave sans vraiment savoir et comprendre ce que est en face de vous ! Accompagné par l’équipe de la commission, le projet voit aujourd’hui le jour avec une [&hellip;]', '2021-06-25 20:59:17', 'https://www.cibpl.fr/ffessm-morbihan/decouvrir-autrement-les-epaves/', '2024-03-24 08:12:01', '2024-03-24 08:12:01', NULL),
(8872, 'Abonnez-vous à nos lettres d’information mensuelles', '<p><img width=\"300\" height=\"200\" src=\"https://www.cibpl.fr/wp-content/uploads/2021/04/3646374-300x200.jpg\" class=\"attachment-medium size-medium wp-post-image\" alt=\"\" decoding=\"async\" srcset=\"https://www.cibpl.fr/wp-content/uploads/2021/04/3646374-300x200.jpg 300w, https://www.cibpl.fr/wp-content/uploads/2021/04/3646374-1024x683.jpg 1024w, https://www.cibpl.fr/wp-content/uploads/2021/04/3646374-768x512.jpg 768w, https://www.cibpl.fr/wp-content/uploads/2021/04/3646374-1536x1024.jpg 1536w, https://www.cibpl.fr/wp-content/uploads/2021/04/3646374-672x448.jpg 672w, https://www.cibpl.fr/wp-content/uploads/2021/04/3646374-480x320.jpg 480w, https://www.cibpl.fr/wp-content/uploads/2021/04/3646374-405x270.jpg 405w, https://www.cibpl.fr/wp-content/uploads/2021/04/3646374.jpg 1600w\" sizes=\"(max-width: 300px) 100vw, 300px\" /></p>Restez informés de nos actualités en vous abonnant à l&#8217;une de nos newsletters. Chaque Département, chaque commission et chaque thématique peuvent être suivis en recevant automatiquement chaque mois le résumé des 30 derniers jours de publication. Si vous souhaitez être informé de manière générale, vous pouvez choisir la newsletter &#8220;CIBPL-FFESSM&#8221; qui est rédigée manuellement chaque mois. Retrouvez les listes d&#8217;abonnement [&hellip;]', '2021-04-28 07:09:55', 'https://www.cibpl.fr/nage-en-eau-vive/abonnez-vous-a-nos-lettres-dinformation-mensuelles/', '2024-03-24 08:12:01', '2024-03-24 08:12:01', NULL),
(8873, 'Décisions sanitaires pour le sport jusqu’au 20 janvier 2021', '<p><img width=\"300\" height=\"206\" src=\"https://www.cibpl.fr/wp-content/uploads/2020/09/coronavirus-illustration-300x206.jpg\" class=\"attachment-medium size-medium wp-post-image\" alt=\"\" decoding=\"async\" srcset=\"https://www.cibpl.fr/wp-content/uploads/2020/09/coronavirus-illustration-300x206.jpg 300w, https://www.cibpl.fr/wp-content/uploads/2020/09/coronavirus-illustration-1024x703.jpg 1024w, https://www.cibpl.fr/wp-content/uploads/2020/09/coronavirus-illustration-768x527.jpg 768w, https://www.cibpl.fr/wp-content/uploads/2020/09/coronavirus-illustration-100x69.jpg 100w, https://www.cibpl.fr/wp-content/uploads/2020/09/coronavirus-illustration-672x461.jpg 672w, https://www.cibpl.fr/wp-content/uploads/2020/09/coronavirus-illustration-600x412.jpg 600w, https://www.cibpl.fr/wp-content/uploads/2020/09/coronavirus-illustration.jpg 1200w\" sizes=\"(max-width: 300px) 100vw, 300px\" /></p>Decisions Sanitaires Tableau 2020-109 20201102 PREMAR ATLANT AEM ARRETE Covid19 version consolidée', '2020-12-19 08:48:58', 'https://www.cibpl.fr/nage-en-eau-vive/decisions-sanitaires-pour-le-sport-jusquau-20-janvier-2021/', '2024-03-24 08:12:01', '2024-03-24 08:12:01', NULL),
(8874, 'Salon virtuel de la plongée de Bretagne-Pays de la Loire', '<p><img width=\"216\" height=\"300\" src=\"https://www.cibpl.fr/wp-content/uploads/2020/12/salon-virtuel-plongee-scaled-e1607596598511-216x300.jpg\" class=\"attachment-medium size-medium wp-post-image\" alt=\"\" decoding=\"async\" srcset=\"https://www.cibpl.fr/wp-content/uploads/2020/12/salon-virtuel-plongee-scaled-e1607596598511-216x300.jpg 216w, https://www.cibpl.fr/wp-content/uploads/2020/12/salon-virtuel-plongee-scaled-e1607596598511-738x1024.jpg 738w, https://www.cibpl.fr/wp-content/uploads/2020/12/salon-virtuel-plongee-scaled-e1607596598511-768x1066.jpg 768w, https://www.cibpl.fr/wp-content/uploads/2020/12/salon-virtuel-plongee-scaled-e1607596598511-72x100.jpg 72w, https://www.cibpl.fr/wp-content/uploads/2020/12/salon-virtuel-plongee-scaled-e1607596598511-1107x1536.jpg 1107w, https://www.cibpl.fr/wp-content/uploads/2020/12/salon-virtuel-plongee-scaled-e1607596598511-672x933.jpg 672w, https://www.cibpl.fr/wp-content/uploads/2020/12/salon-virtuel-plongee-scaled-e1607596598511-480x666.jpg 480w, https://www.cibpl.fr/wp-content/uploads/2020/12/salon-virtuel-plongee-scaled-e1607596598511-346x480.jpg 346w, https://www.cibpl.fr/wp-content/uploads/2020/12/salon-virtuel-plongee-scaled-e1607596598511-195x270.jpg 195w, https://www.cibpl.fr/wp-content/uploads/2020/12/salon-virtuel-plongee-scaled-e1607596598511-600x833.jpg 600w, https://www.cibpl.fr/wp-content/uploads/2020/12/salon-virtuel-plongee-scaled-e1607596598511.jpg 1269w\" sizes=\"(max-width: 216px) 100vw, 216px\" /></p>En cette année si particulière, nous sommes contraints de mettre en suspens tous les événements où nous allons à la rencontre de nos licenciés, et pour les centres de plongée professionnels, de leur clientèle. Le Salon international de la Plongée à Paris et le Boot à Düsseldorf étant reportés. Qu&#8217;à cela ne tienne, le Comité interrégional Bretagne-Pays de la Loire, [&hellip;]', '2020-12-15 20:20:43', 'https://www.cibpl.fr/nage-en-eau-vive/salon-virtuel-de-la-plongee-de-bretagne-pays-de-la-loire/', '2024-03-24 08:12:01', '2024-03-24 08:12:01', NULL),
(8875, 'Annulation des championnats de France et de toutes les manifestations fédérales jusqu’au 1 juin 2020 inclus', '<p><img width=\"300\" height=\"202\" src=\"https://www.cibpl.fr/wp-content/uploads/2020/08/shutterstock_138187181-300x202.jpg\" class=\"attachment-medium size-medium wp-post-image\" alt=\"\" decoding=\"async\" srcset=\"https://www.cibpl.fr/wp-content/uploads/2020/08/shutterstock_138187181-300x202.jpg 300w, https://www.cibpl.fr/wp-content/uploads/2020/08/shutterstock_138187181-1024x691.jpg 1024w, https://www.cibpl.fr/wp-content/uploads/2020/08/shutterstock_138187181-768x518.jpg 768w, https://www.cibpl.fr/wp-content/uploads/2020/08/shutterstock_138187181-100x67.jpg 100w, https://www.cibpl.fr/wp-content/uploads/2020/08/shutterstock_138187181-1536x1036.jpg 1536w, https://www.cibpl.fr/wp-content/uploads/2020/08/shutterstock_138187181-672x453.jpg 672w, https://www.cibpl.fr/wp-content/uploads/2020/08/shutterstock_138187181-600x405.jpg 600w, https://www.cibpl.fr/wp-content/uploads/2020/08/shutterstock_138187181-e1599829271106.jpg 1600w\" sizes=\"(max-width: 300px) 100vw, 300px\" /></p>Les annonces successives du Président de la République, du premier Ministre et des Ministres, puis l’évolution de la situation de ce jour (mardi 24 mars 2020) nous amènent à la décision précisée ci-après. Cette décision repose sur les discussions et partage d’informations entre les membres du CDN, avec notre DTN, avec notre directeur, avec notre MFN et nos médecins, avec [&hellip;]', '2020-03-25 22:00:00', 'https://www.cibpl.fr/nage-en-eau-vive/annulation-des-championnats-de-france-et-de-toutes-les-manifestations-federales-jusquau-1-juin-2020-inclus/', '2024-03-24 08:12:01', '2024-03-24 08:12:01', NULL),
(8876, 'Bienvenue sur le site des Épaves et de l’Archéologie subaquatique', '<p><img width=\"300\" height=\"199\" src=\"https://www.cibpl.fr/wp-content/uploads/2019/04/DSC_1801-Philippe-Nedelec-300x199.jpeg\" class=\"attachment-medium size-medium wp-post-image\" alt=\"\" decoding=\"async\" srcset=\"https://www.cibpl.fr/wp-content/uploads/2019/04/DSC_1801-Philippe-Nedelec-300x199.jpeg 300w, https://www.cibpl.fr/wp-content/uploads/2019/04/DSC_1801-Philippe-Nedelec-100x66.jpeg 100w, https://www.cibpl.fr/wp-content/uploads/2019/04/DSC_1801-Philippe-Nedelec-672x446.jpeg 672w, https://www.cibpl.fr/wp-content/uploads/2019/04/DSC_1801-Philippe-Nedelec-600x398.jpeg 600w, https://www.cibpl.fr/wp-content/uploads/2019/04/DSC_1801-Philippe-Nedelec-480x318.jpeg 480w, https://www.cibpl.fr/wp-content/uploads/2019/04/DSC_1801-Philippe-Nedelec.jpeg 720w\" sizes=\"(max-width: 300px) 100vw, 300px\" /></p>Bienvenue sur le site des Épaves et de l&#8217;Archéologie subaquatique.', '2019-04-15 08:23:31', 'https://www.cibpl.fr/epaves-et-archeologie/bienvenue-sur-le-site-des-epaves-et-de-larcheologie-subaquatique/', '2024-03-24 08:12:02', '2024-03-24 08:12:02', NULL),
(8877, 'Histoire des jardins, par Hervé Brunon (2024)', 'Page 1 à 2 : Pages de début | Page 3 à 6 : Introduction | Page 7 à 39 : Chapitre premier. Créer et entretenir un jardin | Page 40 à 77 : Chapitre II. Le tracé | Page 78 à 98 : Chapitre III. La terre et l’eau | Page 99 à 120 : Chapitre IV. Le vivant | Page 121 à 123 : Épilogue. Perspectives futures | Page 124 à 126 : Bibliographie | Page 127 à 128 : Pages de fin.', '2024-03-19 23:00:00', 'https://www.cairn.info/histoire-des-jardins--9782715416376.htm?WT.rss_f=qsj&WT.tsrc=RSS', '2024-03-24 08:12:02', '2024-03-24 08:12:02', NULL),
(8878, 'Histoire des sciences, par Yves Gingras (2024)', 'Page 1 à 2 : Pages de début | Page 3 à 10 : Introduction | Page 11 à 25 : Chapitre premier. Histoire et usages de l’histoire des sciences | Page 26 à 60 : Chapitre II. Les sciences anciennes (500 av. J.-C. – 1600 apr. J.-C.) | Page 61 à 95 : Chapitre III. Le renouvellement des sciences (1500-1800) | Page 96 à 121 : Chapitre IV. Multiplication et convergence des disciplines (1800-2000) | Page 122 à 124 : Conclusion. Des sciences mondialisées | Page 125 : Remerciements | Page 126 : Bibliographie | Page 127 à 128 : Pages de fin.', '2024-03-12 23:00:00', 'https://www.cairn.info/histoire-des-sciences--9782715423473.htm?WT.rss_f=qsj&WT.tsrc=RSS', '2024-03-24 08:12:02', '2024-03-24 08:12:02', NULL),
(8879, 'Le négationnisme en France, par Valérie Igounet (2024)', 'Page 1 à 2 : Pages de début | Page 3 à 8 : Introduction | Page 9 à 22 : Chapitre premier. L’apparition du négationnisme (1948-1967) | Page 23 à 33 : Chapitre II. Le deuxième âge du négationnisme (1967-1978) | Page 34 à 63 : Chapitre III. L’affaire Faurisson (1978-1985) | Page 64 à 83 : Chapitre IV. Le quatrième âge du négationnisme (1985-2000) | Page 84 à 115 : Chapitre V. L’internationalisation et l’exportation du négationnisme (2000-2023) | Page 116 à 121 : Conclusion | Page 122 : Remerciements | Page 123 à 125 : Bibliographie | Page 126 à 128 : Pages de fin.', '2024-02-13 23:00:00', 'https://www.cairn.info/le-negationnisme-en-france--9782715422810.htm?WT.rss_f=qsj&WT.tsrc=RSS', '2024-03-24 08:12:02', '2024-03-24 08:12:02', NULL),
(8880, 'L\'art médiéval, par Xavier Barral i Altet (2024)', 'Page 1 à 2 : Pages de début | Page 3 à 8 : Introduction | Page 9 à 30 : Chapitre premier. Questions d’art médiéval | Page 31 à 91 : Chapitre II. Développement de l’art médiéval | Page 92 à 118 : Chapitre III. L’étude de l’art médiéval | Page 119 à 126 : Bibliographie | Page 127 à 128 : Pages de fin.', '2024-02-06 23:00:00', 'https://www.cairn.info/l-art-medieval--9782715422575.htm?WT.rss_f=qsj&WT.tsrc=RSS', '2024-03-24 08:12:02', '2024-03-24 08:12:02', NULL),
(8881, 'Histoire de l\'Iran contemporain, par Mohammad-Reza Djalili et Thierry Kellner (2024)', 'Page 1 à 2 : Pages de début | Page 3 à 6 : Introduction | Page 7 à 25 : I / Le siècle des Qadjar | Page 26 à 35 : II / L’entrée dans le xxe siècle | Page 36 à 47 : III / Reza Shah et la fondation de l’Iran moderne | Page 48 à 66 : IV / Le règne de Mohammad-Reza Shah | Page 67 à 78 : V / La création de la République islamique et les années Khomeyni | Page 79 à 110 : VI / L’après-Khomeyni | Page 111 à 113 : Conclusion | Page 115 à 118 : Repères chronologiques | Page 119 à 124 : Repères bibliographiques | Page 125 à 127 : Pages de fin.', '2024-01-18 23:00:00', 'https://www.cairn.info/histoire-de-l-iran-contemporain--9782348083143.htm?WT.rss_f=qsj&WT.tsrc=RSS', '2024-03-24 08:12:02', '2024-03-24 08:12:02', NULL),
(8882, 'Les dieux de l\'Égypte, par Claude Traunecker (2024)', 'Page 1 à 2 : Pages de début | Page 3 à 4 : Introduction | Page 5 à 18 : Chapitre premier. Sources et état des connaissances | Page 19 à 29 : Chapitre II. Le monde des anciens Égyptiens | Page 30 à 47 : Chapitre III. Les dieux et leur univers | Page 48 à 59 : Chapitre IV. L’apparence des dieux | Page 60 à 73 : Chapitre V. La société divine | Page 74 à 97 : Chapitre VI. Les fonctions divines | Page 98 à 107 : Chapitre VII. Les dieux et le monde des hommes | Page 108 à 119 : Chapitre VIII. La géographie et les dieux | Page 120 à 122 : Conclusion | Page 123 à 126 : Bibliographie | Page 127 à 128 : Pages de fin.', '2024-01-16 23:00:00', 'https://www.cairn.info/les-dieux-de-l-egypte--9782715422421.htm?WT.rss_f=qsj&WT.tsrc=RSS', '2024-03-24 08:12:02', '2024-03-24 08:12:02', NULL),
(8883, 'Le bateau d’Oseberg, une tombe viking', '<p>Présentation de la découverte du bateau d’Oseberg, en 1903. Un bateau tombe exceptionnel.</p>', '2018-03-17 23:32:00', 'https://histoires-archeologie.lepodcast.fr/le-bateau-doseberg-une-tombe-viking', '2024-03-24 08:12:03', '2024-03-24 08:12:03', NULL),
(8884, 'L\'avion de Saint Exupery - Luc Vanrell identifie l\'épave en 2000', '<p>Le 31 juillet 1944, Antoine de Saint Exupery disparaît alors qu&#39;il vole  bord d&#39;un P38 américain. Une longue enquête archéologique et historique permet de refaire le déroulement de cette journée.</p>', '2017-01-29 21:57:00', 'https://histoires-archeologie.lepodcast.fr/lavion-de-saint-exupery-luc-vanrell-identifie-lepave-en-2000', '2024-03-24 08:12:03', '2024-03-24 08:12:03', NULL),
(8885, 'Machu Picchu - Hiram Bingham retrouve la cité inca en 1911', '<p>Hiram Bingham, professeur d&#39;histoire à Yale aux États Unis retrouve la cité Inca du Machu Picchu en 1911.</p>', '2017-01-25 21:58:00', 'https://histoires-archeologie.lepodcast.fr/machu-picchu-hiram-bingham-retrouve-la-cite-inca-en-1911', '2024-03-24 08:12:03', '2024-03-24 08:12:03', NULL),
(8886, 'Troie - redécouverte en 1870 par Schliemann', '<p>La cité mythique de Troie est mise au jour par l&#39;archéologue autodidacte allemand H. Schliemann à partir de 1870.</p>', '2017-01-22 00:25:00', 'https://histoires-archeologie.lepodcast.fr/troie-redecouverte-en-1870-par-schliemann', '2024-03-24 08:12:03', '2024-03-24 08:12:03', NULL),
(8887, 'Les villes autour de Paris ont-elles une Histoire ?', 'durée : 00:30:01 - Carbone 14, le magazine de l\'archéologie - par : Vincent Charpentier - Hormis Saint-Denis et ses rois, Vincennes et son château, les villes à proximité de Paris ne semblent pas avoir de passé, voire même d’Histoire. - invités : Nicolas Samuelian Archéologue, préhistorien, responsable d\'opérations à l\'Inrap.', '2024-03-23 15:30:02', 'https://www.radiofrance.fr/franceculture/podcasts/carbone-14-le-magazine-de-l-archeologie/les-villes-autour-de-paris-ont-elles-une-histoire-3590980', '2024-03-24 08:12:03', '2024-03-24 08:12:03', NULL),
(8888, 'Néandertal, une histoire belge ?', 'durée : 00:29:26 - Carbone 14, le magazine de l\'archéologie - par : Vincent Charpentier - Durant 200 000 ans, notre continent a été occupé par des communautés néandertaliennes, qui vécurent au cœur d’un véritable isolat - le cul-de-sac de l’Europe - puis disparurent sous l’arrivée d’une vague migratoire, celle de l’Homme moderne, c’est-à-dire la nôtre, il y a environ 45 000 ans. - invités : Marcel Otte Paléoanthropologue, professeur émérite de Préhistoire de l\'Université de Liège. Membre correspondant de l’Institut de Paléontologie Humaine de Paris. Président de la Commission « Paléolithique Supérieur d\'Eurasie » - UISPP - CIPSH – UNESCO', '2024-03-16 15:29:26', 'https://www.radiofrance.fr/franceculture/podcasts/carbone-14-le-magazine-de-l-archeologie/neandertal-une-histoire-belge-4665960', '2024-03-24 08:12:03', '2024-03-24 08:12:03', NULL),
(8889, 'Rome aux frontières du Barbaricum', 'durée : 00:29:42 - Carbone 14, le magazine de l\'archéologie - par : Vincent Charpentier - La Germanie a toujours constitué une menace pour Rome. - invités : Michel Reddé Archéologue, philologue et historien, Directeur d’études émérite à l’EPHE (École Pratique des Hautes Études).', '2024-03-09 15:29:43', 'https://www.radiofrance.fr/franceculture/podcasts/carbone-14-le-magazine-de-l-archeologie/rome-aux-frontieres-du-barbaricum-6911637', '2024-03-24 08:12:03', '2024-03-24 08:12:03', NULL),
(8890, 'Drame démographique et résilience en Océanie', 'durée : 00:30:02 - Carbone 14, le magazine de l\'archéologie - par : Vincent Charpentier - Pourquoi la dépopulation des peuples du Pacifique, après les premiers contacts européens, a-t-elle été si peu évoquée, voire minimisée ? - invités : Christophe Sand Directeur de l\'institut d\'archéologie de la Nouvelle Calédonie', '2024-03-02 15:30:03', 'https://www.radiofrance.fr/franceculture/podcasts/carbone-14-le-magazine-de-l-archeologie/drame-demographique-et-resilience-en-oceanie-9022604', '2024-03-24 08:12:03', '2024-03-24 08:12:03', NULL),
(8891, 'Des îles, des animaux et des hommes', 'durée : 00:30:25 - Carbone 14, le magazine de l\'archéologie - par : Vincent Charpentier - À l’interface des sciences de l’Homme et de la vie, Carbone 14 se penche sur les interactions naturelles et culturelles entre l’Homme et les populations animales. - invités : Jean-Denis Vigne Archéozoologue, archéobotaniste, directeur de recherche émérite au laboratoire CNRS et Muséum \"Archéozoologie et Archéobotanique, Sociétés, pratiques et environnements\". (CNRS) au Muséum national d\'Histoire naturelle.', '2024-02-24 15:30:22', 'https://www.radiofrance.fr/franceculture/podcasts/carbone-14-le-magazine-de-l-archeologie/des-iles-des-animaux-et-des-hommes-9396834', '2024-03-24 08:12:03', '2024-03-24 08:12:03', NULL),
(8892, 'Pourquoi l’Europe fut-elle conquise si tard par l’Homme ?', 'durée : 00:29:34 - Carbone 14, le magazine de l\'archéologie - par : Vincent Charpentier - Les données récentes montrent que l\'Europe de l\'Ouest est peuplée vers 1,4-1,2 million d’années, puis, vers 700 000 ans. Pourquoi l’est, en direction de la Chine, a-t-il été privilégié, par ces communautés humaines, au profit de l’Occident ? - invités : Marie-Hélène Moncel Directrice de recherche au CNRS, laboratoire \"Histoire Naturelle de l\'Homme Préhistorique\" au Museum National d\'Histoire Naturelle.', '2024-02-17 15:29:35', 'https://www.radiofrance.fr/franceculture/podcasts/carbone-14-le-magazine-de-l-archeologie/pourquoi-l-europe-fut-elle-conquise-si-tard-par-l-homme-7746689', '2024-03-24 08:12:03', '2024-03-24 08:12:03', NULL),
(8893, 'Les sacrifiés d’El Niño', 'durée : 00:28:45 - Carbone 14, le magazine de l\'archéologie - par : Vincent Charpentier - Entre 1400-1450, au Pérou, l’empire chimú a entrepris un gigantesque sacrifice d’enfants et de lamas sur une dune dominant le Pacifique. - invités : Nicolas Goepfert Archéozoologue, chargé de recherches et directeur du laboratoire ArchAm (Archéologie des Amériques) au CNRS.; Élise Dufour Maîtresse de conférences au Muséum national d\'Histoire naturelle, au laboratoire Archéozoologie, archéobotanique : sociétés, pratiques et environnements.', '2024-02-10 15:28:45', 'https://www.radiofrance.fr/franceculture/podcasts/carbone-14-le-magazine-de-l-archeologie/les-sacrifies-d-el-nino-6436524', '2024-03-24 08:12:03', '2024-03-24 08:12:03', NULL),
(8894, 'L’art rupestre sublimé !', 'durée : 00:28:45 - Carbone 14, le magazine de l\'archéologie - par : Vincent Charpentier - En plus d’un siècle, les préhistoriens ont entrepris quantités de relevés, véritables œuvres d’art, issus des parois de grottes et d’abris-sous-roche. Leurs noms : Henri Breuil, mais aussi Henri Lhote ou encore Léo Frobenius. - invités : Jean-Loïc Le Quellec Anthropologue, directeur de recherche émérite au CNRS, spécialiste des images rupestres; Jean-Louis Georget Professeur en études germaniques à l\'Université Sorbonne Nouvelle, directeur du CEREG et chercheur associé à l\'EHESS (Centre Georg Simmel).', '2024-02-03 15:28:45', 'https://www.radiofrance.fr/franceculture/podcasts/carbone-14-le-magazine-de-l-archeologie/l-art-rupestre-sublime-8945054', '2024-03-24 08:12:04', '2024-03-24 08:12:04', NULL),
(8895, 'Crises et résilience urbaine durant l’Antiquité', 'durée : 00:29:03 - Carbone 14, le magazine de l\'archéologie - par : Vincent Charpentier - Comment les sociétés urbaines ont-elles réagi face aux multiples crises qui ont ébranlé l’Antiquité ?  - invités : Ricardo González Villaescusa Archéologue, professeur à l\'Université Paris-Nanterre, spécialiste de la Gaule et du Nord-Ouest européen.; Marguerite Ronin Historienne, chargée de recherche au CNRS.; Jonas Parétias Archéologue pour Caux Seine Agglo (Seine-Maritime).', '2024-01-27 15:28:45', 'https://www.radiofrance.fr/franceculture/podcasts/carbone-14-le-magazine-de-l-archeologie/crises-et-resilience-urbaine-durant-l-antiquite-1813983', '2024-03-24 08:12:04', '2024-03-24 08:12:04', NULL),
(8896, 'Découverte d’un site Solutréen dans la Bourgogne de l’âge de glace', 'durée : 00:30:20 - Carbone 14, le magazine de l\'archéologie - par : Vincent Charpentier - Un exceptionnel site solutréen (24 000 - 22 000 avant notre ère) vient d’être fouillé en Bourgogne. - invités : Jean-Guillaume Bordes Maître de conférences à l’Université de Bordeaux, chercheur à l’UMR Pacéa (Bordeaux).; Jean-Baptiste Lajoux Préhistorien, archéologue à l’Inrap et chercheur à l\'UMR Temps (Nanterre).', '2024-01-20 15:28:45', 'https://www.radiofrance.fr/franceculture/podcasts/carbone-14-le-magazine-de-l-archeologie/decouverte-d-un-site-solutreen-dans-la-bourgogne-de-l-age-de-glace-7127323', '2024-03-24 08:12:04', '2024-03-24 08:12:04', NULL),
(8897, 'Gergovie, une affaire de résistance ?', 'durée : 00:29:05 - Carbone 14, le magazine de l\'archéologie - par : Vincent Charpentier - Dès 1940, des étudiants strasbourgeois repliés à Clermont-Ferrand fouillent l’oppidum gaulois de Gergovie. Sous couvert de l’archéologie, ils rentrent dans les premiers réseaux de résistance. - invités : Laurent Olivier Historien et conservateur général du patrimoine en charge des collections d\'archéologie celtique et gauloise du Musée d\'Archéologie nationale (Saint-Germain-en-Laye).; Marion Dacko Archéologue, ingénieure de recherche à la plateforme IntelEspace de la Maison des Sciences de l\'Homme de l\'Université de Clermont-Auvergne.; Arnaud Pocris Directeur culturel et médiation des publics du Musée de Gergovie, et responsable du site de Gergovie.', '2024-01-13 15:28:45', 'https://www.radiofrance.fr/franceculture/podcasts/carbone-14-le-magazine-de-l-archeologie/gergovie-une-affaire-de-resistance-8332840', '2024-03-24 08:12:04', '2024-03-24 08:12:04', NULL),
(8898, 'Sapiens, sa naissance, sa conquête du monde', 'durée : 00:30:01 - Carbone 14, le magazine de l\'archéologie - par : Vincent Charpentier - Apparu en Afrique du Nord, le premier Homo sapiens est vieux de quelque 300 000 ans. Sorti d’Afrique dès 55 000 ans, il conquiert l’Europe et le monde en plusieurs vagues. - invités : Jean-Jacques Hublin Paléoanthropologue', '2024-01-06 15:30:00', 'https://www.radiofrance.fr/franceculture/podcasts/carbone-14-le-magazine-de-l-archeologie/sapiens-sa-naissance-sa-conquete-du-monde-7910506', '2024-03-24 08:12:04', '2024-03-24 08:12:04', NULL),
(8899, 'La chute de Babylone ou l\'histoire d\'un roi fou', 'durée : 00:28:54 - Carbone 14, le magazine de l\'archéologie - par : Vincent Charpentier - Héritier de Nabuchodonosor II, Nabonide monte sur le trône en 556 avant notre ère. Roi usurpateur, sa folie mènera à sa perte, et avec elle, à celle de tout un empire. Le magazine de l\'archéologie nous entraîne dans la chute de Babylone et du roi fou qui ne voulait pas être roi.  - invités : Francis Joannès Professeur d’Histoire ancienne à l’Université Paris 1 - Panthéon – Sorbonne, directeur de l’Unité Archéologie et Sciences de l’Antiquité (UMR 7041)', '2023-12-30 15:28:54', 'https://www.radiofrance.fr/franceculture/podcasts/carbone-14-le-magazine-de-l-archeologie/la-chute-de-babylone-ou-l-histoire-d-un-roi-fou-8289019', '2024-03-24 08:12:04', '2024-03-24 08:12:04', NULL),
(8900, 'Retrouvez tous les épisodes sur l’appli Radio France', 'Retrouvez tous les épisodes sur l’appli Radio France', '2006-09-10 21:59:59', 'https://www.radiofrance.fr/application-mobile-radio-france', '2024-03-24 08:12:04', '2024-03-24 08:12:04', NULL);

-- --------------------------------------------------------

--
-- Structure de la table `article_author`
--

DROP TABLE IF EXISTS `article_author`;
CREATE TABLE IF NOT EXISTS `article_author` (
  `id` int NOT NULL AUTO_INCREMENT,
  `article_id` int NOT NULL,
  `author_id` int NOT NULL,
  `createdAt` datetime NOT NULL,
  `updatedAt` datetime NOT NULL,
  PRIMARY KEY (`id`),
  KEY `article_id` (`article_id`),
  KEY `author_id` (`author_id`)
) ENGINE=InnoDB AUTO_INCREMENT=103 DEFAULT CHARSET=utf8mb4 COLLATE=utf8mb4_general_ci;

--
-- Déchargement des données de la table `article_author`
--

INSERT INTO `article_author` (`id`, `article_id`, `author_id`, `createdAt`, `updatedAt`) VALUES
(1, 8799, 268, '2024-03-24 08:11:39', '2024-03-24 08:11:39'),
(2, 8800, 269, '2024-03-24 08:11:49', '2024-03-24 08:11:49'),
(3, 8801, 269, '2024-03-24 08:11:49', '2024-03-24 08:11:49'),
(4, 8802, 270, '2024-03-24 08:11:49', '2024-03-24 08:11:49'),
(5, 8803, 269, '2024-03-24 08:11:49', '2024-03-24 08:11:49'),
(6, 8804, 271, '2024-03-24 08:11:49', '2024-03-24 08:11:49'),
(7, 8805, 269, '2024-03-24 08:11:49', '2024-03-24 08:11:49'),
(8, 8806, 269, '2024-03-24 08:11:49', '2024-03-24 08:11:49'),
(9, 8807, 271, '2024-03-24 08:11:49', '2024-03-24 08:11:49'),
(10, 8808, 271, '2024-03-24 08:11:49', '2024-03-24 08:11:49'),
(11, 8809, 272, '2024-03-24 08:11:49', '2024-03-24 08:11:49'),
(12, 8810, 273, '2024-03-24 08:11:49', '2024-03-24 08:11:49'),
(13, 8811, 271, '2024-03-24 08:11:49', '2024-03-24 08:11:49'),
(14, 8812, 269, '2024-03-24 08:11:49', '2024-03-24 08:11:49'),
(15, 8813, 268, '2024-03-24 08:11:49', '2024-03-24 08:11:49'),
(16, 8814, 274, '2024-03-24 08:11:50', '2024-03-24 08:11:50'),
(17, 8815, 271, '2024-03-24 08:11:50', '2024-03-24 08:11:50'),
(18, 8816, 269, '2024-03-24 08:11:50', '2024-03-24 08:11:50'),
(19, 8817, 268, '2024-03-24 08:11:50', '2024-03-24 08:11:50'),
(20, 8818, 269, '2024-03-24 08:11:50', '2024-03-24 08:11:50'),
(21, 8819, 271, '2024-03-24 08:11:50', '2024-03-24 08:11:50'),
(22, 8820, 275, '2024-03-24 08:11:50', '2024-03-24 08:11:50'),
(23, 8821, 276, '2024-03-24 08:11:50', '2024-03-24 08:11:50'),
(24, 8822, 270, '2024-03-24 08:11:50', '2024-03-24 08:11:50'),
(25, 8823, 269, '2024-03-24 08:11:50', '2024-03-24 08:11:50'),
(26, 8824, 277, '2024-03-24 08:11:50', '2024-03-24 08:11:50'),
(27, 8825, 268, '2024-03-24 08:11:50', '2024-03-24 08:11:50'),
(28, 8826, 269, '2024-03-24 08:11:50', '2024-03-24 08:11:50'),
(29, 8827, 268, '2024-03-24 08:11:50', '2024-03-24 08:11:50'),
(30, 8828, 275, '2024-03-24 08:11:50', '2024-03-24 08:11:50'),
(31, 8829, 268, '2024-03-24 08:11:51', '2024-03-24 08:11:51'),
(32, 8830, 275, '2024-03-24 08:11:51', '2024-03-24 08:11:51'),
(33, 8831, 269, '2024-03-24 08:11:51', '2024-03-24 08:11:51'),
(34, 8832, 269, '2024-03-24 08:11:52', '2024-03-24 08:11:52'),
(35, 8833, 272, '2024-03-24 08:11:52', '2024-03-24 08:11:52'),
(36, 8834, 278, '2024-03-24 08:11:52', '2024-03-24 08:11:52'),
(37, 8835, 269, '2024-03-24 08:11:53', '2024-03-24 08:11:53'),
(38, 8836, 279, '2024-03-24 08:11:53', '2024-03-24 08:11:53'),
(39, 8837, 280, '2024-03-24 08:11:53', '2024-03-24 08:11:53'),
(40, 8838, 277, '2024-03-24 08:11:53', '2024-03-24 08:11:53'),
(41, 8839, 281, '2024-03-24 08:11:53', '2024-03-24 08:11:53'),
(42, 8840, 277, '2024-03-24 08:11:53', '2024-03-24 08:11:53'),
(43, 8841, 280, '2024-03-24 08:11:53', '2024-03-24 08:11:53'),
(44, 8842, 282, '2024-03-24 08:11:53', '2024-03-24 08:11:53'),
(45, 8843, 281, '2024-03-24 08:11:53', '2024-03-24 08:11:53'),
(46, 8844, 280, '2024-03-24 08:11:53', '2024-03-24 08:11:53'),
(47, 8845, 277, '2024-03-24 08:11:53', '2024-03-24 08:11:53'),
(48, 8846, 281, '2024-03-24 08:11:53', '2024-03-24 08:11:53'),
(49, 8847, 277, '2024-03-24 08:11:53', '2024-03-24 08:11:53'),
(50, 8848, 283, '2024-03-24 08:11:53', '2024-03-24 08:11:53'),
(51, 8849, 284, '2024-03-24 08:11:54', '2024-03-24 08:11:54'),
(52, 8850, 284, '2024-03-24 08:11:54', '2024-03-24 08:11:54'),
(53, 8851, 284, '2024-03-24 08:11:54', '2024-03-24 08:11:54'),
(54, 8852, 284, '2024-03-24 08:11:54', '2024-03-24 08:11:54'),
(55, 8853, 284, '2024-03-24 08:11:54', '2024-03-24 08:11:54'),
(56, 8854, 284, '2024-03-24 08:11:54', '2024-03-24 08:11:54'),
(57, 8855, 284, '2024-03-24 08:11:54', '2024-03-24 08:11:54'),
(58, 8856, 284, '2024-03-24 08:11:54', '2024-03-24 08:11:54'),
(59, 8857, 285, '2024-03-24 08:11:55', '2024-03-24 08:11:55'),
(60, 8858, 285, '2024-03-24 08:11:55', '2024-03-24 08:11:55'),
(61, 8859, 285, '2024-03-24 08:11:55', '2024-03-24 08:11:55'),
(62, 8860, 285, '2024-03-24 08:11:55', '2024-03-24 08:11:55'),
(63, 8861, 285, '2024-03-24 08:11:55', '2024-03-24 08:11:55'),
(64, 8862, 285, '2024-03-24 08:11:55', '2024-03-24 08:11:55'),
(65, 8863, 285, '2024-03-24 08:11:55', '2024-03-24 08:11:55'),
(66, 8864, 285, '2024-03-24 08:11:55', '2024-03-24 08:11:55'),
(67, 8865, 285, '2024-03-24 08:11:55', '2024-03-24 08:11:55'),
(68, 8866, 285, '2024-03-24 08:11:56', '2024-03-24 08:11:56'),
(69, 8867, 286, '2024-03-24 08:11:58', '2024-03-24 08:11:58'),
(70, 8868, 287, '2024-03-24 08:12:00', '2024-03-24 08:12:00'),
(71, 8869, 286, '2024-03-24 08:12:00', '2024-03-24 08:12:00'),
(72, 8870, 288, '2024-03-24 08:12:00', '2024-03-24 08:12:00'),
(73, 8871, 288, '2024-03-24 08:12:01', '2024-03-24 08:12:01'),
(74, 8872, 289, '2024-03-24 08:12:01', '2024-03-24 08:12:01'),
(75, 8873, 289, '2024-03-24 08:12:01', '2024-03-24 08:12:01'),
(76, 8874, 289, '2024-03-24 08:12:01', '2024-03-24 08:12:01'),
(77, 8875, 289, '2024-03-24 08:12:01', '2024-03-24 08:12:01'),
(78, 8876, 290, '2024-03-24 08:12:02', '2024-03-24 08:12:02'),
(79, 8877, 291, '2024-03-24 08:12:02', '2024-03-24 08:12:02'),
(80, 8878, 291, '2024-03-24 08:12:02', '2024-03-24 08:12:02'),
(81, 8879, 291, '2024-03-24 08:12:02', '2024-03-24 08:12:02'),
(82, 8880, 291, '2024-03-24 08:12:02', '2024-03-24 08:12:02'),
(83, 8881, 291, '2024-03-24 08:12:02', '2024-03-24 08:12:02'),
(84, 8882, 291, '2024-03-24 08:12:02', '2024-03-24 08:12:02'),
(85, 8883, 292, '2024-03-24 08:12:03', '2024-03-24 08:12:03'),
(86, 8884, 292, '2024-03-24 08:12:03', '2024-03-24 08:12:03'),
(87, 8885, 292, '2024-03-24 08:12:03', '2024-03-24 08:12:03'),
(88, 8886, 292, '2024-03-24 08:12:03', '2024-03-24 08:12:03'),
(89, 8887, 293, '2024-03-24 08:12:03', '2024-03-24 08:12:03'),
(90, 8888, 293, '2024-03-24 08:12:03', '2024-03-24 08:12:03'),
(91, 8889, 293, '2024-03-24 08:12:03', '2024-03-24 08:12:03'),
(92, 8890, 293, '2024-03-24 08:12:03', '2024-03-24 08:12:03'),
(93, 8891, 293, '2024-03-24 08:12:03', '2024-03-24 08:12:03'),
(94, 8892, 293, '2024-03-24 08:12:03', '2024-03-24 08:12:03'),
(95, 8893, 293, '2024-03-24 08:12:03', '2024-03-24 08:12:03'),
(96, 8894, 293, '2024-03-24 08:12:04', '2024-03-24 08:12:04'),
(97, 8895, 293, '2024-03-24 08:12:04', '2024-03-24 08:12:04'),
(98, 8896, 293, '2024-03-24 08:12:04', '2024-03-24 08:12:04'),
(99, 8897, 293, '2024-03-24 08:12:04', '2024-03-24 08:12:04'),
(100, 8898, 293, '2024-03-24 08:12:04', '2024-03-24 08:12:04'),
(101, 8899, 293, '2024-03-24 08:12:04', '2024-03-24 08:12:04'),
(102, 8900, 293, '2024-03-24 08:12:04', '2024-03-24 08:12:04');

-- --------------------------------------------------------

--
-- Structure de la table `article_category`
--

DROP TABLE IF EXISTS `article_category`;
CREATE TABLE IF NOT EXISTS `article_category` (
  `id` int NOT NULL AUTO_INCREMENT,
  `article_id` int NOT NULL,
  `category_id` int NOT NULL,
  `createdAt` datetime NOT NULL,
  `updatedAt` datetime NOT NULL,
  PRIMARY KEY (`id`),
  KEY `article_id` (`article_id`),
  KEY `category_id` (`category_id`)
) ENGINE=InnoDB AUTO_INCREMENT=239 DEFAULT CHARSET=utf8mb4 COLLATE=utf8mb4_general_ci;

--
-- Déchargement des données de la table `article_category`
--

INSERT INTO `article_category` (`id`, `article_id`, `category_id`, `createdAt`, `updatedAt`) VALUES
(1, 8746, 481, '2024-03-24 08:11:32', '2024-03-24 08:11:32'),
(2, 8747, 481, '2024-03-24 08:11:32', '2024-03-24 08:11:32'),
(3, 8748, 481, '2024-03-24 08:11:32', '2024-03-24 08:11:32'),
(4, 8749, 481, '2024-03-24 08:11:33', '2024-03-24 08:11:33'),
(5, 8750, 481, '2024-03-24 08:11:33', '2024-03-24 08:11:33'),
(6, 8751, 481, '2024-03-24 08:11:33', '2024-03-24 08:11:33'),
(7, 8752, 481, '2024-03-24 08:11:33', '2024-03-24 08:11:33'),
(8, 8753, 481, '2024-03-24 08:11:33', '2024-03-24 08:11:33'),
(9, 8754, 481, '2024-03-24 08:11:33', '2024-03-24 08:11:33'),
(10, 8755, 481, '2024-03-24 08:11:33', '2024-03-24 08:11:33'),
(11, 8756, 481, '2024-03-24 08:11:33', '2024-03-24 08:11:33'),
(12, 8757, 481, '2024-03-24 08:11:33', '2024-03-24 08:11:33'),
(13, 8758, 481, '2024-03-24 08:11:33', '2024-03-24 08:11:33'),
(14, 8759, 481, '2024-03-24 08:11:33', '2024-03-24 08:11:33'),
(15, 8760, 481, '2024-03-24 08:11:33', '2024-03-24 08:11:33'),
(16, 8761, 481, '2024-03-24 08:11:33', '2024-03-24 08:11:33'),
(17, 8762, 481, '2024-03-24 08:11:33', '2024-03-24 08:11:33'),
(18, 8763, 481, '2024-03-24 08:11:33', '2024-03-24 08:11:33'),
(19, 8764, 481, '2024-03-24 08:11:34', '2024-03-24 08:11:34'),
(20, 8765, 481, '2024-03-24 08:11:34', '2024-03-24 08:11:34'),
(21, 8786, 482, '2024-03-24 08:11:35', '2024-03-24 08:11:35'),
(22, 8787, 482, '2024-03-24 08:11:35', '2024-03-24 08:11:35'),
(23, 8788, 483, '2024-03-24 08:11:35', '2024-03-24 08:11:35'),
(24, 8789, 482, '2024-03-24 08:11:35', '2024-03-24 08:11:35'),
(25, 8790, 484, '2024-03-24 08:11:35', '2024-03-24 08:11:35'),
(26, 8791, 485, '2024-03-24 08:11:35', '2024-03-24 08:11:35'),
(27, 8792, 482, '2024-03-24 08:11:36', '2024-03-24 08:11:36'),
(28, 8793, 485, '2024-03-24 08:11:36', '2024-03-24 08:11:36'),
(29, 8794, 482, '2024-03-24 08:11:36', '2024-03-24 08:11:36'),
(30, 8795, 482, '2024-03-24 08:11:37', '2024-03-24 08:11:37'),
(31, 8796, 482, '2024-03-24 08:11:37', '2024-03-24 08:11:37'),
(32, 8797, 482, '2024-03-24 08:11:37', '2024-03-24 08:11:37'),
(33, 8798, 485, '2024-03-24 08:11:37', '2024-03-24 08:11:37'),
(34, 8799, 481, '2024-03-24 08:11:39', '2024-03-24 08:11:39'),
(35, 8800, 486, '2024-03-24 08:11:49', '2024-03-24 08:11:49'),
(36, 8801, 486, '2024-03-24 08:11:49', '2024-03-24 08:11:49'),
(37, 8802, 487, '2024-03-24 08:11:49', '2024-03-24 08:11:49'),
(38, 8803, 481, '2024-03-24 08:11:49', '2024-03-24 08:11:49'),
(39, 8804, 481, '2024-03-24 08:11:49', '2024-03-24 08:11:49'),
(40, 8805, 487, '2024-03-24 08:11:49', '2024-03-24 08:11:49'),
(41, 8806, 486, '2024-03-24 08:11:49', '2024-03-24 08:11:49'),
(42, 8807, 481, '2024-03-24 08:11:49', '2024-03-24 08:11:49'),
(43, 8808, 481, '2024-03-24 08:11:49', '2024-03-24 08:11:49'),
(44, 8809, 486, '2024-03-24 08:11:49', '2024-03-24 08:11:49'),
(45, 8810, 486, '2024-03-24 08:11:49', '2024-03-24 08:11:49'),
(46, 8811, 487, '2024-03-24 08:11:49', '2024-03-24 08:11:49'),
(47, 8812, 487, '2024-03-24 08:11:49', '2024-03-24 08:11:49'),
(48, 8813, 481, '2024-03-24 08:11:49', '2024-03-24 08:11:49'),
(49, 8814, 488, '2024-03-24 08:11:50', '2024-03-24 08:11:50'),
(50, 8815, 489, '2024-03-24 08:11:50', '2024-03-24 08:11:50'),
(51, 8816, 490, '2024-03-24 08:11:50', '2024-03-24 08:11:50'),
(52, 8817, 481, '2024-03-24 08:11:50', '2024-03-24 08:11:50'),
(53, 8818, 486, '2024-03-24 08:11:50', '2024-03-24 08:11:50'),
(54, 8819, 487, '2024-03-24 08:11:50', '2024-03-24 08:11:50'),
(55, 8820, 481, '2024-03-24 08:11:50', '2024-03-24 08:11:50'),
(56, 8821, 486, '2024-03-24 08:11:50', '2024-03-24 08:11:50'),
(57, 8822, 481, '2024-03-24 08:11:50', '2024-03-24 08:11:50'),
(58, 8823, 486, '2024-03-24 08:11:50', '2024-03-24 08:11:50'),
(59, 8824, 481, '2024-03-24 08:11:50', '2024-03-24 08:11:50'),
(60, 8825, 481, '2024-03-24 08:11:50', '2024-03-24 08:11:50'),
(61, 8826, 481, '2024-03-24 08:11:50', '2024-03-24 08:11:50'),
(62, 8827, 481, '2024-03-24 08:11:50', '2024-03-24 08:11:50'),
(63, 8828, 481, '2024-03-24 08:11:50', '2024-03-24 08:11:50'),
(64, 8829, 488, '2024-03-24 08:11:51', '2024-03-24 08:11:51'),
(65, 8830, 481, '2024-03-24 08:11:51', '2024-03-24 08:11:51'),
(66, 8831, 486, '2024-03-24 08:11:52', '2024-03-24 08:11:52'),
(67, 8832, 488, '2024-03-24 08:11:52', '2024-03-24 08:11:52'),
(68, 8833, 488, '2024-03-24 08:11:52', '2024-03-24 08:11:52'),
(69, 8834, 481, '2024-03-24 08:11:52', '2024-03-24 08:11:52'),
(70, 8835, 486, '2024-03-24 08:11:53', '2024-03-24 08:11:53'),
(71, 8836, 481, '2024-03-24 08:11:53', '2024-03-24 08:11:53'),
(72, 8837, 481, '2024-03-24 08:11:53', '2024-03-24 08:11:53'),
(73, 8838, 488, '2024-03-24 08:11:53', '2024-03-24 08:11:53'),
(74, 8839, 481, '2024-03-24 08:11:53', '2024-03-24 08:11:53'),
(75, 8840, 481, '2024-03-24 08:11:53', '2024-03-24 08:11:53'),
(76, 8841, 481, '2024-03-24 08:11:53', '2024-03-24 08:11:53'),
(77, 8842, 489, '2024-03-24 08:11:53', '2024-03-24 08:11:53'),
(78, 8843, 481, '2024-03-24 08:11:53', '2024-03-24 08:11:53'),
(79, 8844, 481, '2024-03-24 08:11:53', '2024-03-24 08:11:53'),
(80, 8845, 481, '2024-03-24 08:11:53', '2024-03-24 08:11:53'),
(81, 8846, 481, '2024-03-24 08:11:53', '2024-03-24 08:11:53'),
(82, 8847, 489, '2024-03-24 08:11:53', '2024-03-24 08:11:53'),
(83, 8848, 488, '2024-03-24 08:11:53', '2024-03-24 08:11:53'),
(84, 8857, 481, '2024-03-24 08:11:55', '2024-03-24 08:11:55'),
(85, 8857, 491, '2024-03-24 08:11:55', '2024-03-24 08:11:55'),
(86, 8858, 481, '2024-03-24 08:11:55', '2024-03-24 08:11:55'),
(87, 8858, 491, '2024-03-24 08:11:55', '2024-03-24 08:11:55'),
(88, 8859, 481, '2024-03-24 08:11:55', '2024-03-24 08:11:55'),
(89, 8859, 491, '2024-03-24 08:11:55', '2024-03-24 08:11:55'),
(90, 8860, 481, '2024-03-24 08:11:55', '2024-03-24 08:11:55'),
(91, 8861, 481, '2024-03-24 08:11:55', '2024-03-24 08:11:55'),
(92, 8861, 492, '2024-03-24 08:11:55', '2024-03-24 08:11:55'),
(93, 8861, 493, '2024-03-24 08:11:55', '2024-03-24 08:11:55'),
(94, 8861, 494, '2024-03-24 08:11:55', '2024-03-24 08:11:55'),
(95, 8862, 481, '2024-03-24 08:11:55', '2024-03-24 08:11:55'),
(96, 8862, 491, '2024-03-24 08:11:55', '2024-03-24 08:11:55'),
(97, 8863, 481, '2024-03-24 08:11:55', '2024-03-24 08:11:55'),
(98, 8863, 495, '2024-03-24 08:11:55', '2024-03-24 08:11:55'),
(99, 8863, 493, '2024-03-24 08:11:55', '2024-03-24 08:11:55'),
(100, 8864, 481, '2024-03-24 08:11:55', '2024-03-24 08:11:55'),
(101, 8865, 481, '2024-03-24 08:11:55', '2024-03-24 08:11:55'),
(102, 8866, 481, '2024-03-24 08:11:56', '2024-03-24 08:11:56'),
(103, 8867, 496, '2024-03-24 08:11:58', '2024-03-24 08:11:58'),
(104, 8867, 497, '2024-03-24 08:11:58', '2024-03-24 08:11:58'),
(105, 8867, 498, '2024-03-24 08:11:59', '2024-03-24 08:11:59'),
(106, 8867, 499, '2024-03-24 08:12:00', '2024-03-24 08:12:00'),
(107, 8867, 500, '2024-03-24 08:12:00', '2024-03-24 08:12:00'),
(108, 8867, 501, '2024-03-24 08:12:00', '2024-03-24 08:12:00'),
(109, 8867, 502, '2024-03-24 08:12:00', '2024-03-24 08:12:00'),
(110, 8867, 503, '2024-03-24 08:12:00', '2024-03-24 08:12:00'),
(111, 8867, 504, '2024-03-24 08:12:00', '2024-03-24 08:12:00'),
(112, 8867, 505, '2024-03-24 08:12:00', '2024-03-24 08:12:00'),
(113, 8867, 506, '2024-03-24 08:12:00', '2024-03-24 08:12:00'),
(114, 8867, 507, '2024-03-24 08:12:00', '2024-03-24 08:12:00'),
(115, 8867, 508, '2024-03-24 08:12:00', '2024-03-24 08:12:00'),
(116, 8867, 509, '2024-03-24 08:12:00', '2024-03-24 08:12:00'),
(117, 8867, 510, '2024-03-24 08:12:00', '2024-03-24 08:12:00'),
(118, 8867, 511, '2024-03-24 08:12:00', '2024-03-24 08:12:00'),
(119, 8867, 512, '2024-03-24 08:12:00', '2024-03-24 08:12:00'),
(120, 8868, 513, '2024-03-24 08:12:00', '2024-03-24 08:12:00'),
(121, 8868, 498, '2024-03-24 08:12:00', '2024-03-24 08:12:00'),
(122, 8868, 499, '2024-03-24 08:12:00', '2024-03-24 08:12:00'),
(123, 8868, 501, '2024-03-24 08:12:00', '2024-03-24 08:12:00'),
(124, 8868, 514, '2024-03-24 08:12:00', '2024-03-24 08:12:00'),
(125, 8869, 496, '2024-03-24 08:12:00', '2024-03-24 08:12:00'),
(126, 8869, 499, '2024-03-24 08:12:00', '2024-03-24 08:12:00'),
(127, 8869, 501, '2024-03-24 08:12:00', '2024-03-24 08:12:00'),
(128, 8869, 504, '2024-03-24 08:12:00', '2024-03-24 08:12:00'),
(129, 8869, 508, '2024-03-24 08:12:00', '2024-03-24 08:12:00'),
(130, 8869, 509, '2024-03-24 08:12:00', '2024-03-24 08:12:00'),
(131, 8869, 511, '2024-03-24 08:12:00', '2024-03-24 08:12:00'),
(132, 8870, 515, '2024-03-24 08:12:00', '2024-03-24 08:12:00'),
(133, 8870, 516, '2024-03-24 08:12:00', '2024-03-24 08:12:00'),
(134, 8870, 481, '2024-03-24 08:12:00', '2024-03-24 08:12:00'),
(135, 8870, 501, '2024-03-24 08:12:01', '2024-03-24 08:12:01'),
(136, 8870, 517, '2024-03-24 08:12:01', '2024-03-24 08:12:01'),
(137, 8871, 498, '2024-03-24 08:12:01', '2024-03-24 08:12:01'),
(138, 8871, 481, '2024-03-24 08:12:01', '2024-03-24 08:12:01'),
(139, 8871, 501, '2024-03-24 08:12:01', '2024-03-24 08:12:01'),
(140, 8871, 517, '2024-03-24 08:12:01', '2024-03-24 08:12:01'),
(141, 8872, 499, '2024-03-24 08:12:01', '2024-03-24 08:12:01'),
(142, 8872, 518, '2024-03-24 08:12:01', '2024-03-24 08:12:01'),
(143, 8872, 519, '2024-03-24 08:12:01', '2024-03-24 08:12:01'),
(144, 8872, 520, '2024-03-24 08:12:01', '2024-03-24 08:12:01'),
(145, 8872, 500, '2024-03-24 08:12:01', '2024-03-24 08:12:01'),
(146, 8872, 501, '2024-03-24 08:12:01', '2024-03-24 08:12:01'),
(147, 8872, 521, '2024-03-24 08:12:01', '2024-03-24 08:12:01'),
(148, 8872, 522, '2024-03-24 08:12:01', '2024-03-24 08:12:01'),
(149, 8872, 503, '2024-03-24 08:12:01', '2024-03-24 08:12:01'),
(150, 8872, 523, '2024-03-24 08:12:01', '2024-03-24 08:12:01'),
(151, 8872, 505, '2024-03-24 08:12:01', '2024-03-24 08:12:01'),
(152, 8872, 506, '2024-03-24 08:12:01', '2024-03-24 08:12:01'),
(153, 8872, 507, '2024-03-24 08:12:01', '2024-03-24 08:12:01'),
(154, 8872, 508, '2024-03-24 08:12:01', '2024-03-24 08:12:01'),
(155, 8872, 509, '2024-03-24 08:12:01', '2024-03-24 08:12:01'),
(156, 8872, 510, '2024-03-24 08:12:01', '2024-03-24 08:12:01'),
(157, 8872, 524, '2024-03-24 08:12:01', '2024-03-24 08:12:01'),
(158, 8872, 511, '2024-03-24 08:12:01', '2024-03-24 08:12:01'),
(159, 8872, 512, '2024-03-24 08:12:01', '2024-03-24 08:12:01'),
(160, 8872, 525, '2024-03-24 08:12:01', '2024-03-24 08:12:01'),
(161, 8873, 499, '2024-03-24 08:12:01', '2024-03-24 08:12:01'),
(162, 8873, 519, '2024-03-24 08:12:01', '2024-03-24 08:12:01'),
(163, 8873, 526, '2024-03-24 08:12:01', '2024-03-24 08:12:01'),
(164, 8873, 500, '2024-03-24 08:12:01', '2024-03-24 08:12:01'),
(165, 8873, 501, '2024-03-24 08:12:01', '2024-03-24 08:12:01'),
(166, 8873, 502, '2024-03-24 08:12:01', '2024-03-24 08:12:01'),
(167, 8873, 503, '2024-03-24 08:12:01', '2024-03-24 08:12:01'),
(168, 8873, 523, '2024-03-24 08:12:01', '2024-03-24 08:12:01'),
(169, 8873, 505, '2024-03-24 08:12:01', '2024-03-24 08:12:01'),
(170, 8873, 506, '2024-03-24 08:12:01', '2024-03-24 08:12:01'),
(171, 8873, 507, '2024-03-24 08:12:01', '2024-03-24 08:12:01'),
(172, 8873, 508, '2024-03-24 08:12:01', '2024-03-24 08:12:01'),
(173, 8873, 509, '2024-03-24 08:12:01', '2024-03-24 08:12:01'),
(174, 8873, 510, '2024-03-24 08:12:01', '2024-03-24 08:12:01'),
(175, 8873, 511, '2024-03-24 08:12:01', '2024-03-24 08:12:01'),
(176, 8873, 512, '2024-03-24 08:12:01', '2024-03-24 08:12:01'),
(177, 8874, 519, '2024-03-24 08:12:01', '2024-03-24 08:12:01'),
(178, 8874, 501, '2024-03-24 08:12:01', '2024-03-24 08:12:01'),
(179, 8874, 505, '2024-03-24 08:12:01', '2024-03-24 08:12:01'),
(180, 8874, 506, '2024-03-24 08:12:01', '2024-03-24 08:12:01'),
(181, 8874, 507, '2024-03-24 08:12:01', '2024-03-24 08:12:01'),
(182, 8874, 511, '2024-03-24 08:12:01', '2024-03-24 08:12:01'),
(183, 8874, 525, '2024-03-24 08:12:01', '2024-03-24 08:12:01'),
(184, 8875, 499, '2024-03-24 08:12:01', '2024-03-24 08:12:01'),
(185, 8875, 518, '2024-03-24 08:12:01', '2024-03-24 08:12:01'),
(186, 8875, 519, '2024-03-24 08:12:01', '2024-03-24 08:12:01'),
(187, 8875, 527, '2024-03-24 08:12:01', '2024-03-24 08:12:01'),
(188, 8875, 520, '2024-03-24 08:12:01', '2024-03-24 08:12:01'),
(189, 8875, 500, '2024-03-24 08:12:01', '2024-03-24 08:12:01'),
(190, 8875, 501, '2024-03-24 08:12:01', '2024-03-24 08:12:01'),
(191, 8875, 521, '2024-03-24 08:12:01', '2024-03-24 08:12:01'),
(192, 8875, 522, '2024-03-24 08:12:01', '2024-03-24 08:12:01'),
(193, 8875, 528, '2024-03-24 08:12:01', '2024-03-24 08:12:01'),
(194, 8875, 502, '2024-03-24 08:12:01', '2024-03-24 08:12:01'),
(195, 8875, 503, '2024-03-24 08:12:01', '2024-03-24 08:12:01'),
(196, 8875, 504, '2024-03-24 08:12:01', '2024-03-24 08:12:01'),
(197, 8875, 523, '2024-03-24 08:12:01', '2024-03-24 08:12:01'),
(198, 8875, 529, '2024-03-24 08:12:01', '2024-03-24 08:12:01'),
(199, 8875, 530, '2024-03-24 08:12:02', '2024-03-24 08:12:02'),
(200, 8875, 531, '2024-03-24 08:12:02', '2024-03-24 08:12:02'),
(201, 8875, 505, '2024-03-24 08:12:02', '2024-03-24 08:12:02'),
(202, 8875, 517, '2024-03-24 08:12:02', '2024-03-24 08:12:02'),
(203, 8875, 506, '2024-03-24 08:12:02', '2024-03-24 08:12:02'),
(204, 8875, 507, '2024-03-24 08:12:02', '2024-03-24 08:12:02'),
(205, 8875, 508, '2024-03-24 08:12:02', '2024-03-24 08:12:02'),
(206, 8875, 509, '2024-03-24 08:12:02', '2024-03-24 08:12:02'),
(207, 8875, 510, '2024-03-24 08:12:02', '2024-03-24 08:12:02'),
(208, 8875, 532, '2024-03-24 08:12:02', '2024-03-24 08:12:02'),
(209, 8875, 524, '2024-03-24 08:12:02', '2024-03-24 08:12:02'),
(210, 8875, 511, '2024-03-24 08:12:02', '2024-03-24 08:12:02'),
(211, 8875, 512, '2024-03-24 08:12:02', '2024-03-24 08:12:02'),
(212, 8875, 525, '2024-03-24 08:12:02', '2024-03-24 08:12:02'),
(213, 8876, 515, '2024-03-24 08:12:02', '2024-03-24 08:12:02'),
(214, 8876, 501, '2024-03-24 08:12:02', '2024-03-24 08:12:02'),
(215, 8877, 482, '2024-03-24 08:12:02', '2024-03-24 08:12:02'),
(216, 8878, 482, '2024-03-24 08:12:02', '2024-03-24 08:12:02'),
(217, 8879, 482, '2024-03-24 08:12:02', '2024-03-24 08:12:02'),
(218, 8880, 482, '2024-03-24 08:12:02', '2024-03-24 08:12:02'),
(219, 8881, 482, '2024-03-24 08:12:02', '2024-03-24 08:12:02'),
(220, 8882, 482, '2024-03-24 08:12:02', '2024-03-24 08:12:02'),
(221, 8883, 533, '2024-03-24 08:12:03', '2024-03-24 08:12:03'),
(222, 8884, 533, '2024-03-24 08:12:03', '2024-03-24 08:12:03'),
(223, 8885, 533, '2024-03-24 08:12:03', '2024-03-24 08:12:03'),
(224, 8886, 533, '2024-03-24 08:12:03', '2024-03-24 08:12:03'),
(225, 8887, 534, '2024-03-24 08:12:03', '2024-03-24 08:12:03'),
(226, 8888, 534, '2024-03-24 08:12:03', '2024-03-24 08:12:03'),
(227, 8889, 534, '2024-03-24 08:12:03', '2024-03-24 08:12:03'),
(228, 8890, 534, '2024-03-24 08:12:03', '2024-03-24 08:12:03'),
(229, 8891, 534, '2024-03-24 08:12:03', '2024-03-24 08:12:03'),
(230, 8892, 534, '2024-03-24 08:12:03', '2024-03-24 08:12:03'),
(231, 8893, 534, '2024-03-24 08:12:03', '2024-03-24 08:12:03'),
(232, 8894, 534, '2024-03-24 08:12:04', '2024-03-24 08:12:04'),
(233, 8895, 534, '2024-03-24 08:12:04', '2024-03-24 08:12:04'),
(234, 8896, 534, '2024-03-24 08:12:04', '2024-03-24 08:12:04'),
(235, 8897, 534, '2024-03-24 08:12:04', '2024-03-24 08:12:04'),
(236, 8898, 534, '2024-03-24 08:12:04', '2024-03-24 08:12:04'),
(237, 8899, 534, '2024-03-24 08:12:04', '2024-03-24 08:12:04'),
(238, 8900, 534, '2024-03-24 08:12:04', '2024-03-24 08:12:04');

-- --------------------------------------------------------

--
-- Structure de la table `author`
--

DROP TABLE IF EXISTS `author`;
CREATE TABLE IF NOT EXISTS `author` (
  `id` int NOT NULL AUTO_INCREMENT,
  `firstName` varchar(60) CHARACTER SET utf8mb4 COLLATE utf8mb4_general_ci DEFAULT NULL,
  `lastName` varchar(60) CHARACTER SET utf8mb4 COLLATE utf8mb4_general_ci DEFAULT NULL,
  `name` varchar(255) CHARACTER SET utf8mb4 COLLATE utf8mb4_general_ci NOT NULL,
  `createdAt` datetime NOT NULL,
  `updatedAt` datetime NOT NULL,
  PRIMARY KEY (`id`)
) ENGINE=InnoDB AUTO_INCREMENT=294 DEFAULT CHARSET=utf8mb4 COLLATE=utf8mb4_general_ci;

--
-- Déchargement des données de la table `author`
--

INSERT INTO `author` (`id`, `firstName`, `lastName`, `name`, `createdAt`, `updatedAt`) VALUES
(268, NULL, NULL, 'Marine Benoit', '2024-03-24 08:11:39', '2024-03-24 08:11:39'),
(269, NULL, NULL, 'Joël Ignasse', '2024-03-24 08:11:39', '2024-03-24 08:11:39'),
(270, NULL, NULL, 'Nicolas Gutierrez C.', '2024-03-24 08:11:49', '2024-03-24 08:11:49'),
(271, NULL, NULL, 'Sara de Lacerda', '2024-03-24 08:11:49', '2024-03-24 08:11:49'),
(272, NULL, NULL, 'Anne-Sophie Tassart', '2024-03-24 08:11:49', '2024-03-24 08:11:49'),
(273, NULL, NULL, 'Agnès Vernet', '2024-03-24 08:11:49', '2024-03-24 08:11:49'),
(274, NULL, NULL, 'Sylvie Briet', '2024-03-24 08:11:50', '2024-03-24 08:11:50'),
(275, NULL, NULL, 'Sciences et Avenir avec AFP', '2024-03-24 08:11:50', '2024-03-24 08:11:50'),
(276, NULL, NULL, 'Cécile Dumas', '2024-03-24 08:11:50', '2024-03-24 08:11:50'),
(277, NULL, NULL, 'Olivier Lascar', '2024-03-24 08:11:50', '2024-03-24 08:11:50'),
(278, NULL, NULL, 'Philippe Walter', '2024-03-24 08:11:52', '2024-03-24 08:11:52'),
(279, NULL, NULL, 'Guillet Emmanuel', '2024-03-24 08:11:53', '2024-03-24 08:11:53'),
(280, NULL, NULL, 'Bernadette Arnaud', '2024-03-24 08:11:53', '2024-03-24 08:11:53'),
(281, NULL, NULL, 'Aline Kiner', '2024-03-24 08:11:53', '2024-03-24 08:11:53'),
(282, NULL, NULL, 'Sarah Sermondadaz', '2024-03-24 08:11:53', '2024-03-24 08:11:53'),
(283, NULL, NULL, 'Hugo Jalinière', '2024-03-24 08:11:53', '2024-03-24 08:11:53'),
(284, NULL, NULL, 'Inrap', '2024-03-24 08:11:54', '2024-03-24 08:11:54'),
(285, NULL, NULL, 'archipeldessciences', '2024-03-24 08:11:55', '2024-03-24 08:11:55'),
(286, NULL, NULL, 'Grégory QUETIER', '2024-03-24 08:11:58', '2024-03-24 08:11:58'),
(287, NULL, NULL, 'Jean-Marie LEVASSEUR', '2024-03-24 08:12:00', '2024-03-24 08:12:00'),
(288, NULL, NULL, 'webmaster2-codep56', '2024-03-24 08:12:00', '2024-03-24 08:12:00'),
(289, NULL, NULL, 'CIBPL - FFESSM', '2024-03-24 08:12:01', '2024-03-24 08:12:01'),
(290, NULL, NULL, 'webmaster1-archeologie', '2024-03-24 08:12:02', '2024-03-24 08:12:02'),
(291, NULL, NULL, 'Support Cairn', '2024-03-24 08:12:02', '2024-03-24 08:12:02'),
(292, NULL, NULL, 'Marcjer', '2024-03-24 08:12:03', '2024-03-24 08:12:03'),
(293, NULL, NULL, 'Radio France', '2024-03-24 08:12:03', '2024-03-24 08:12:03');

-- --------------------------------------------------------

--
-- Structure de la table `category`
--

DROP TABLE IF EXISTS `category`;
CREATE TABLE IF NOT EXISTS `category` (
  `id` int NOT NULL AUTO_INCREMENT,
  `name` varchar(255) CHARACTER SET utf8mb4 COLLATE utf8mb4_general_ci NOT NULL,
  `createdAt` datetime NOT NULL,
  `updatedAt` datetime NOT NULL,
  PRIMARY KEY (`id`)
) ENGINE=InnoDB AUTO_INCREMENT=535 DEFAULT CHARSET=utf8mb4 COLLATE=utf8mb4_general_ci;

--
-- Déchargement des données de la table `category`
--

INSERT INTO `category` (`id`, `name`, `createdAt`, `updatedAt`) VALUES
(481, 'Archéologie', '2024-03-24 08:11:32', '2024-03-24 08:11:32'),
(482, 'Histoire', '2024-03-24 08:11:35', '2024-03-24 08:11:35'),
(483, 'Histoire Archives', '2024-03-24 08:11:35', '2024-03-24 08:11:35'),
(484, 'Histoire Livres', '2024-03-24 08:11:35', '2024-03-24 08:11:35'),
(485, 'Vox Histoire', '2024-03-24 08:11:35', '2024-03-24 08:11:35'),
(486, 'Paléontologie', '2024-03-24 08:11:49', '2024-03-24 08:11:49'),
(487, 'Anthropologie', '2024-03-24 08:11:49', '2024-03-24 08:11:49'),
(488, 'Patrimoine', '2024-03-24 08:11:50', '2024-03-24 08:11:50'),
(489, 'Archéo & paléo', '2024-03-24 08:11:50', '2024-03-24 08:11:50'),
(490, 'Evolution', '2024-03-24 08:11:50', '2024-03-24 08:11:50'),
(491, 'Sciences de la Vie et de la Terre', '2024-03-24 08:11:55', '2024-03-24 08:11:55'),
(492, 'Risque sismique', '2024-03-24 08:11:55', '2024-03-24 08:11:55'),
(493, 'Risques majeurs', '2024-03-24 08:11:55', '2024-03-24 08:11:55'),
(494, 'Tsunami', '2024-03-24 08:11:55', '2024-03-24 08:11:55'),
(495, 'Risque volcanique', '2024-03-24 08:11:55', '2024-03-24 08:11:55'),
(496, 'à la une 35', '2024-03-24 08:11:58', '2024-03-24 08:11:58'),
(497, 'à la une de l\'apnée', '2024-03-24 08:11:58', '2024-03-24 08:11:58'),
(498, 'Actualités', '2024-03-24 08:11:59', '2024-03-24 08:11:59'),
(499, 'Apnée', '2024-03-24 08:11:59', '2024-03-24 08:11:59'),
(500, 'Environnement et Biologie', '2024-03-24 08:12:00', '2024-03-24 08:12:00'),
(501, 'Épaves et Archéologie', '2024-03-24 08:12:00', '2024-03-24 08:12:00'),
(502, 'Handisub', '2024-03-24 08:12:00', '2024-03-24 08:12:00'),
(503, 'Hockey subaquatique', '2024-03-24 08:12:00', '2024-03-24 08:12:00'),
(504, 'Ille-et-Vilaine', '2024-03-24 08:12:00', '2024-03-24 08:12:00'),
(505, 'Médicale et Prévention', '2024-03-24 08:12:00', '2024-03-24 08:12:00'),
(506, 'Nage avec palmes', '2024-03-24 08:12:00', '2024-03-24 08:12:00'),
(507, 'Nage en eau vive', '2024-03-24 08:12:00', '2024-03-24 08:12:00'),
(508, 'Pêche sous-marine', '2024-03-24 08:12:00', '2024-03-24 08:12:00'),
(509, 'Photo et Vidéo', '2024-03-24 08:12:00', '2024-03-24 08:12:00'),
(510, 'Plongée Sportive en Piscine', '2024-03-24 08:12:00', '2024-03-24 08:12:00'),
(511, 'Technique', '2024-03-24 08:12:00', '2024-03-24 08:12:00'),
(512, 'Tir sur cible', '2024-03-24 08:12:00', '2024-03-24 08:12:00'),
(513, 'à la une 85', '2024-03-24 08:12:00', '2024-03-24 08:12:00'),
(514, 'Vendée', '2024-03-24 08:12:00', '2024-03-24 08:12:00'),
(515, 'à la une de l\'archéologie', '2024-03-24 08:12:00', '2024-03-24 08:12:00'),
(516, 'à la une du 56', '2024-03-24 08:12:00', '2024-03-24 08:12:00'),
(517, 'Morbihan', '2024-03-24 08:12:01', '2024-03-24 08:12:01'),
(518, 'Bénévolat', '2024-03-24 08:12:01', '2024-03-24 08:12:01'),
(519, 'CIBPL', '2024-03-24 08:12:01', '2024-03-24 08:12:01'),
(520, 'Développement durable', '2024-03-24 08:12:01', '2024-03-24 08:12:01'),
(521, 'Équipements', '2024-03-24 08:12:01', '2024-03-24 08:12:01'),
(522, 'Féminisation', '2024-03-24 08:12:01', '2024-03-24 08:12:01'),
(523, 'Juridique', '2024-03-24 08:12:01', '2024-03-24 08:12:01'),
(524, 'Sport Santé', '2024-03-24 08:12:01', '2024-03-24 08:12:01'),
(525, 'Tourisme', '2024-03-24 08:12:01', '2024-03-24 08:12:01'),
(526, 'Coronavirus', '2024-03-24 08:12:01', '2024-03-24 08:12:01'),
(527, 'Côtes d’Armor', '2024-03-24 08:12:01', '2024-03-24 08:12:01'),
(528, 'Finistère', '2024-03-24 08:12:01', '2024-03-24 08:12:01'),
(529, 'Loire-Atlantique', '2024-03-24 08:12:01', '2024-03-24 08:12:01'),
(530, 'Maine-et-Loire', '2024-03-24 08:12:02', '2024-03-24 08:12:02'),
(531, 'Mayenne', '2024-03-24 08:12:02', '2024-03-24 08:12:02'),
(532, 'Sarthe', '2024-03-24 08:12:02', '2024-03-24 08:12:02'),
(533, 'Education', '2024-03-24 08:12:03', '2024-03-24 08:12:03'),
(534, 'History', '2024-03-24 08:12:03', '2024-03-24 08:12:03');

-- --------------------------------------------------------

--
-- Structure de la table `map`
--

DROP TABLE IF EXISTS `map`;
CREATE TABLE IF NOT EXISTS `map` (
  `id` int NOT NULL AUTO_INCREMENT,
  `longitude` float NOT NULL,
  `latitude` float NOT NULL,
  `region` varchar(27) COLLATE utf8mb4_general_ci NOT NULL,
  `departement` varchar(23) COLLATE utf8mb4_general_ci NOT NULL,
  `commune` varchar(30) COLLATE utf8mb4_general_ci NOT NULL,
  `nom` varchar(93) COLLATE utf8mb4_general_ci NOT NULL,
  `debut` date DEFAULT NULL,
  `fin` date DEFAULT NULL,
  `periodes` varchar(255) CHARACTER SET utf8mb4 COLLATE utf8mb4_general_ci DEFAULT NULL,
  `themes` varchar(2550) CHARACTER SET utf8mb4 COLLATE utf8mb4_general_ci DEFAULT NULL,
  `type` varchar(7) COLLATE utf8mb4_general_ci NOT NULL,
  `createdAt` datetime DEFAULT NULL,
  `updatedAt` datetime DEFAULT NULL,
  PRIMARY KEY (`id`)
) ENGINE=InnoDB AUTO_INCREMENT=626 DEFAULT CHARSET=utf8mb4 COLLATE=utf8mb4_general_ci;

--
-- Déchargement des données de la table `map`
--

INSERT INTO `map` (`id`, `longitude`, `latitude`, `region`, `departement`, `commune`, `nom`, `debut`, `fin`, `periodes`, `themes`, `type`, `createdAt`, `updatedAt`) VALUES
(1, 4.79744, 49.016, 'Champagne-Ardenne', 'Marne', 'Dampierre-le-Château', 'Liévaux', '2001-07-30', '2002-01-19', 'Néolithique, Protohistoire', 'Habitats, architecture, édifices', 'fouille', NULL, NULL),
(2, -0.453491, 49.2545, 'Basse-Normandie', 'Calvados', 'Thaon', 'Éléazar', '2002-01-20', '2002-01-24', 'Protohistoire', NULL, 'fouille', NULL, NULL),
(3, 6.14297, 47.1053, 'Franche-Comté', 'Doubs', 'Ornans', 'La Fontaine au Malade', '2002-01-09', '2002-01-25', 'Moyen Âge', NULL, 'fouille', NULL, NULL),
(4, 4.96658, 48.6268, 'Champagne-Ardenne', 'Haute-Marne', 'Saint-Dizier', 'Les Crassées', '2001-12-17', '2002-02-22', 'Moyen Âge', 'Arts, biens de prestige, Cultes et pratiques funéraires, Organisation sociale et politique', 'fouille', NULL, NULL),
(5, 0.688597, 47.392, 'Centre', 'Indre-et-Loire', 'Tours', 'Lycée Descartes', '1999-09-01', '2002-02-28', 'Antiquité, Moyen Âge', 'Cultes et pratiques funéraires, Habitats, architecture, édifices, Organisation sociale et politique', 'fouille', NULL, NULL),
(6, 6.01248, 47.2381, 'Franche-Comté', 'Doubs', 'Besançon', 'Parking des Remparts dérasés', '2001-06-01', '2002-02-28', 'Protohistoire, Antiquité, Moyen Âge, Moderne, Contemporain', 'Cultes et pratiques funéraires, Habitats, architecture, édifices, Industrie, artisanat, Peuplement, occupation espace', 'fouille', NULL, NULL),
(7, 2.81645, 48.8705, 'Ile-de-France', 'Seine-et-Marne', 'Magny-le-Hongre', 'Courtalin', '2001-12-03', '2002-02-28', 'Protohistoire, Antiquité, Moyen Âge', NULL, 'fouille', NULL, NULL),
(8, 2.72253, 48.9673, 'Ile-de-France', 'Seine-et-Marne', 'Messy', 'La Mare au Roi', '2001-12-01', '2002-03-01', 'Protohistoire, Antiquité', 'Habitats, architecture, édifices', 'fouille', NULL, NULL),
(9, 2.71744, 48.9486, 'Ile-de-France', 'Seine-et-Marne', 'Claye-Souilly', 'Les Monts Gardés 3', '2001-12-01', '2002-03-21', 'Protohistoire, Antiquité', 'Cultes et pratiques funéraires, Échange et transport, Habitats, architecture, édifices, Industrie, artisanat', 'fouille', NULL, NULL),
(10, 2.83387, 50.3182, 'Nord-Pas-de-Calais', 'Pas-de-Calais', 'Saint-Laurent-Blangy', 'ZAC Actiparc', '2001-04-01', '2002-04-01', 'Protohistoire, Antiquité', NULL, 'fouille', NULL, NULL),
(11, 0.685994, 47.3918, 'Centre', 'Indre-et-Loire', 'Tours', 'Hôtel de police Nord', '2001-11-01', '2002-04-30', 'Antiquité, Moyen Âge', 'Archéologie des conflits, Cultes et pratiques funéraires, Habitats, architecture, édifices', 'fouille', NULL, NULL),
(12, 1.34696, 47.3051, 'Centre', 'Loir-et-Cher', 'Saint-Romain-sur-Cher', 'Les Cormins', '2001-11-15', '2002-04-30', 'Néolithique, Protohistoire, Antiquité, Moyen Âge', NULL, 'fouille', NULL, NULL),
(13, 4.20652, 49.1471, 'Champagne-Ardenne', 'Marne', 'Val-de-Vesle', 'Moncheux', '2001-11-13', '2002-05-01', 'Protohistoire, Antiquité, Moderne, Contemporain', 'Arts, biens de prestige, Cultes et pratiques funéraires', 'fouille', NULL, NULL),
(14, 2.71323, 48.9509, 'Ile-de-France', 'Seine-et-Marne', 'Claye-Souilly', 'Les Monts Gardés 1', '2002-03-25', '2002-05-17', 'Néolithique, Protohistoire, Antiquité, Moyen Âge', 'Habitats, architecture, édifices', 'fouille', NULL, NULL),
(15, 6.16112, 48.9873, 'Lorraine', 'Moselle', 'Sillegny', 'Rue du Stade', '2002-04-02', '2002-05-24', 'Protohistoire, Antiquité, Moyen Âge, Moderne, Contemporain', NULL, 'fouille', NULL, NULL),
(16, 3.9196, 49.2409, 'Champagne-Ardenne', 'Marne', 'Vrigny', 'Les Robogniers 1', '2001-12-02', '2002-05-30', 'Néolithique, Protohistoire, Antiquité, Moderne, Contemporain', 'Arts, biens de prestige, Cultes et pratiques funéraires', 'fouille', NULL, NULL),
(17, 2.55143, 48.6397, 'Ile-de-France', 'Seine-et-Marne', 'Lieusaint', 'Jardin de la Méridienne', '2002-01-01', '2002-06-01', 'Protohistoire, Antiquité', 'Habitats, architecture, édifices, Peuplement, occupation espace', 'fouille', NULL, NULL),
(18, 6.14822, 47.1047, 'Franche-Comté', 'Doubs', 'Ornans', 'Espace Courbet', '2002-05-28', '2002-06-10', 'Moyen Âge', NULL, 'fouille', NULL, NULL),
(19, 4.36083, 49.3181, 'Champagne-Ardenne', 'Marne', 'Bétheniville', 'Mont-de-Merlan', '2002-05-24', '2002-06-13', 'Protohistoire', NULL, 'fouille', NULL, NULL),
(20, 6.13056, 48.2985, 'Lorraine', 'Vosges', 'Mirecourt', 'Rue du Docteur-Joyeux', '2002-05-03', '2002-06-21', 'Moyen Âge, Moderne, Contemporain', NULL, 'fouille', NULL, NULL),
(21, 3.29542, 48.0317, 'Bourgogne', 'Yonne', 'Saint-Julien-du-Sault', 'Les Sablons', '2002-04-15', '2002-06-25', 'Néolithique, Protohistoire', NULL, 'fouille', NULL, NULL),
(22, 2.14515, 48.7107, 'Ile-de-France', 'Essonne', 'Saint-Aubin', 'L\'Orme des Merisiers', '2002-02-20', '2002-06-28', 'Protohistoire, Antiquité, Moyen Âge', NULL, 'fouille', NULL, NULL),
(23, 6.52004, 43.2753, 'Provences-Alpes-Côte-d\'Azur', 'Var', 'Grimaud', 'Le Château', '2002-06-17', '2002-06-28', 'Moyen Âge, Moderne, Contemporain', NULL, 'fouille', NULL, NULL),
(24, 3.30407, 49.0485, 'Picardie', 'Aisne', 'Essômes-sur-Marne', 'Ferme de La Cense', '2001-10-16', '2002-06-30', 'Moyen Âge, Moderne, Contemporain', 'Cultes et pratiques funéraires, Habitats, architecture, édifices', 'fouille', NULL, NULL),
(25, 2.70803, 48.1918, 'Ile-de-France', 'Seine-et-Marne', 'Souppes-sur-Loing', 'À l\'est de Beaumoulin', '2002-04-15', '2002-07-26', 'Néolithique, Protohistoire', NULL, 'fouille', NULL, NULL),
(26, 5.17033, 48.9958, 'Lorraine', 'Meuse', 'Nubécourt', 'Aux Villées', '2001-09-01', '2002-07-31', 'Néolithique, Protohistoire, Antiquité, Moyen Âge, Autres périodes', 'Habitats, architecture, édifices, Industrie, artisanat', 'fouille', NULL, NULL),
(27, 2.54487, 48.6432, 'Ile-de-France', 'Seine-et-Marne', 'Lieusaint', 'ZAC de la Pyramide, lot C3', '2002-06-01', '2002-08-01', 'Protohistoire', 'Habitats, architecture, édifices', 'fouille', NULL, NULL),
(28, -3.57662, 48.2742, 'Bretagne', 'Finistère', 'Carhaix-Plouguer', '5, rue du Docteur-Menguy', '2002-07-01', '2002-08-09', 'Antiquité, Autres périodes', NULL, 'fouille', NULL, NULL),
(29, 5.19238, 48.9675, 'Lorraine', 'Meuse', 'Beausite', 'La Hachie', '2001-09-01', '2002-08-12', 'Néolithique, Protohistoire, Antiquité, Moyen Âge', NULL, 'fouille', NULL, NULL),
(30, 5.25115, 48.979, 'Lorraine', 'Meuse', 'Les Trois-Domaines', 'La Hachie', '2001-09-10', '2002-08-15', 'Néolithique, Protohistoire, Antiquité, Moyen Âge', 'Habitats, architecture, édifices', 'fouille', NULL, NULL),
(31, 6.10324, 48.9339, 'Lorraine', 'Meurthe-et-Moselle', 'Lesménils', 'Notre Dame - Chêne Brûlé', '2002-05-15', '2002-08-15', 'Antiquité', 'Échange et transport, Habitats, architecture, édifices', 'fouille', NULL, NULL),
(32, 1.103, 49.2876, 'Haute-Normandie', 'Eure', 'Criquebeuf-sur-Seine', 'Les Brûlins', '2002-07-16', '2002-08-15', 'Protohistoire', NULL, 'fouille', NULL, NULL),
(33, 1.7359, 46.8532, 'Centre', 'Indre', 'Montierchaume', 'La Fleuranderie', '2002-07-08', '2002-08-28', 'Protohistoire, Antiquité, Autres périodes', NULL, 'fouille', NULL, NULL),
(34, 5.51106, 48.9738, 'Lorraine', 'Meuse', 'Lacroix-sur-Meuse', 'La Finotte', '2002-06-24', '2002-08-30', 'Néolithique, Protohistoire', 'Habitats, architecture, édifices', 'fouille', NULL, NULL),
(35, 5.51528, 48.9764, 'Lorraine', 'Meuse', 'Lacroix-sur-Meuse', 'Les Battants', '2002-06-24', '2002-08-31', 'Protohistoire, Antiquité', 'Cultes et pratiques funéraires, Échange et transport', 'fouille', NULL, NULL),
(36, 1.99638, 46.9496, 'Centre', 'Indre', 'Issoudun', 'Centre de l\'image et du multimédia', '2002-05-20', '2002-09-06', 'Moyen Âge, Moderne, Contemporain', NULL, 'fouille', NULL, NULL),
(37, 1.75816, 45.3332, 'Limousin', 'Corrèze', 'Naves', 'Les Arènes de Tintignac - fouille 2002', '2002-05-13', '2002-09-27', 'Protohistoire, Antiquité', NULL, 'fouille', NULL, NULL),
(38, 0.149011, 45.6533, 'Poitou-Charentes', 'Charente', 'Angoulême', 'Abbaye Saint-Cybard', '2002-04-15', '2002-09-30', 'Moyen Âge, Moderne, Contemporain', NULL, 'fouille', NULL, NULL),
(39, 4.7916, 48.6605, 'Champagne-Ardenne', 'Haute-Marne', 'Perthes', 'La Pièce des Essarts', '2002-04-15', '2002-09-30', 'Protohistoire, Antiquité, Moyen Âge, Moderne, Contemporain', NULL, 'fouille', NULL, NULL),
(40, 2.06293, 49.8286, 'Picardie', 'Somme', 'Fresnoy-au-Val', 'La Trannoye', '2002-05-02', '2002-09-30', 'Néolithique', NULL, 'fouille', NULL, NULL),
(41, 2.55055, 48.6395, 'Ile-de-France', 'Seine-et-Marne', 'Lieusaint', 'ZAC de la Pyramide, lot C1', '2002-07-15', '2002-10-04', 'Protohistoire, Antiquité', 'Habitats, architecture, édifices', 'fouille', NULL, NULL),
(42, 3.0083, 48.9582, 'Ile-de-France', 'Seine-et-Marne', 'Changis-sur-Marne', 'Les Pétreaux 1', '2002-05-29', '2002-10-10', 'Protohistoire', NULL, 'fouille', NULL, NULL),
(43, 0.320836, 47.0287, 'Centre', 'Indre-et-Loire', 'Richelieu', 'Carrefour RD749', '2002-10-01', '2002-10-22', 'Moyen Âge', NULL, 'fouille', NULL, NULL),
(44, 4.38601, 43.8259, 'Languedoc-Roussillon', 'Gard', 'Nîmes', 'Magaille Est', '2002-05-06', '2002-10-25', 'Protohistoire, Antiquité, Autres périodes', NULL, 'fouille', NULL, NULL),
(45, 0.685569, 47.3964, 'Centre', 'Indre-et-Loire', 'Tours', 'Parking Anatole-France', '2002-08-19', '2002-10-25', 'Antiquité, Moyen Âge, Moderne, Contemporain', NULL, 'fouille', NULL, NULL),
(46, 3.01669, 50.5495, 'Nord-Pas-de-Calais', 'Nord', 'Seclin', 'Le Petit Marais', '2002-08-26', '2002-10-25', 'Antiquité, Moyen Âge', NULL, 'fouille', NULL, NULL),
(47, 5.89099, 48.9734, 'Lorraine', 'Meurthe-et-Moselle', 'Jaulny', 'Le Fey', '2002-10-14', '2002-10-30', 'Antiquité', 'Cultes et pratiques funéraires', 'fouille', NULL, NULL),
(48, 3.90387, 43.5671, 'Languedoc-Roussillon', 'Hérault', 'Lattes', 'Le Castrum', '2002-09-30', '2002-11-15', 'Autres périodes', NULL, 'fouille', NULL, NULL),
(49, 4.04179, 49.2572, 'Champagne-Ardenne', 'Marne', 'Reims', '30-32 et 34 rue de l\'Écu', '2002-09-30', '2002-11-15', 'Protohistoire, Antiquité, Moderne, Contemporain', 'Habitats, architecture, édifices', 'fouille', NULL, NULL),
(50, 0.332102, 49.4907, 'Haute-Normandie', 'Seine-Maritime', 'Saint-Vigor-d\'Ymonville', 'La Mare des Mares (carrière Lafarge tranche 4)', '2002-03-04', '2002-11-16', 'Néolithique, Protohistoire, Antiquité', NULL, 'fouille', NULL, NULL),
(51, 2.34317, 48.842, 'Ile-de-France', 'Paris', 'Paris', '64 rue Gay-Lussac - 3 rue des Ursulines', '2002-09-23', '2002-11-19', 'Antiquité, Moderne, Contemporain', NULL, 'fouille', NULL, NULL),
(52, 2.87902, 49.0083, 'Ile-de-France', 'Seine-et-Marne', 'Barcy', 'Le Marais de Narcy', '2002-07-29', '2002-11-28', 'Antiquité', 'Habitats, architecture, édificesIndustrie, artisanat', 'fouille', NULL, NULL),
(53, 6.29945, 48.9691, 'Lorraine', 'Moselle', 'Solgne', 'Poirier Gaillard', '2002-10-01', '2002-11-30', 'Antiquité', 'Échange et transport, Habitats, architecture, édifices, Peuplement, occupation espace', 'fouille', NULL, NULL),
(54, 1.44539, 43.5979, 'Midi-Pyrénées', 'Haute-Garonne', 'Toulouse', 'Place des Carmes', '2002-07-01', '2002-12-01', 'Protohistoire, Antiquité, Moyen Âge, Moderne, Contemporain', NULL, 'fouille', NULL, NULL),
(55, 6.03189, 48.9519, 'Lorraine', 'Meurthe-et-Moselle', 'Vandières', 'Bêtes aux Champs', '2002-11-26', '2002-12-09', 'Protohistoire, Antiquité', 'Habitats, architecture, édifices', 'fouille', NULL, NULL),
(56, 3.22026, 45.7852, 'Auvergne', 'Puy-de-Dôme', 'Pont-du-Château', 'Champ Lamet', '2002-11-13', '2002-12-13', 'Antiquité', NULL, 'fouille', NULL, NULL),
(57, 2.15426, 49.7375, 'Picardie', 'Somme', 'Conty', 'ZAC  Henri-Dunant', '2002-11-18', '2002-12-20', 'Néolithique', NULL, 'fouille', NULL, NULL),
(58, 3.49586, 49.3628, 'Picardie', 'Aisne', 'Vasseny', 'Dessus des Groins', '2002-10-07', '2002-12-22', 'Protohistoire', 'Cultes et pratiques funéraires', 'fouille', NULL, NULL),
(59, 0.688389, 47.3937, 'Centre', 'Indre-et-Loire', 'Tours', 'Temple de la rue Nationale', '1951-01-01', '2002-12-31', 'Antiquité, Moyen Âge', 'Archéologie des conflits, Cultes et pratiques funéraires, Organisation sociale et politique', 'fouille', NULL, NULL),
(60, 3.59404, 49.1311, 'Picardie', 'Aisne', 'Ronchères', 'Le Bois de la Forge', '2002-06-01', '2002-12-31', 'Protohistoire, Antiquité', 'Habitats, architecture, édifices, Industrie, artisanat', 'fouille', NULL, NULL),
(61, 1.18306, 48.9793, 'Haute-Normandie', 'Eure', 'Guichainville', 'Le Long Buisson 2', '2002-08-19', '2003-01-01', 'Autres périodes', NULL, 'fouille', NULL, NULL),
(62, 4.03651, 49.2506, 'Champagne-Ardenne', 'Marne', 'Reims', '20  rue de Contrai', '2002-09-16', '2003-01-03', 'Protohistoire, Antiquité, Moyen Âge, Moderne, Contemporain', NULL, 'fouille', NULL, NULL),
(63, 4.1737, 46.3947, 'Bourgogne', 'Saône-et-Loire', 'Nochize', 'Ancienne église', '2003-01-15', '2003-01-16', 'Moderne, Contemporain', NULL, 'fouille', NULL, NULL),
(64, -4.09457, 47.864, 'Bretagne', 'Finistère', 'Bénodet', 'Route de Kernéost', '2003-01-06', '2003-02-11', 'Protohistoire, Moyen Âge', NULL, 'fouille', NULL, NULL),
(65, 5.99651, 48.978, 'Lorraine', 'Meurthe-et-Moselle', 'Prény', 'Ferme de Tautecourt', '2002-01-02', '2003-02-28', 'Néolithique, Protohistoire, Antiquité, Moyen Âge', 'Cultes et pratiques funéraires, Habitats, architecture, édifices, Industrie, artisanat', 'fouille', NULL, NULL),
(66, 4.01225, 49.2079, 'Champagne-Ardenne', 'Marne', 'Champfleury', 'RN 51', '2002-10-01', '2003-02-28', 'Protohistoire, Antiquité', 'Habitats, architecture, édifices, Industrie, artisanat', 'fouille', NULL, NULL),
(67, 6.02144, 48.9837, 'Lorraine', 'Meurthe-et-Moselle', 'Pagny-sur-Moselle', 'Moulon 2 - Maladrie', '2003-02-27', '2003-03-12', 'Antiquité', 'Habitats, architecture, édifices, Industrie, artisanat', 'fouille', NULL, NULL),
(68, 0.338766, 46.5836, 'Poitou-Charentes', 'Vienne', 'Poitiers', 'Rue de la Marne', '2001-12-03', '2003-03-14', 'Antiquité, Moyen Âge, Moderne, Contemporain', NULL, 'fouille', NULL, NULL),
(69, 7.69542, 48.3778, 'Alsace', 'Bas-Rhin', 'Gerstheim', 'Domaine de Bancalis', '2003-03-04', '2003-03-17', 'Protohistoire', NULL, 'fouille', NULL, NULL),
(70, 1.16107, 49.0175, 'Haute-Normandie', 'Eure', 'Évreux', 'Le Clos-au-Duc', '2002-08-05', '2003-03-30', 'Antiquité', NULL, 'fouille', NULL, NULL),
(71, 1.34421, 49.1685, 'Haute-Normandie', 'Eure', 'Aubevoye', 'Le Chemin Vert', '2003-03-24', '2003-03-31', 'Antiquité, Moyen Âge', NULL, 'fouille', NULL, NULL),
(72, 2.54036, 48.642, 'Ile-de-France', 'Seine-et-Marne', 'Lieusaint', 'Rond-Point Schumann', '2002-11-20', '2003-04-04', 'Antiquité', 'Échange et transport, Habitats, architecture, édifices', 'fouille', NULL, NULL),
(73, 2.8906, 42.6965, 'Languedoc-Roussillon', 'Pyrénées-Orientales', 'Perpignan', 'Hôpital militaire', '2003-03-10', '2003-04-04', 'Moyen Âge, Moderne, Contemporain', NULL, 'fouille', NULL, NULL),
(74, 3.64014, 46.2358, 'Auvergne', 'Allier', 'Saint-Prix', 'Les Jeanrais', '2003-02-24', '2003-04-18', 'Moyen Âge', NULL, 'fouille', NULL, NULL),
(75, -0.37667, 49.1085, 'Basse-Normandie', 'Calvados', 'Saint-Martin-de-Fontenay', 'Le Diguet 1', '2003-04-04', '2003-04-18', 'Néolithique, Protohistoire', NULL, 'fouille', NULL, NULL),
(76, 3.19751, 45.7138, 'Auvergne', 'Puy-de-Dôme', 'Le Cendre', 'Gondole', '2003-03-21', '2003-04-22', 'Protohistoire', NULL, 'fouille', NULL, NULL),
(77, 3.01695, 47.1774, 'Bourgogne', 'Nièvre', 'La Charité-sur-Loire', 'L\'abbaye', '2003-02-28', '2003-04-30', 'Moyen Âge', 'Cultes et pratiques funéraires', 'fouille', NULL, NULL),
(78, 5.85761, 43.4567, 'Provences-Alpes-Côte-d\'Azur', 'Var', 'Saint-Maximin-la-Sainte-Baume', 'Mirade', '2003-03-30', '2003-04-30', 'Moyen Âge', NULL, 'fouille', NULL, NULL),
(79, 7.94557, 49.036, 'Alsace', 'Bas-Rhin', 'Wissembourg', 'Rue des Carmes', '2003-05-12', '2003-05-23', 'Moyen Âge, Moderne, Contemporain', NULL, 'fouille', NULL, NULL),
(80, 3.83134, 44.8442, 'Auvergne', 'Haute-Loire', 'Landos', 'Landos St-Félix', '2003-03-25', '2003-05-29', 'Antiquité, Moyen Âge', 'Arts, biens de prestige, Cultes et pratiques funéraires', 'fouille', NULL, NULL),
(81, 2.42555, 48.9132, 'Ile-de-France', 'Seine-Saint-Denis', 'Bobigny', 'Hôpital Avicenne', '2002-10-15', '2003-05-31', 'Protohistoire', NULL, 'fouille', NULL, NULL),
(82, 2.39053, 48.8084, 'Ile-de-France', 'Val-de-Marne', 'Ivry-sur-Seine', '44-46, rue Raspail', '2003-04-02', '2003-06-14', 'Néolithique, Protohistoire, Moyen Âge, Moderne, Contemporain', NULL, 'fouille', NULL, NULL),
(83, 4.02649, 49.2544, 'Champagne-Ardenne', 'Marne', 'Reims', '11-19  rue Buirette', '2003-05-19', '2003-06-20', 'Antiquité, Moyen Âge, Moderne, Contemporain', 'Habitats, architecture, édifices', 'fouille', NULL, NULL),
(84, 6.16757, 49.3594, 'Lorraine', 'Moselle', 'Thionville', '24-26, rue de la Vieille-Porte', '2003-05-12', '2003-06-24', 'Moyen Âge, Moderne, Contemporain, Autres périodes', NULL, 'fouille', NULL, NULL),
(85, 7.78816, 48.8131, 'Alsace', 'Bas-Rhin', 'Haguenau', 'Rue des Anneaux', '2003-05-26', '2003-06-24', 'Moyen Âge, Moderne, Contemporain', NULL, 'fouille', NULL, NULL),
(86, 5.37023, 43.2974, 'Provences-Alpes-Côte-d\'Azur', 'Bouches-du-Rhône', 'Marseille', 'Espace Bargemon', '2002-03-25', '2003-06-25', 'Antiquité, Moyen Âge, Moderne, Contemporain', 'Habitats, architecture, édifices, Industrie, artisanat, Peuplement, occupation espace', 'fouille', NULL, NULL),
(87, -0.570654, 44.843, 'Aquitaine', 'Gironde', 'Bordeaux', 'Parking Place Jean-Jaurès', '2002-01-28', '2003-07-15', 'Moyen Âge', NULL, 'fouille', NULL, NULL),
(88, 1.3808, 49.2068, 'Haute-Normandie', 'Eure', 'Bouafles', 'La Plante à Tabac', '2003-05-05', '2003-07-18', 'Néolithique', NULL, 'fouille', NULL, NULL),
(89, 5.32918, 45.7496, 'Rhône-Alpes', 'Isère', 'Optevoz', 'Chemin de la Cure Bataillier', '2003-07-17', '2003-07-21', 'Moyen Âge, Autres périodes', NULL, 'fouille', NULL, NULL),
(90, 3.26717, 49.3361, 'Picardie', 'Aisne', 'Ploisy', 'Zone 6 Bras De Fer', '2003-06-23', '2003-07-25', 'Antiquité', NULL, 'fouille', NULL, NULL),
(91, 7.18398, 48.2454, 'Alsace', 'Haut-Rhin', 'Sainte-Marie-aux-Mines', 'Mine Saint-Louis Eisenthür', '2003-07-15', '2003-08-02', 'Moyen Âge, Moderne, Contemporain', NULL, 'fouille', NULL, NULL),
(92, 4.35227, 43.8295, 'Languedoc-Roussillon', 'Gard', 'Nîmes', '78 avenue Jean-Jaurès', '2003-07-07', '2003-08-14', 'Antiquité', NULL, 'fouille', NULL, NULL),
(93, 4.37797, 48.9503, 'Champagne-Ardenne', 'Marne', 'Saint-Memmie', '9, rue du Pont-Alips', '2003-07-29', '2003-08-22', 'Protohistoire, Antiquité, Moyen Âge, Moderne, Contemporain', NULL, 'fouille', NULL, NULL),
(94, 2.79791, 48.9373, 'Ile-de-France', 'Seine-et-Marne', 'Lesches', 'Les Prés de Refuge', '2003-03-15', '2003-08-31', 'Protohistoire', NULL, 'fouille', NULL, NULL),
(95, 2.90491, 48.9645, 'Ile-de-France', 'Seine-et-Marne', 'Meaux', 'Zi Nord, Lot D1', '2003-07-28', '2003-08-31', 'Antiquité, Moyen Âge, Moderne, Contemporain', NULL, 'fouille', NULL, NULL),
(96, 4.03651, 49.2475, 'Champagne-Ardenne', 'Marne', 'Reims', 'Rue de l\'Équerre', '2000-06-21', '2003-09-01', 'Antiquité', 'Cultes et pratiques funéraires, Échange et transport, Habitats, architecture, édifices, Industrie, artisanat', 'fouille', NULL, NULL),
(97, 4.83501, 44.9308, 'Rhône-Alpes', 'Ardèche', 'Saint-Péray', 'Chavas', '2003-06-30', '2003-09-09', 'Protohistoire', NULL, 'fouille', NULL, NULL),
(98, -2.62642, 48.4268, 'Bretagne', 'Côtes-d\'Armor', 'Quessoy', 'Le Clos Maillard', '2003-08-04', '2003-09-09', 'Protohistoire', NULL, 'fouille', NULL, NULL),
(99, 4.03668, 49.2557, 'Champagne-Ardenne', 'Marne', 'Reims', '19, rue Eugène-Desteuque', '2003-02-10', '2003-09-15', 'Protohistoire, Antiquité, Moyen Âge, Moderne, Contemporain', NULL, 'fouille', NULL, NULL),
(100, 0.462004, 49.0497, 'Haute-Normandie', 'Eure', 'Capelle-les-Grands', 'Les Terres-Noires', '2003-05-12', '2003-09-15', 'Antiquité, Moyen Âge', NULL, 'fouille', NULL, NULL),
(101, -1.89249, 49.7017, 'Basse-Normandie', 'Manche', 'Omonville-la-Petite', 'La Jupinerie', '2003-08-25', '2003-09-26', 'Néolithique, Protohistoire', NULL, 'fouille', NULL, NULL),
(102, 4.03661, 49.2558, 'Champagne-Ardenne', 'Marne', 'Reims', '19  rue Eugène-Desteuque', '2003-02-01', '2003-09-30', 'Antiquité, Moyen Âge, Moderne, Contemporain', 'Habitats, architecture, édifices', 'fouille', NULL, NULL),
(103, 7.48846, 48.621, 'Alsace', 'Bas-Rhin', 'Marlenheim', 'Maison apprederis', '2003-07-02', '2003-09-30', 'Protohistoire, Moyen Âge', NULL, 'fouille', NULL, NULL),
(104, 2.50049, 49.0023, 'Ile-de-France', 'Val-d\'Oise', 'Roissy-en-France', 'Le Moulin', '2003-09-08', '2003-10-20', 'Moderne, Contemporain', NULL, 'fouille', NULL, NULL),
(105, 1.26107, 49.2084, 'Haute-Normandie', 'Eure', 'Muids', 'Le Gorgeon des Rues 2', '2003-08-25', '2003-10-22', 'Néolithique, Antiquité', NULL, 'fouille', NULL, NULL),
(106, 4.40234, 48.9222, 'Champagne-Ardenne', 'Marne', 'Sarry', 'Les Auges', '2003-10-06', '2003-10-24', 'Protohistoire, Antiquité', NULL, 'fouille', NULL, NULL),
(107, 6.3287, 48.3372, 'Lorraine', 'Vosges', 'Vincey', 'Pontière de la Banvoye, Chemin des pêcheurs', '2003-10-13', '2003-10-27', 'Protohistoire', NULL, 'fouille', NULL, NULL),
(108, 2.43588, 48.27, 'Ile-de-France', 'Seine-et-Marne', 'Buthiers', 'Le dessus-de-Rochefort', '2003-08-01', '2003-10-30', 'Protohistoire', NULL, 'fouille', NULL, NULL),
(109, 2.18406, 48.8985, 'Ile-de-France', 'Hauts-de-Seine', 'Nanterre', 'Avenue Jules-Quentin', '2003-09-08', '2003-10-31', 'Protohistoire, Antiquité', NULL, 'fouille', NULL, NULL),
(110, -0.772928, 48.0692, 'Pays de la Loire', 'Mayenne', 'Laval', 'Saint-Tugal', '2003-05-01', '2003-11-01', 'Moyen Âge', NULL, 'fouille', NULL, NULL),
(111, 6.81392, 47.4439, 'Franche-Comté', 'Doubs', 'Mandeure', 'Rue de la Récille', '2003-09-08', '2003-11-17', 'Protohistoire, Antiquité, Moyen Âge', NULL, 'fouille', NULL, NULL),
(112, 7.68176, 48.5375, 'Alsace', 'Bas-Rhin', 'Geispolsheim', 'Forlen', '2003-10-20', '2003-11-18', 'Protohistoire, Moyen Âge', NULL, 'fouille', NULL, NULL),
(113, 1.87166, 43.3137, 'Languedoc-Roussillon', 'Aude', 'Mas-Saintes-Puelles', 'En Courdelle', '2003-11-25', '2003-11-26', 'Moyen Âge', NULL, 'fouille', NULL, NULL),
(114, 7.71057, 48.7317, 'Alsace', 'Bas-Rhin', 'Brumath', 'Rue du château', '2003-10-13', '2003-11-28', 'Antiquité, Moyen Âge, Moderne, Contemporain', NULL, 'fouille', NULL, NULL),
(115, 2.35963, 48.9152, 'Ile-de-France', 'Seine-Saint-Denis', 'L\'Île-Saint-Denis', '66-70, Rue Du Landy', '2003-11-17', '2003-11-28', 'Protohistoire', NULL, 'fouille', NULL, NULL),
(116, 1.60605, 50.6696, 'Nord-Pas-de-Calais', 'Pas-de-Calais', 'Saint-Étienne-au-Mont', 'Rue des Écoles', '2003-11-03', '2003-12-12', 'Néolithique, Protohistoire, Antiquité, Moyen Âge, Moderne, Contemporain', NULL, 'fouille', NULL, NULL),
(117, 0.680007, 47.3904, 'Centre', 'Indre-et-Loire', 'Tours', 'Hôpital Clocheville', '2003-01-01', '2003-12-31', 'Protohistoire, Antiquité, Moyen Âge', 'Archéologie des conflits, Cultes et pratiques funéraires, Habitats, architecture, édifices, Peuplement, occupation espace', 'fouille', NULL, NULL),
(118, 2.51219, 48.6326, 'Ile-de-France', 'Seine-et-Marne', 'Tigery', 'ZAC des Fossés Neufs', '2003-01-01', '2003-12-31', 'Protohistoire, Antiquité, Moyen Âge', 'Cultes et pratiques funéraires, Échange et transport, Habitats, architecture, édifices', 'fouille', NULL, NULL),
(119, 4.02795, 49.2521, 'Champagne-Ardenne', 'Marne', 'Reims', '15  rue Clovis', '2003-10-01', '2003-12-31', 'Protohistoire, Antiquité, Moyen Âge, Moderne, Contemporain', 'Habitats, architecture, édifices', 'fouille', NULL, NULL),
(120, -0.570543, 44.8418, 'Aquitaine', 'Gironde', 'Bordeaux', '12 place de la Bourse', '2002-01-01', '2003-12-31', 'Moyen Âge', 'Agriculture, élevage, Échange et transport', 'fouille', NULL, NULL),
(121, 2.13218, 49.1006, 'Ile-de-France', 'Val-d\'Oise', 'Hérouville', 'Église Saint-Clair', '2003-03-01', '2004-01-01', 'Protohistoire, Antiquité, Moyen Âge, Moderne, Contemporain', NULL, 'fouille', NULL, NULL),
(122, 2.30589, 49.8927, 'Picardie', 'Somme', 'Amiens', '38-42  rue Lamartine', '2003-09-01', '2004-01-01', 'Antiquité, Moyen Âge', NULL, 'fouille', NULL, NULL),
(123, 2.5755, 48.6055, 'Ile-de-France', 'Seine-et-Marne', 'Savigny-le-Temple', 'ZAC de la Grange du Bois, lot A1', '2003-12-01', '2004-01-31', 'Protohistoire', 'Habitats, architecture, édifices', 'fouille', NULL, NULL),
(124, 4.88949, 44.9305, 'Rhône-Alpes', 'Drôme', 'Valence', 'Place des Ormeaux', '2003-09-01', '2004-02-15', 'Antiquité, Moyen Âge', 'Cultes et pratiques funéraires, Habitats, architecture, édifices', 'fouille', NULL, NULL),
(125, 3.4413, 43.6194, 'Languedoc-Roussillon', 'Hérault', 'Aigues-Vives', 'La Madeleine', '2003-11-24', '2004-02-27', 'Antiquité, Moyen Âge', NULL, 'fouille', NULL, NULL),
(126, 2.33888, 48.8493, 'Ile-de-France', 'Paris', 'Paris', '1 place Paul Claudel, théâtre national de l\'Odéon', '2003-06-16', '2004-03-05', 'Antiquité, Moderne, Contemporain', NULL, 'fouille', NULL, NULL),
(127, 5.36995, 43.3033, 'Provences-Alpes-Côte-d\'Azur', 'Bouches-du-Rhône', 'Marseille', '1bis, rue Malaval', '2003-08-15', '2004-03-15', 'Antiquité, Moyen Âge, Moderne, Contemporain', NULL, 'fouille', NULL, NULL),
(128, 5.95133, 44.1362, 'Provences-Alpes-Côte-d\'Azur', 'Alpes de Haute-Provence', 'Peipin', 'Les Granges', '2003-11-01', '2004-03-17', 'Protohistoire', NULL, 'fouille', NULL, NULL),
(129, 1.42402, 48.3549, 'Centre', 'Eure-et-Loir', 'Mignières', 'Le Petit Cocurtin', '2004-01-05', '2004-03-19', 'Protohistoire, Antiquité', NULL, 'fouille', NULL, NULL),
(130, 1.30322, 47.2925, 'Centre', 'Loir-et-Cher', 'Mareuil-sur-Cher', 'La Jahonnière', '2004-02-04', '2004-03-22', 'Néolithique, Protohistoire, Moyen Âge, Moderne, Contemporain', 'Habitats, architecture, édifices', 'fouille', NULL, NULL),
(131, 3.93451, 43.5821, 'Languedoc-Roussillon', 'Hérault', 'Pérols', 'ZAC du Parc de l\'Aéroport', '2004-01-06', '2004-03-24', 'Protohistoire, Antiquité', NULL, 'fouille', NULL, NULL),
(132, -2.55228, 48.5972, 'Bretagne', 'Côtes-d\'Armor', 'Pléneuf-Val-André', 'Piégu  1', '2003-10-06', '2004-03-30', 'Néolithique', NULL, 'fouille', NULL, NULL),
(133, 3.20646, 50.1221, 'Nord-Pas-de-Calais', 'Nord', 'Masnières', 'Les Hauts de Masnières', '2003-03-10', '2004-04-02', 'Protohistoire, Antiquité', NULL, 'fouille', NULL, NULL),
(134, -0.907705, 47.9374, 'Pays de la Loire', 'Mayenne', 'Cossé-le-Vivien', 'Guinefolle (2)', '2004-03-01', '2004-04-30', 'Protohistoire, Antiquité, Moyen Âge, Autres périodes', NULL, 'fouille', NULL, NULL),
(135, 1.13981, 49.42, 'Haute-Normandie', 'Seine-Maritime', 'Le Mesnil-Esnard', 'Rue des Hautes Haies', '2004-04-01', '2004-04-30', 'Néolithique', NULL, 'fouille', NULL, NULL),
(136, 1.15866, 49.0472, 'Haute-Normandie', 'Eure', 'Gravigny', 'Les Coudrettes', '2004-04-15', '2004-04-30', 'Protohistoire', NULL, 'fouille', NULL, NULL),
(137, -2.55241, 48.5971, 'Bretagne', 'Côtes-d\'Armor', 'Pléneuf-Val-André', 'Piégu 2', '2004-04-19', '2004-05-07', 'Néolithique', NULL, 'fouille', NULL, NULL),
(138, 3.157, 50.6043, 'Nord-Pas-de-Calais', 'Nord', 'Villeneuve-d\'Ascq', 'La Haute Borne, lot C ouest', '2004-04-05', '2004-05-19', 'Protohistoire, Antiquité', NULL, 'fouille', NULL, NULL),
(139, -1.48605, 48.1087, 'Bretagne', 'Ille-et-Vilaine', 'Brécé', 'Le Bourg', '2004-05-11', '2004-05-27', 'Antiquité', NULL, 'fouille', NULL, NULL),
(140, 2.41159, 47.0808, 'Centre', 'Cher', 'Bourges', '35, rue de Sarrebourg', '2004-03-01', '2004-05-31', 'Protohistoire, Antiquité, Moyen Âge, Moderne, Contemporain', NULL, 'fouille', NULL, NULL),
(141, 4.01675, 43.5857, 'Languedoc-Roussillon', 'Hérault', 'Mauguio', 'La Font de Mauguio, Les Aires de Saint-Jacques', '2004-05-10', '2004-06-11', 'Néolithique, Antiquité, Moyen Âge, Moderne, Contemporain', NULL, 'fouille', NULL, NULL),
(142, 7.10874, 48.1713, 'Alsace', 'Haut-Rhin', 'Le Bonhomme', 'Le Cerisier', '2004-06-16', '2004-06-24', 'Moyen Âge, Moderne, Contemporain', NULL, 'fouille', NULL, NULL),
(143, 4.80401, 45.7715, 'Rhône-Alpes', 'Rhône', 'Sainte-Foy-lès-Lyon', 'Angle rues Sergent M. Berthet/Saint-Pierre-de-Vaise', '2004-03-29', '2004-06-25', 'Néolithique, Protohistoire, Antiquité', NULL, 'fouille', NULL, NULL),
(144, 0.917765, 49.1511, 'Haute-Normandie', 'Eure', 'Crosville-la-Vieille', 'Le Bout du Val', '2004-06-02', '2004-06-25', 'Protohistoire', NULL, 'fouille', NULL, NULL),
(145, 3.15533, 46.9859, 'Bourgogne', 'Nièvre', 'Nevers', '12, rue Saint-Genest', '2003-10-01', '2004-06-30', 'Néolithique, Antiquité, Moyen Âge, Moderne, Contemporain', NULL, 'fouille', NULL, NULL),
(146, -2.1133, 47.1312, 'Pays de la Loire', 'Loire-Atlantique', 'Pornic', 'La Tocnaye', '2004-04-01', '2004-06-30', 'Moyen Âge, Moderne, Contemporain', NULL, 'fouille', NULL, NULL),
(147, 2.58295, 48.6357, 'Ile-de-France', 'Seine-et-Marne', 'Moissy-Cramayel', 'Parc d\'activités de Chanteloup', '2004-04-26', '2004-06-30', 'Néolithique, Protohistoire, Antiquité', 'Habitats, architecture, édifices', 'fouille', NULL, NULL),
(148, 2.93155, 48.3635, 'Ile-de-France', 'Seine-et-Marne', 'Varennes-sur-Seine', 'Le Marais du Colombier', '2004-05-04', '2004-06-30', 'Néolithique, Protohistoire, Antiquité, Moderne, Contemporain', NULL, 'fouille', NULL, NULL),
(149, 4.04151, 49.2467, 'Champagne-Ardenne', 'Marne', 'Reims', '115  rue du Barbâtre', '2004-06-01', '2004-06-30', 'Antiquité, Moyen Âge, Moderne, Contemporain', 'Cultes et pratiques funéraires, Échange et transport, Habitats, architecture, édifices', 'fouille', NULL, NULL),
(150, 3.31987, 49.3757, 'Picardie', 'Aisne', 'Soissons', 'Caserne Gouraud (2)', '2004-06-02', '2004-07-15', 'Antiquité', NULL, 'fouille', NULL, NULL),
(151, 4.82763, 45.7606, 'Rhône-Alpes', 'Rhône', 'Sainte-Foy-lès-Lyon', 'Cathédrale Saint-Jean', '2004-02-01', '2004-07-30', 'Moyen Âge', NULL, 'fouille', NULL, NULL),
(152, 0.968022, 47.2925, 'Centre', 'Indre-et-Loire', 'Bléré', 'Le Chemin d\'Espagne', '2004-07-19', '2004-08-13', 'Antiquité, Moyen Âge, Moderne, Contemporain', 'Échange et transport', 'fouille', NULL, NULL),
(153, 7.52471, 47.5693, 'Alsace', 'Haut-Rhin', 'Hégenheim', 'Rue de Hésingue', '2004-07-19', '2004-08-13', 'Moyen Âge', NULL, 'fouille', NULL, NULL),
(154, 1.33152, 47.2998, 'Centre', 'Loir-et-Cher', 'Thésée', 'La Pichonnerie', '2004-07-25', '2004-09-10', 'Néolithique, Protohistoire, Antiquité, Moyen Âge', 'Habitats, architecture, édifices', 'fouille', NULL, NULL),
(155, 3.04956, 43.3668, 'Languedoc-Roussillon', 'Hérault', 'Puisserguier', 'Nécropole de La Rouquette', '2003-07-20', '2004-09-15', 'Protohistoire', 'Cultes et pratiques funéraires', 'fouille', NULL, NULL),
(156, 4.02508, 49.2562, 'Champagne-Ardenne', 'Marne', 'Reims', '9-11, boulevard du Général Leclerc', '2004-05-27', '2004-09-16', 'Antiquité, Moderne, Contemporain', 'Échange et transport, Habitats, architecture, édifices', 'fouille', NULL, NULL),
(157, 7.42873, 48.3221, 'Alsace', 'Bas-Rhin', 'Dambach-la-Ville', 'Plateforme départementale d\'activités de Dambach-la-Ville', '2004-05-24', '2004-09-30', 'Antiquité', 'Industrie, artisanat', 'fouille', NULL, NULL),
(158, 7.46488, 48.3196, 'Alsace', 'Bas-Rhin', 'Dambach-la-Ville', 'Wilmstein', '2004-05-24', '2004-09-30', 'Antiquité', NULL, 'fouille', NULL, NULL),
(159, 3.15402, 50.6017, 'Nord-Pas-de-Calais', 'Nord', 'Villeneuve-d\'Ascq', 'La Haute Borne, lot B', '2004-08-23', '2004-09-30', 'Protohistoire, Antiquité', NULL, 'fouille', NULL, NULL),
(160, 4.02417, 49.2624, 'Champagne-Ardenne', 'Marne', 'Reims', '17-19  rue Mont d\'Arène et 6-8  rue Maucroix', '2004-02-23', '2004-10-01', 'Protohistoire, Antiquité', 'Cultes et pratiques funéraires, Échange et transport, Habitats, architecture, édifices', 'fouille', NULL, NULL),
(161, 4.17418, 48.3127, 'Champagne-Ardenne', 'Aube', 'Bouranton', 'La Louvière', '2004-08-09', '2004-10-03', 'Protohistoire, Antiquité, Moyen Âge, Moderne, Contemporain', NULL, 'fouille', NULL, NULL),
(162, 3.02382, 48.3797, 'Ile-de-France', 'Seine-et-Marne', 'Marolles-sur-Seine', 'La Croix Saint-Jacques (2)', '2004-08-09', '2004-10-08', 'Protohistoire', NULL, 'fouille', NULL, NULL),
(163, 0.92423, 47.2985, 'Centre', 'Indre-et-Loire', 'Athée-sur-Cher', 'Pièce de la Colasserie', '2004-08-30', '2004-10-08', 'Protohistoire, Antiquité', 'Habitats, architecture, édifices', 'fouille', NULL, NULL),
(164, 2.32246, 48.8583, 'Ile-de-France', 'Paris', 'Paris', '60 quai des Tuileries - Musée de l\'Orangerie', '2003-09-29', '2004-10-18', 'Moderne, Contemporain', NULL, 'fouille', NULL, NULL),
(165, 6.02803, 47.2396, 'Franche-Comté', 'Doubs', 'Besançon', 'Collège Lumière (1)', '2003-11-01', '2004-10-29', 'Antiquité', NULL, 'fouille', NULL, NULL),
(166, 6.02817, 47.2396, 'Franche-Comté', 'Doubs', 'Besançon', 'Collège Lumière (3)', '2003-11-01', '2004-10-29', 'Protohistoire, Antiquité', 'Arts, biens de prestige, Habitats, architecture, édifices', 'fouille', NULL, NULL),
(167, 6.02804, 47.2397, 'Franche-Comté', 'Doubs', 'Besançon', 'Collège Lumière', '2003-11-01', '2004-10-29', 'Protohistoire, Antiquité, Moyen Âge, Moderne, Contemporain', 'Habitats, architecture, édifices, Industrie, artisanat', 'fouille', NULL, NULL),
(168, 1.75816, 45.3332, 'Limousin', 'Corrèze', 'Naves', 'Les Arènes de Tintignac  - fouille 2004', '2004-09-01', '2004-10-29', 'Protohistoire, Antiquité', NULL, 'fouille', NULL, NULL),
(169, 2.21171, 43.6228, 'Midi-Pyrénées', 'Tarn', 'Castres', 'Empy Neuf', '2004-10-11', '2004-10-29', 'Protohistoire, Antiquité, Moderne, Contemporain', NULL, 'fouille', NULL, NULL),
(170, 7.63719, 48.4001, 'Alsace', 'Bas-Rhin', 'Osthouse', 'Lotissement Zorn de Bulach', '2004-09-13', '2004-11-22', 'Protohistoire, Antiquité, Moyen Âge, Moderne, Contemporain', NULL, 'fouille', NULL, NULL),
(171, 5.37819, 43.302, 'Provences-Alpes-Côte-d\'Azur', 'Bouches-du-Rhône', 'Marseille', 'Rue Longue-des-Capucins', '2004-09-30', '2004-11-22', 'Paléolithique, Mésolithique, Antiquité', 'Habitats, architecture, édifices, Industrie, artisanat', 'fouille', NULL, NULL),
(172, 2.72335, 47.2878, 'Centre', 'Cher', 'Neuvy-Deux-Clochers', 'Tour de Vesvre 2', '2003-09-01', '2004-11-30', 'Moyen Âge', NULL, 'fouille', NULL, NULL),
(173, 4.05576, 49.2483, 'Champagne-Ardenne', 'Marne', 'Reims', 'Place du 11 Novembre', '2004-11-01', '2004-11-30', 'Antiquité', 'Cultes et pratiques funéraires', 'fouille', NULL, NULL),
(174, 3.00535, 48.9663, 'Ile-de-France', 'Seine-et-Marne', 'Changis-sur-Marne', '5000 ans de vie rurale à Changis-sur-Marne', '1995-07-24', '2004-12-04', 'Néolithique, Protohistoire', NULL, 'fouille', NULL, NULL),
(175, 3.01295, 48.9615, 'Ile-de-France', 'Seine-et-Marne', 'Changis-sur-Marne', 'La Pelle à four', '2004-05-15', '2004-12-07', 'Protohistoire', NULL, 'fouille', NULL, NULL),
(176, 3.01495, 48.9605, 'Ile-de-France', 'Seine-et-Marne', 'Changis-sur-Marne', 'La Pelle à four sud', '2004-09-01', '2004-12-07', 'Protohistoire', NULL, 'fouille', NULL, NULL),
(177, -0.629312, 48.2629, 'Pays de la Loire', 'Mayenne', 'Moulay', 'La Garde', '2004-11-02', '2004-12-09', 'Protohistoire, Antiquité', NULL, 'fouille', NULL, NULL),
(178, -1.13563, 46.1384, 'Poitou-Charentes', 'Charente-Maritime', 'Aytré', 'ZAC Bongraine', '2004-09-13', '2004-12-17', 'Antiquité', NULL, 'fouille', NULL, NULL),
(179, -1.64496, 48.188, 'Bretagne', 'Ille-et-Vilaine', 'Betton', 'La Touche Nicoul', '2004-11-29', '2004-12-17', NULL, NULL, 'fouille', NULL, NULL),
(180, -1.67807, 48.1145, 'Bretagne', 'Ille-et-Vilaine', 'Rennes', 'La visitation, un quartier de la ville antique de Rennes', '2004-07-17', '2004-12-20', 'Antiquité', NULL, 'fouille', NULL, NULL),
(181, 2.9314, 50.5664, 'Nord-Pas-de-Calais', 'Nord', 'Wavrin', 'Le Château du Bourg', '2004-09-13', '2004-12-20', 'Protohistoire, Antiquité, Moyen Âge', NULL, 'fouille', NULL, NULL),
(182, 2.39476, 49.0066, 'Ile-de-France', 'Val-d\'Oise', 'Villiers-le-Bel', '69, rue Gambetta', '2004-10-21', '2004-12-24', 'Protohistoire, Moyen Âge', NULL, 'fouille', NULL, NULL),
(183, 2.51298, 48.6458, 'Ile-de-France', 'Essonne', 'Tigery', 'ZAC de la Pépinière', '2004-11-08', '2004-12-24', 'Moyen Âge, Moderne, Contemporain', NULL, 'fouille', NULL, NULL),
(184, 1.89632, 47.9021, 'Centre', 'Loiret', 'Orléans', '8-10 rue Porte Madeleine', '2004-11-22', '2004-12-24', 'Protohistoire, Antiquité, Moderne, Contemporain', 'Cultes et pratiques funéraires, Habitats, architecture, édifices, Industrie, artisanat, Peuplement, occupation espace', 'fouille', NULL, NULL),
(185, 1.89646, 47.9021, 'Centre', 'Loiret', 'Orléans', '8-10, rue Porte-Madeleine', '2004-11-22', '2004-12-28', 'Protohistoire, Antiquité, Moyen Âge, Moderne, Contemporain', NULL, 'fouille', NULL, NULL),
(186, 6.22398, 49.0747, 'Lorraine', 'Moselle', 'Peltre', 'Les Rouaux', '2004-07-28', '2004-12-31', 'Antiquité', NULL, 'fouille', NULL, NULL),
(187, 0.928212, 47.2975, 'Centre', 'Indre-et-Loire', 'Athée-sur-Cher', 'Bussière', '2004-11-29', '2004-12-31', 'Antiquité, Moyen Âge', 'Habitats, architecture, édifices', 'fouille', NULL, NULL),
(188, 2.54287, 48.6145, 'Ile-de-France', 'Seine-et-Marne', 'Lieusaint', 'ZAC du Carré Sénart, bureaux, parkings', '2004-12-01', '2004-12-31', 'Néolithique, Protohistoire, Antiquité', 'Cultes et pratiques funéraires, Habitats, architecture, édifices', 'fouille', NULL, NULL),
(189, -3.57649, 48.2742, 'Bretagne', 'Finistère', 'Carhaix-Plouguer', 'Réserve Archéologique', '2000-01-01', '2005-01-01', 'Antiquité, Moyen Âge, Moderne, Contemporain', NULL, 'fouille', NULL, NULL),
(190, 5.44383, 43.5261, 'Provences-Alpes-Côte-d\'Azur', 'Bouches-du-Rhône', 'Aix-en-Provence', 'ZAC Sextius-Mirabeau îlot A', '2004-05-02', '2005-01-01', 'Néolithique', NULL, 'fouille', NULL, NULL),
(191, 3.5, 43.65, 'Languedoc-Roussillon', 'Hérault', 'Saint-André-de-Sangonis', 'Le Lagarel', '2004-09-10', '2005-01-15', 'Néolithique, Antiquité, Moyen Âge, Moderne, Contemporain', NULL, 'fouille', NULL, NULL),
(192, 0.853316, 47.304, 'Centre', 'Indre-et-Loire', 'Athée-sur-Cher', 'Le Brandon', '2005-01-01', '2005-02-01', 'Protohistoire, Antiquité, Moderne, Contemporain', 'Habitats, architecture, édifices', 'fouille', NULL, NULL),
(193, 1.77567, 49.3475, 'Picardie', 'Oise', 'Sérifontaine', 'La Vigne', '2005-01-31', '2005-02-04', 'Néolithique, Protohistoire', NULL, 'fouille', NULL, NULL),
(194, 5.3681, 43.2924, 'Provences-Alpes-Côte-d\'Azur', 'Bouches-du-Rhône', 'Marseille', '23 quai de Rive Neuve', '2004-12-15', '2005-02-14', 'Antiquité, Moderne, Contemporain', 'Cultes et pratiques funéraires, Habitats, architecture, édifices, Industrie, artisanat, Peuplement, occupation espace', 'fouille', NULL, NULL),
(195, 0.863099, 47.304, 'Centre', 'Indre-et-Loire', 'Athée-sur-Cher', 'La Tour du Brandon', '2005-02-01', '2005-03-01', 'Protohistoire, Antiquité, Moderne, Contemporain', 'Habitats, architecture, édifices', 'fouille', NULL, NULL),
(196, 0.944161, 47.2944, 'Centre', 'Indre-et-Loire', 'Bléré', 'Les Fossés Blancs', '2005-01-12', '2005-03-07', 'Protohistoire, Moyen Âge, Moderne, Contemporain', 'Habitats, architecture, édifices', 'fouille', NULL, NULL),
(197, 0.337174, 46.5825, 'Poitou-Charentes', 'Vienne', 'Poitiers', '15  rue Arthur-Ranc', '2005-02-14', '2005-03-11', 'Antiquité', NULL, 'fouille', NULL, NULL),
(198, 4.07169, 46.0399, 'Rhône-Alpes', 'Loire', 'Roanne', 'Centre ancien, place du Maréchal de Lattre de Tassigny', '2004-09-06', '2005-03-18', 'Antiquité, Moyen Âge, Moderne, Contemporain', NULL, 'fouille', NULL, NULL),
(199, 0.855967, 47.3039, 'Centre', 'Indre-et-Loire', 'Athée-sur-Cher', 'L\'Érable', '2005-02-07', '2005-03-25', 'Protohistoire, Antiquité', 'Habitats, architecture, édifices', 'fouille', NULL, NULL),
(200, -1.85944, 48.565, 'Bretagne', 'Ille-et-Vilaine', 'Lillemer', 'Les Hauts', '2005-02-24', '2005-03-25', 'Néolithique', NULL, 'fouille', NULL, NULL),
(201, 1.31836, 47.2965, 'Centre', 'Loir-et-Cher', 'Mareuil-sur-Cher', 'Bagneux', '2005-03-01', '2005-03-30', 'Néolithique', 'Peuplement, occupation espace', 'fouille', NULL, NULL),
(202, 1.32164, 47.2979, 'Centre', 'Loir-et-Cher', 'Mareuil-sur-Cher', 'La Croix de Bagneux', '2004-09-13', '2005-03-31', 'Néolithique', 'Habitats, architecture, édifices, Industrie, artisanat', 'fouille', NULL, NULL),
(203, 5.36499, 43.2963, 'Provences-Alpes-Côte-d\'Azur', 'Bouches-du-Rhône', 'Marseille', 'Collège du Vieux-Port', '2005-01-03', '2005-04-08', 'Antiquité', 'Habitats, architecture, édifices', 'fouille', NULL, NULL),
(204, 5.36978, 43.2982, 'Provences-Alpes-Côte-d\'Azur', 'Bouches-du-Rhône', 'Marseille', 'Hôtel-Dieu (place Daviel et rue des Belles-écuelles)', '2005-01-03', '2005-04-08', 'Paléolithique, Mésolithique, Antiquité, Moyen Âge, Moderne, Contemporain', 'Cultes et pratiques funéraires, Échange et transport, Habitats, architecture, édifices', 'fouille', NULL, NULL),
(205, 5.36499, 43.2963, 'Provences-Alpes-Côte-d\'Azur', 'Bouches-du-Rhône', 'Marseille', 'Collège Vieux-Port', '2005-03-01', '2005-04-08', 'Antiquité, Moyen Âge, Moderne, Contemporain', 'Échange et transport, Habitats, architecture, édifices, Industrie, artisanat', 'fouille', NULL, NULL),
(206, 0.905544, 47.3047, 'Centre', 'Indre-et-Loire', 'Athée-sur-Cher', 'Touche Morin', '2005-01-20', '2005-04-13', 'Néolithique, Protohistoire, Antiquité', 'Habitats, architecture, édifices', 'fouille', NULL, NULL),
(207, -0.589425, 48.3025, 'Pays de la Loire', 'Mayenne', 'Aron', 'Le Panveau, La Davière', '2005-03-07', '2005-04-15', 'Protohistoire', NULL, 'fouille', NULL, NULL),
(208, 0.994609, 47.2869, 'Centre', 'Indre-et-Loire', 'Bléré', 'Les Pentes du Vaugerin', '2005-03-14', '2005-04-15', 'Protohistoire, Antiquité', 'Habitats, architecture, édifices', 'fouille', NULL, NULL),
(209, 1.16765, 47.2942, 'Centre', 'Loir-et-Cher', 'Faverolles-sur-Cher', 'La Chapelle de Senelles', '2005-03-14', '2005-04-15', 'Antiquité, Moyen Âge', 'Habitats, architecture, édifices, Industrie, artisanat', 'fouille', NULL, NULL),
(210, 1.15277, 45.8375, 'Limousin', 'Haute-Vienne', 'Verneuil-sur-Vienne', 'La Rivaille', '2005-03-29', '2005-04-15', 'Protohistoire', NULL, 'fouille', NULL, NULL),
(211, 5.04521, 44.0514, 'Provences-Alpes-Côte-d\'Azur', 'Vaucluse', 'Carpentras', 'Boulevard Clemenceau', '2005-02-28', '2005-04-22', 'Antiquité', NULL, 'fouille', NULL, NULL),
(212, 1.49406, 48.4476, 'Centre', 'Eure-et-Loir', 'Chartres', '11-13, rue des Fileurs', '2004-12-06', '2005-04-29', 'Antiquité, Moyen Âge', NULL, 'fouille', NULL, NULL),
(213, 0.888149, 47.3007, 'Centre', 'Indre-et-Loire', 'Athée-sur-Cher', 'Chomedormeau', '2005-01-17', '2005-04-29', 'Néolithique, Protohistoire, Antiquité, Moyen Âge', 'Cultes et pratiques funéraires, Habitats, architecture, édifices', 'fouille', NULL, NULL),
(214, 1.22572, 47.2997, 'Centre', 'Loir-et-Cher', 'Angé', 'Le Bois de la Faix', '2005-02-17', '2005-04-30', 'Protohistoire', 'Habitats, architecture, édifices, Industrie, artisanat', 'fouille', NULL, NULL),
(215, 2.69665, 49.9703, 'Picardie', 'Somme', 'Méaulte', 'Plateforme aéro-industrielle de Haute-Picardie', '2005-04-11', '2005-04-30', 'Néolithique, Protohistoire, Antiquité, Moyen Âge', NULL, 'fouille', NULL, NULL),
(216, 0.833468, 47.3041, 'Centre', 'Indre-et-Loire', 'Truyes', 'Les Grandes Maisons', '2005-04-21', '2005-05-13', 'Moyen Âge', 'Cultes et pratiques funéraires, Habitats, architecture, édifices', 'fouille', NULL, NULL),
(217, 6.02292, 47.24, 'Franche-Comté', 'Doubs', 'Besançon', 'Place de la Révolution', '2005-03-21', '2005-05-17', 'Antiquité, Moyen Âge, Moderne, Contemporain', 'Habitats, architecture, édifices, Industrie, artisanat', 'fouille', NULL, NULL),
(218, 1.13989, 47.2939, 'Centre', 'Loir-et-Cher', 'Épeigné-les-Bois', 'Le Marchais Rond - Les Allets', '2005-03-21', '2005-05-27', 'Néolithique, Protohistoire, Antiquité, Moyen Âge', 'Habitats, architecture, édifices', 'fouille', NULL, NULL),
(219, 5.36505, 43.2905, 'Provences-Alpes-Côte-d\'Azur', 'Bouches-du-Rhône', 'Marseille', '165 rue Sainte, 5&8209;7  rue du Commandant-Lamy', '2005-05-09', '2005-05-27', 'Antiquité, Moderne, Contemporain', NULL, 'fouille', NULL, NULL),
(220, 1.29975, 47.2924, 'Centre', 'Loir-et-Cher', 'Mareuil-sur-Cher', 'Le Casseux', '2005-04-04', '2005-06-03', 'Néolithique', 'Habitats, architecture, édifices, Industrie, artisanat', 'fouille', NULL, NULL),
(221, 5.47832, 43.4462, 'Provences-Alpes-Côte-d\'Azur', 'Bouches-du-Rhône', 'Gardanne', 'Font-de-Garach', '2005-05-17', '2005-06-09', 'Antiquité, Autres périodes', NULL, 'fouille', NULL, NULL),
(222, 8.73761, 41.9293, 'Corse', 'Corse-du-Sud', 'Ajaccio', 'Espace Alban', '2005-03-14', '2005-06-10', 'Antiquité, Moyen Âge', 'Cultes et pratiques funéraires, Habitats, architecture, édifices', 'fouille', NULL, NULL),
(223, 2.72756, 50.266, 'Nord-Pas-de-Calais', 'Pas-de-Calais', 'Dainville', 'Gérico', '2005-02-21', '2005-06-17', 'Protohistoire, Antiquité, Moderne, Contemporain', NULL, 'fouille', NULL, NULL),
(224, 6.10304, 49.1822, 'Lorraine', 'Moselle', 'Norroy-le-Veneur', 'ZAC du Centre Relais', '2005-02-21', '2005-06-20', 'Moyen Âge', NULL, 'fouille', NULL, NULL),
(225, 4.80336, 44.1519, 'Provences-Alpes-Côte-d\'Azur', 'Vaucluse', 'Orange', 'La Croix-Rouge', '2005-06-01', '2005-06-24', 'Antiquité', NULL, 'fouille', NULL, NULL),
(226, -2.53829, 47.3732, 'Pays de la Loire', 'Loire-Atlantique', 'Piriac-sur-Mer', 'Z.A. du Pladreau - La villa du Pladreau à Piriac-sur-Mer', '2005-04-01', '2005-06-30', 'Protohistoire, Antiquité, Moyen Âge', NULL, 'fouille', NULL, NULL),
(227, 1.25232, 47.295, 'Centre', 'Loir-et-Cher', 'Angé', 'Preuilland-Le Petit Jardin', '2005-02-01', '2005-07-01', 'Néolithique', 'Habitats, architecture, édifices, Industrie, artisanat', 'fouille', NULL, NULL),
(228, 2.42753, 48.8178, 'Ile-de-France', 'Val-de-Marne', 'Saint-Maurice', 'Les Serres de l\'hôpital Esquirol', '2005-05-10', '2005-07-11', 'Moderne, Contemporain', NULL, 'fouille', NULL, NULL),
(229, 7.38498, 48.0084, 'Alsace', 'Haut-Rhin', 'Sainte-Croix-en-Plaine', 'Ancien échangeur, gendarmerie', '2005-05-13', '2005-07-17', 'Protohistoire', NULL, 'fouille', NULL, NULL),
(230, 4.59606, 44.5355, 'Rhône-Alpes', 'Ardèche', 'Alba-la-Romaine', 'Le Clos', '2005-07-20', '2005-07-29', 'Antiquité', NULL, 'fouille', NULL, NULL),
(231, 1.48673, 45.04, 'Limousin', 'Corrèze', 'Nespouls', 'La Bille, El Barjou, Le Lacaud', '2005-06-06', '2005-08-05', 'Antiquité', NULL, 'fouille', NULL, NULL),
(232, 4.03, 49.2654, 'Champagne-Ardenne', 'Marne', 'Reims', '12  rue Duquenelle', '2005-07-18', '2005-08-09', 'Antiquité', 'Cultes et pratiques funéraires, Échange et transport', 'fouille', NULL, NULL),
(233, 3.38499, 45.2938, 'Auvergne', 'Haute-Loire', 'Brioude', 'Place Grégoire-de-Tours', '2005-10-15', '2005-08-15', 'Moyen Âge, Moderne, Contemporain', NULL, 'fouille', NULL, NULL),
(234, 0.97865, 47.2897, 'Centre', 'Indre-et-Loire', 'Sublaines', 'Le Grand Ormeau', '2005-02-28', '2005-08-27', 'Néolithique, Protohistoire, Antiquité', 'Cultes et pratiques funéraires, Habitats, architecture, édifices', 'fouille', NULL, NULL),
(235, 5.42304, 43.5256, 'Provences-Alpes-Côte-d\'Azur', 'Bouches-du-Rhône', 'Aix-en-Provence', 'ZAC de Ravanas', '2005-07-05', '2005-09-02', 'Protohistoire, Antiquité', NULL, 'fouille', NULL, NULL),
(236, 0.787639, 47.3106, 'Centre', 'Indre-et-Loire', 'Esvres', 'Les Billettes', '2005-05-17', '2005-09-15', 'Protohistoire, Antiquité', 'Habitats, architecture, édifices', 'fouille', NULL, NULL),
(237, 5.37896, 43.302, 'Provences-Alpes-Côte-d\'Azur', 'Bouches-du-Rhône', 'Marseille', '53-63 rue Bernard-du-Bois', '2005-06-19', '2005-09-19', 'Paléolithique, Mésolithique, Antiquité, Moderne, Contemporain', 'Habitats, architecture, édifices, Industrie, artisanat', 'fouille', NULL, NULL),
(238, 4.36083, 43.838, 'Languedoc-Roussillon', 'Gard', 'Nîmes', 'Place du Chapitre et ses abords', '2005-07-04', '2005-09-27', 'Antiquité, Moyen Âge, Moderne, Contemporain', NULL, 'fouille', NULL, NULL),
(239, -0.722393, 47.9998, 'Pays de la Loire', 'Mayenne', 'Entrammes', 'La Carie', '2005-07-18', '2005-11-10', 'Protohistoire, Antiquité, Moyen Âge', NULL, 'fouille', NULL, NULL),
(240, 3.75658, 47.8892, 'Bourgogne', 'Yonne', 'Ligny-le-Châtel', 'La Coupe au Meunier, Le Ru Carbone', '2005-03-01', '2005-11-30', 'Protohistoire, Antiquité, Moyen Âge', 'Cultes et pratiques funéraires, Habitats, architecture, édifices', 'fouille', NULL, NULL),
(241, 2.72334, 47.2879, 'Centre', 'Cher', 'Neuvy-Deux-Clochers', 'Tour de Vesvre 3', '2005-05-01', '2005-11-30', 'Moyen Âge', NULL, 'fouille', NULL, NULL),
(242, 2.60546, 48.5701, 'Ile-de-France', 'Seine-et-Marne', 'Cesson', 'Plaine du Moulin à Vent, zone sud', '2005-11-15', '2005-12-01', 'Protohistoire, Antiquité', NULL, 'fouille', NULL, NULL),
(243, 4.83182, 46.3088, 'Bourgogne', 'Côte-d\'Or', 'Mâcon', 'Angle rue Tilladet et Epinoches', '2005-09-26', '2005-12-06', 'Antiquité', NULL, 'fouille', NULL, NULL),
(244, 5.36982, 43.3016, 'Provences-Alpes-Côte-d\'Azur', 'Bouches-du-Rhône', 'Marseille', 'Parking République', '2005-05-11', '2005-12-23', 'Antiquité, Moyen Âge, Moderne, Contemporain', 'Habitats, architecture, édifices', 'fouille', NULL, NULL),
(245, 5.36982, 43.3016, 'Provences-Alpes-Côte-d\'Azur', 'Bouches-du-Rhône', 'Marseille', 'Parking République', '2005-05-11', '2005-12-23', 'Antiquité, Moyen Âge', 'Habitats, architecture, édifices, Industrie, artisanat, Peuplement, occupation espace', 'fouille', NULL, NULL),
(246, 1.90527, 47.8984, 'Centre', 'Loiret', 'Orléans', 'La Loire', '1971-01-01', '2005-12-31', 'Antiquité, Moyen Âge, Moderne, Contemporain', 'Archéologie des conflits, Cultes et pratiques, funéraires, Habitats, architecture, édifices, Industrie, artisanat, Vie quotidienne, usages', 'fouille', NULL, NULL),
(247, 0.687311, 47.3979, 'Centre', 'Indre-et-Loire', 'Tours', 'Pont 1, dit «de l\'île Saint-Jacques»', '2000-01-01', '2005-12-31', 'Antiquité', 'Peuplement, occupation espace', 'fouille', NULL, NULL),
(248, 4.03162, 49.2568, 'Champagne-Ardenne', 'Marne', 'Reims', '5 et 7, rue de Pouilly', '2005-09-12', '2006-02-15', 'Protohistoire, Antiquité, Moyen Âge, Moderne, Contemporain', 'Échange et transport, Habitats, architecture, édifices', 'fouille', NULL, NULL),
(249, 3.28885, 49.842, 'Picardie', 'Aisne', 'Saint-Quentin', 'Angle des rues Voltaire et des Faucons', '2005-02-01', '2006-02-28', 'Moyen Âge', 'Arts, biens de prestige', 'fouille', NULL, NULL),
(250, 6.16993, 49.1158, 'Lorraine', 'Moselle', 'Metz', 'Esplanade', '2006-01-16', '2006-03-01', NULL, NULL, 'fouille', NULL, NULL),
(251, -2.05538, 48.4703, 'Bretagne', 'Côtes-d\'Armor', 'Taden', 'Les Alleux', '2005-10-07', '2006-03-03', 'Antiquité', NULL, 'fouille', NULL, NULL),
(252, -1.85598, 47.7204, 'Bretagne', 'Ille-et-Vilaine', 'Langon', 'La Lande du Moulin', '2006-01-09', '2006-03-09', 'Néolithique', NULL, 'fouille', NULL, NULL);
INSERT INTO `map` (`id`, `longitude`, `latitude`, `region`, `departement`, `commune`, `nom`, `debut`, `fin`, `periodes`, `themes`, `type`, `createdAt`, `updatedAt`) VALUES
(253, -1.62861, 47.2306, 'Pays de la Loire', 'Loire-Atlantique', 'Saint-Herblain', 'Zone d\'aménagement d\'Ar Mor', '2004-11-14', '2006-03-17', 'Néolithique, Protohistoire, Antiquité, Moyen Âge', NULL, 'fouille', NULL, NULL),
(254, 0.398667, 46.6655, 'Poitou-Charentes', 'Vienne', 'Saint-Georges-lès-Baillargeaux', 'Les Varennes', '2005-11-21', '2006-03-24', 'Néolithique, Protohistoire, Antiquité', NULL, 'fouille', NULL, NULL),
(255, 6.08375, 46.086, 'Rhône-Alpes', 'Haute-savoie', 'Présilly', 'Eccorçon-Les Murailles', '2005-10-01', '2006-03-30', NULL, NULL, 'fouille', NULL, NULL),
(256, 4.0779, 48.2981, 'Champagne-Ardenne', 'Aube', 'Troyes', 'Place de la Libération', '2004-08-03', '2006-03-31', 'Antiquité, Moyen Âge, Moderne, Contemporain', NULL, 'fouille', NULL, NULL),
(257, 5.374, 43.2964, 'Provences-Alpes-Côte-d\'Azur', 'Bouches-du-Rhône', 'Marseille', 'République-Surverse Vieux-Port', '2006-03-01', '2006-04-01', 'Antiquité, Moyen Âge, Moderne, Contemporain', 'Habitats, architecture, édifices', 'fouille', NULL, NULL),
(258, 5.374, 43.2964, 'Provences-Alpes-Côte-d\'Azur', 'Bouches-du-Rhône', 'Marseille', 'République surverse', '2006-02-13', '2006-04-14', 'Antiquité, Moyen Âge, Moderne, Contemporain', 'Archéologie des conflits, Peuplement, occupation espace', 'fouille', NULL, NULL),
(259, 3.88167, 43.6145, 'Languedoc-Roussillon', 'Hérault', 'Montpellier', 'Rue Fontaine du Pila', '2005-12-05', '2006-04-15', 'Néolithique', NULL, 'fouille', NULL, NULL),
(260, 4.08393, 48.2992, 'Champagne-Ardenne', 'Aube', 'Troyes', 'Troyes Campus', '2006-01-09', '2006-04-18', 'Moyen Âge, Moderne, Contemporain', NULL, 'fouille', NULL, NULL),
(261, 7.09316, 43.5717, 'Provences-Alpes-Côte-d\'Azur', 'Alpes Maritimes', 'Antibes', 'Bas-Lauvert', '2006-01-09', '2006-04-21', 'Antiquité', NULL, 'fouille', NULL, NULL),
(262, 1.9214, 47.8998, 'Centre', 'Loiret', 'Orléans', 'Rue de l\'Abreuvoir', '2006-02-13', '2006-04-21', 'Antiquité, Moyen Âge, Moderne, Contemporain', 'Cultes et pratiques funéraires, Habitats, architecture, édifices', 'fouille', NULL, NULL),
(263, 2.58772, 48.5835, 'Ile-de-France', 'Seine-et-Marne', 'Savigny-le-Temple', 'Le Mont Blanc', '2004-08-01', '2006-05-01', 'Protohistoire, Antiquité', 'Échange et transport, Habitats, architecture, édifices', 'fouille', NULL, NULL),
(264, 1.43645, 49.15, 'Haute-Normandie', 'Eure', 'Notre-Dame-de-l\'Isle', 'La plaine du moulin à vent', '2006-02-08', '2006-05-08', 'Protohistoire', NULL, 'fouille', NULL, NULL),
(265, 2.59772, 48.5704, 'Ile-de-France', 'Seine-et-Marne', 'Cesson', 'Plaine du Moulin à Vent (ext. sud bassin)', '2006-03-08', '2006-05-08', 'Protohistoire', 'Habitats, architecture, édifices, Peuplement, occupation espace', 'fouille', NULL, NULL),
(266, 2.61085, 48.5792, 'Ile-de-France', 'Seine-et-Marne', 'Cesson', 'Plaine du Moulin à Vent (protohistorique)', '2006-04-20', '2006-05-31', 'Protohistoire', 'Habitats, architecture, édifices, Peuplement, occupation espace', 'fouille', NULL, NULL),
(267, 1.44478, 43.5933, 'Midi-Pyrénées', 'Haute-Garonne', 'Toulouse', 'Cité Judiciaire', '1999-06-01', '2006-06-30', 'Antiquité, Moyen Âge, Moderne, Contemporain', 'Cultes et pratiques funéraires, Échange et transport, Habitats, architecture, édifices', 'fouille', NULL, NULL),
(268, 4.73354, 44.4958, 'Rhône-Alpes', 'Drôme', 'Châteauneuf-du-Rhône', 'La Labre', '2006-03-27', '2006-06-30', 'Protohistoire, Antiquité', NULL, 'fouille', NULL, NULL),
(269, 7.30428, 48.2295, 'Alsace', 'Haut-Rhin', 'Bergheim', 'Lieux-dits Froen et Böckenbrück', '2006-06-01', '2006-06-30', 'Antiquité', NULL, 'fouille', NULL, NULL),
(270, 2.60166, 48.5853, 'Ile-de-France', 'Seine-et-Marne', 'Cesson', 'Plaine du Moulin à Vent (gallo-romain)', '2006-03-20', '2006-07-21', 'Protohistoire, Antiquité', 'Habitats, architecture, édifices', 'fouille', NULL, NULL),
(271, 3.74662, 49.3836, 'Picardie', 'Aisne', 'Beaurieux', 'La Plaine', '2006-05-22', '2006-07-21', 'Néolithique', NULL, 'fouille', NULL, NULL),
(272, 2.03196, 48.0987, 'Centre', 'Loiret', 'Neuville-aux-Bois', 'La Grande Route (A19-C1)', '2006-04-01', '2006-07-31', 'Protohistoire', NULL, 'fouille', NULL, NULL),
(273, 2.30789, 48.1093, 'Centre', 'Loiret', 'Courcelles', 'Le Haut de l\'Aunette (A19)', '2006-06-01', '2006-07-31', 'Protohistoire', NULL, 'fouille', NULL, NULL),
(274, 0.704768, 47.4387, 'Centre', 'Indre-et-Loire', 'Notre-Dame-d\'Oé', 'Le Tertreau', '2006-07-15', '2006-08-15', 'Antiquité', NULL, 'fouille', NULL, NULL),
(275, 1.10825, 49.0326, 'Haute-Normandie', 'Eure', 'Parville', 'Bois de Parville', '2006-02-06', '2006-08-25', 'Protohistoire, Antiquité', NULL, 'fouille', NULL, NULL),
(276, 2.84809, 50.4431, 'Nord-Pas-de-Calais', 'Pas-de-Calais', 'Loison-sous-Lens', 'Parc d\'activité des Oiseaux', '2006-04-01', '2006-08-31', 'Néolithique', NULL, 'fouille', NULL, NULL),
(277, -1.54964, 47.2165, 'Pays de la Loire', 'Loire-Atlantique', 'Nantes', 'Château des ducs de Bretagne (tour philippienne)', '2003-08-01', '2006-08-30', 'Moyen Âge', 'Habitats, architecture, édifices', 'fouille', NULL, NULL),
(278, -2.41415, 47.8049, 'Bretagne', 'Morbihan', 'Saint-Marcel', 'Saint-Marcel « Le Bourg » - Les influences culturelles à la fin de l\'Antiquité', '2006-05-29', '2006-09-01', 'Antiquité', NULL, 'fouille', NULL, NULL),
(279, 2.53841, 48.6216, 'Ile-de-France', 'Seine-et-Marne', 'Lieusaint', 'Merigest', '2006-08-01', '2006-09-01', 'Protohistoire, Moyen Âge', 'Cultes et pratiques funéraires, Habitats, architecture, édifices', 'fouille', NULL, NULL),
(280, 4.13458, 43.69, 'Languedoc-Roussillon', 'Hérault', 'Lunel', 'Mas de Fourques', '2006-07-20', '2006-09-22', 'Protohistoire, Antiquité', NULL, 'fouille', NULL, NULL),
(281, -0.590761, 48.295, 'Pays de la Loire', 'Mayenne', 'Aron', 'Le Panveau', '2006-09-01', '2006-10-01', 'Protohistoire', NULL, 'fouille', NULL, NULL),
(282, -1.46494, 46.6307, 'Pays de la Loire', 'Vendée', 'Aubigny', 'Le Baillargeau', '2006-08-01', '2006-10-13', 'Protohistoire', NULL, 'fouille', NULL, NULL),
(283, 2.2996, 49.8961, 'Picardie', 'Somme', 'Amiens', 'Bas Parvis - Marché aux Herbes', '2006-05-15', '2006-10-15', 'Antiquité, Moyen Âge, Moderne, Contemporain', 'Habitats, architecture, édifices', 'fouille', NULL, NULL),
(284, 2.96115, 50.475, 'Nord-Pas-de-Calais', 'Pas-de-Calais', 'Carvin', 'Carvin, du Néolithique à l\'Antiquité', '2006-05-15', '2006-10-15', 'Néolithique, Protohistoire, Antiquité', 'Cultes et pratiques funéraires, Habitats, architecture, édifices', 'fouille', NULL, NULL),
(285, 3.40779, 50.2638, 'Nord-Pas-de-Calais', 'Nord', 'Haspres', 'Les Vallées', '2006-10-02', '2006-11-09', 'Protohistoire, Moyen Âge', NULL, 'fouille', NULL, NULL),
(286, 5.60492, 43.1722, 'Provences-Alpes-Côte-d\'Azur', 'Bouches-du-Rhône', 'La Ciotat', 'ZAC de la Source du Pré', '2006-05-22', '2006-11-17', 'Antiquité, Moderne, Contemporain', NULL, 'fouille', NULL, NULL),
(287, 1.44024, 44.4432, 'Midi-Pyrénées', 'Lot', 'Cahors', '166 rue des Hortes', '2006-10-16', '2006-11-18', 'Antiquité, Moyen Âge', NULL, 'fouille', NULL, NULL),
(288, -1.63016, 47.277, 'Pays de la Loire', 'Loire-Atlantique', 'Orvault', 'ZAC du Vallon des Garettes', '2006-10-16', '2006-11-22', 'Protohistoire', NULL, 'fouille', NULL, NULL),
(289, 4.03366, 49.2552, 'Champagne-Ardenne', 'Marne', 'Reims', 'Rue  Saint-Symphorien', '2006-06-15', '2006-11-25', 'Antiquité, Moyen Âge, Moderne, Contemporain', 'Arts, biens de prestige, Habitats, architecture, édifices', 'fouille', NULL, NULL),
(290, 2.37947, 48.9629, 'Ile-de-France', 'Val-d\'Oise', 'Sarcelles', 'Place de la Libération, rue des Piliers, rue Pierre-Brossolette', '2006-11-01', '2006-11-30', 'Moyen Âge, Moderne, Contemporain', 'Habitats, architecture, édificesIndustrie, artisanat', 'fouille', NULL, NULL),
(291, 2.53726, 48.6087, 'Ile-de-France', 'Seine-et-Marne', 'Lieusaint', 'Le Champtier à Cailles', '2006-06-26', '2006-12-12', 'Protohistoire, Antiquité, Moyen Âge', 'Habitats, architecture, édifices', 'fouille', NULL, NULL),
(292, 3.22258, 45.7867, 'Auvergne', 'Puy-de-Dôme', 'Pont-du-Château', 'Champ Lamet et Chambussière', '2006-10-03', '2006-12-22', 'Néolithique', NULL, 'fouille', NULL, NULL),
(293, 5.37458, 43.2977, 'Provences-Alpes-Côte-d\'Azur', 'Bouches-du-Rhône', 'Marseille', 'La Bourse', '1967-01-01', '2006-12-31', 'Antiquité, Moyen Âge, Moderne, Contemporain', 'Archéologie des conflits, Cultes et pratiques funéraires, Habitats, architecture, édifices, Industrie, artisanat, Peuplement, occupation espace', 'fouille', NULL, NULL),
(294, 2.88444, 48.9689, 'Ile-de-France', 'Seine-et-Marne', 'Meaux', '25 rue Saint-Fiacre - 124 rue de Châage', '2004-01-01', '2007-01-30', 'Antiquité', 'Habitats, architecture, édifices, Industrie, artisanat', 'fouille', NULL, NULL),
(295, 6.7694, 43.4259, 'Provences-Alpes-Côte-d\'Azur', 'Var', 'Saint-Raphaël', 'Vieille Église de Saint-Raphaël', '2003-01-01', '2007-01-01', 'Antiquité, Moyen Âge, Moderne, Contemporain', NULL, 'fouille', NULL, NULL),
(296, 6.7694, 43.4259, 'Provences-Alpes-Côte-d\'Azur', 'Var', 'Saint-Raphaël', 'Vieille Église de Saint-Raphaël', '2003-01-01', '2007-01-01', 'Antiquité, Moyen Âge, Moderne, Contemporain', NULL, 'fouille', NULL, NULL),
(297, 2.54438, 48.6214, 'Ile-de-France', 'Seine-et-Marne', 'Lieusaint', 'Centre commercial 2', '2006-09-04', '2007-01-05', 'Néolithique, Protohistoire, Antiquité', 'Habitats, architecture, édifices', 'fouille', NULL, NULL),
(298, 2.38195, 48.0959, 'Centre', 'Loiret', 'Batilly-en-Gâtinais', 'Les Pierrières (site A19 - I1. 1-2)', '2006-07-01', '2007-01-31', 'Protohistoire', NULL, 'fouille', NULL, NULL),
(299, 1.83877, 48.0372, 'Centre', 'Loiret', 'Chevilly', 'La Pièce de Chameul (A19 - A2-7)', '2006-08-01', '2007-01-31', 'Protohistoire, Antiquité, Moyen Âge', NULL, 'fouille', NULL, NULL),
(300, 7.27641, 43.6982, 'Provences-Alpes-Côte-d\'Azur', 'Alpes Maritimes', 'Nice', 'Le Pont Vieux', '2006-10-18', '2007-02-18', 'Moyen Âge, Moderne, Contemporain', NULL, 'fouille', NULL, NULL),
(301, 6.02116, 47.2429, 'Franche-Comté', 'Doubs', 'Besançon', '85 bis, rue Battant', '2007-01-15', '2007-02-23', 'Antiquité, Moyen Âge, Moderne, Contemporain', 'Habitats, architecture, édifices, Industrie, artisanat', 'fouille', NULL, NULL),
(302, 6.72871, 43.4345, 'Provences-Alpes-Côte-d\'Azur', 'Var', 'Fréjus', 'Fouille de l\'amphithéâtre', '2006-04-01', '2007-02-28', 'Antiquité, Moderne, Contemporain', NULL, 'fouille', NULL, NULL),
(303, 2.3106, 49.8911, 'Picardie', 'Somme', 'Amiens', 'Des entrepôts et un théâtre gallo-romains à Amiens', '2006-09-15', '2007-03-15', 'Antiquité', 'Cultes et pratiques funéraires, Échange et transport, Habitats, architecture, édifices', 'fouille', NULL, NULL),
(304, 2.44978, 48.9792, 'Ile-de-France', 'Val-d\'Oise', 'Gonesse', 'ZAC Entrée sud de Gonesse', '2006-10-15', '2007-03-15', 'Protohistoire, Antiquité', NULL, 'fouille', NULL, NULL),
(305, 1.99637, 48.0853, 'Centre', 'Loiret', 'Aschères-le-Marché', 'Le Marjolet ; La Cabarne', '2006-10-09', '2007-03-19', 'Antiquité, Moyen Âge', NULL, 'fouille', NULL, NULL),
(306, 0.687678, 47.3918, 'Centre', 'Indre-et-Loire', 'Tours', '63-65bis rue Nationale, 9 rue Etienne Palu et 2-8 rue Gambetta', '2006-09-01', '2007-03-31', 'Antiquité, Moyen Âge', 'Cultes et pratiques funéraires, Habitats, architecture, édifices', 'fouille', NULL, NULL),
(307, 2.58522, 48.8807, 'Ile-de-France', 'Seine-et-Marne', 'Chelles', '30-32 rue Gustave-Nast', '2006-09-01', '2007-03-31', 'Néolithique, Protohistoire, Antiquité, Moyen Âge', NULL, 'fouille', NULL, NULL),
(308, 6.17995, 49.1078, 'Lorraine', 'Moselle', 'Metz', 'ZAC du quartier de l\'amphithéâtre', '2006-03-20', '2007-04-04', 'Antiquité, Moyen Âge, Moderne, Contemporain', NULL, 'fouille', NULL, NULL),
(309, -0.0736126, 48.7393, 'Basse-Normandie', 'Orne', 'Goulet', 'Le Mont', '2007-02-18', '2007-04-27', 'Néolithique', NULL, 'fouille', NULL, NULL),
(310, 5.36713, 43.2984, 'Provences-Alpes-Côte-d\'Azur', 'Bouches-du-Rhône', 'Marseille', 'Place de l\'îlot Madeleine (îlot 7)', '2007-01-30', '2007-05-02', 'Antiquité, Moderne, Contemporain', 'Habitats, architecture, édifices, Peuplement, occupation espace', 'fouille', NULL, NULL),
(311, 2.37354, 46.2658, 'Limousin', 'Creuse', 'Nouhant', 'La Ribière', '2007-02-26', '2007-05-04', 'Antiquité, Moyen Âge, Moderne, Contemporain', NULL, 'fouille', NULL, NULL),
(312, 2.58621, 49.2082, 'Picardie', 'Oise', 'Senlis', 'Le cimetière médiéval Saint-Rieul', '2007-03-12', '2007-05-15', 'Moyen Âge, Moderne, Contemporain', 'Cultes et pratiques funéraires', 'fouille', NULL, NULL),
(313, 5.41709, 43.6673, 'Provences-Alpes-Côte-d\'Azur', 'Bouches-du-Rhône', 'Le Puy-Sainte-Réparade', 'Arnajon', '2007-04-02', '2007-05-15', 'Antiquité', 'Échange et transport, Habitats, architecture, édifices', 'fouille', NULL, NULL),
(314, 1.87661, 47.899, 'Centre', 'Loiret', 'Orléans', 'Prieuré de la Madeleine', '1998-07-01', '2007-05-16', 'Antiquité, Moyen Âge, Moderne, Contemporain', 'Cultes et pratiques funéraires, Habitats, architecture, édifices, Industrie, artisanat, Peuplement, occupation espace', 'fouille', NULL, NULL),
(315, 1.87656, 47.8986, 'Centre', 'Loiret', 'Orléans', 'Rue du Faubourg Madeleine - le Prieuré de la Madeleine', '2006-09-04', '2007-05-16', 'Moyen Âge, Moderne, Contemporain', NULL, 'fouille', NULL, NULL),
(316, 5.37732, 43.3021, 'Provences-Alpes-Côte-d\'Azur', 'Bouches-du-Rhône', 'Marseille', 'Boulevard Nédélec', '2006-09-04', '2007-05-26', 'Paléolithique, Mésolithique, Antiquité, Moderne, Contemporain', 'Habitats, architecture, édifices', 'fouille', NULL, NULL),
(317, 3.37722, 43.4149, 'Languedoc-Roussillon', 'Hérault', 'Valros', 'Le Pirou - la vigne de Bioaux - le Rec de Ligno', '2006-10-23', '2007-06-01', 'Néolithique, Antiquité', NULL, 'fouille', NULL, NULL),
(318, 7.55434, 48.4495, 'Alsace', 'Bas-Rhin', 'Meistratzheim', 'Foegel - Meistratzheim', '2007-03-05', '2007-06-01', 'Néolithique, Protohistoire', NULL, 'fouille', NULL, NULL),
(319, 3.05159, 50.3327, 'Nord-Pas-de-Calais', 'Pas-de-Calais', 'Corbehem', 'CORBEHEM « rue de Gouy »', '2007-05-09', '2007-06-15', 'Protohistoire', 'Habitats, architecture, édifices', 'fouille', NULL, NULL),
(320, 4.03265, 49.2533, 'Champagne-Ardenne', 'Marne', 'Reims', 'Place du cardinal Luçon', '2007-04-02', '2007-06-28', 'Moyen Âge', 'Cultes et pratiques funéraires', 'fouille', NULL, NULL),
(321, -1.57219, 46.4235, 'Pays de la Loire', 'Vendée', 'Jard-sur-Mer', 'Le Grand Essart', '2007-01-10', '2007-06-30', 'Protohistoire, Antiquité, Moyen Âge, Moderne, Contemporain', 'Habitats, architecture, édifices', 'fouille', NULL, NULL),
(322, 5.98346, 43.841, 'Provences-Alpes-Côte-d\'Azur', 'Alpes de Haute-Provence', 'Valensole', 'Baïsse de Sainte-Anne - Une nécropole de l\'Antiquité tardive à Valensole', '2007-03-12', '2007-06-30', 'Antiquité', 'Cultes et pratiques funéraires', 'fouille', NULL, NULL),
(323, 2.30899, 50.0061, 'Picardie', 'Somme', 'Villers-Bocage', 'Parc d\'activités de la Montignette', '2007-04-23', '2007-07-13', 'Protohistoire', NULL, 'fouille', NULL, NULL),
(324, 1.25981, 49.3355, 'Haute-Normandie', 'Eure', 'Romilly-sur-Andelle', 'Prieuré Saint-Crespin', '2006-07-17', '2007-07-17', 'Moyen Âge', NULL, 'fouille', NULL, NULL),
(325, 1.44029, 44.445, 'Midi-Pyrénées', 'Lot', 'Cahors', 'Allées Fénelon', '2007-03-05', '2007-07-29', 'Antiquité, Moyen Âge, Moderne, Contemporain', NULL, 'fouille', NULL, NULL),
(326, 4.35208, 43.8313, 'Languedoc-Roussillon', 'Gard', 'Nîmes', 'Parking avenue Jean-Jaurès', '2006-10-01', '2007-08-04', 'Protohistoire, Antiquité, Moderne, Contemporain', 'Arts, biens de prestige, Habitats, architecture, édifices', 'fouille', NULL, NULL),
(327, 3.44332, 43.6368, 'Languedoc-Roussillon', 'Hérault', 'Clermont-l\'Hérault', 'L\'Estagnol', '2007-05-14', '2007-08-15', 'Antiquité, Moyen Âge', NULL, 'fouille', NULL, NULL),
(328, 0.0328571, 43.4568, 'Midi-Pyrénées', 'Hautes-Pyrénées', 'Maubourguet', 'Darré Bourg-Vieux', '2007-07-16', '2007-08-17', 'Moyen Âge', NULL, 'fouille', NULL, NULL),
(329, 3.57947, 48.5103, 'Champagne-Ardenne', 'Aube', 'Pont-sur-Seine', 'Gravières', '2007-02-12', '2007-08-21', 'Protohistoire, Antiquité, Moyen Âge', NULL, 'fouille', NULL, NULL),
(330, 1.43566, 43.5354, 'Midi-Pyrénées', 'Haute-Garonne', 'Vieille-Toulouse', '5 Chemin de la Planho', '2007-02-27', '2007-08-31', 'Protohistoire', NULL, 'fouille', NULL, NULL),
(331, -0.63259, 45.7503, 'Poitou-Charentes', 'Charente-Maritime', 'Saintes', '7  Petite rue du Séminaire', '2007-07-19', '2007-08-31', 'Antiquité', 'Habitats, architecture, édifices', 'fouille', NULL, NULL),
(332, 5.3709, 43.3015, 'Provences-Alpes-Côte-d\'Azur', 'Bouches-du-Rhône', 'Marseille', '30  14 rue Trinquet', '2007-04-10', '2007-09-14', 'Antiquité, Moyen Âge, Moderne, Contemporain', 'Habitats, architecture, édifices, Industrie, artisanat, Peuplement, occupation espace', 'fouille', NULL, NULL),
(333, 7.27918, 43.7006, 'Provences-Alpes-Côte-d\'Azur', 'Alpes Maritimes', 'Nice', 'Porte Pairolière', '2006-10-23', '2007-09-15', 'Moyen Âge, Moderne, Contemporain', NULL, 'fouille', NULL, NULL),
(334, 2.90841, 48.3577, 'Ile-de-France', 'Seine-et-Marne', 'Ville-Saint-Jacques', 'Hameau gaulois et <I>villa</I> romaine à Ville-Saint-Jacques', '2007-07-23', '2007-09-21', 'Protohistoire, Antiquité', NULL, 'fouille', NULL, NULL),
(335, 1.39622, 43.6173, 'Midi-Pyrénées', 'Haute-Garonne', 'Toulouse', '13 chemin de la Flambère', '2007-09-10', '2007-10-26', 'Néolithique, Protohistoire, Antiquité, Moderne, Contemporain', NULL, 'fouille', NULL, NULL),
(336, 0.20925, 45.6515, 'Poitou-Charentes', 'Charente', 'Soyaux', 'Champ des Rochers', '2007-08-13', '2007-11-16', 'Néolithique, Antiquité', NULL, 'fouille', NULL, NULL),
(337, 5.37773, 43.3019, 'Provences-Alpes-Côte-d\'Azur', 'Bouches-du-Rhône', 'Marseille', 'Voie Nouvelle', '2007-09-24', '2007-11-16', 'Paléolithique, Mésolithique, Antiquité, Moderne, Contemporain', 'Habitats, architecture, édifices, Industrie, artisanat', 'fouille', NULL, NULL),
(338, 4.03659, 49.255, 'Champagne-Ardenne', 'Marne', 'Reims', 'Rue Saint-Symphorien', '2007-06-19', '2007-11-24', 'Antiquité, Moyen Âge, Moderne, Contemporain', 'Habitats, architecture, édifices, Vie quotidienne, usages', 'fouille', NULL, NULL),
(339, 2.12145, 48.8045, 'Ile-de-France', 'Yvelines', 'Versailles', 'Cour du Grand Commun - Louis XIII aux origines du château de Versailles', '2007-03-19', '2007-11-30', 'Moderne, Contemporain', 'Habitats, architecture, édifices', 'fouille', NULL, NULL),
(340, -0.130624, 48.8018, 'Basse-Normandie', 'Orne', 'Ri', 'DB16013001', '2007-06-04', '2007-11-30', 'Néolithique', NULL, 'fouille', NULL, NULL),
(341, 4.22219, 45.7453, 'Rhône-Alpes', 'Loire', 'Feurs', 'Rue Camille-Pariat - Une maison romaine sous le centre hospitalier de Feurs', '2007-10-15', '2007-12-04', 'Antiquité', NULL, 'fouille', NULL, NULL),
(342, 3.54996, 46.6081, 'Auvergne', 'Allier', 'Chevagnes', 'Les maisons fortes du bas Moyen Âge à Chevagnes', '2007-10-10', '2007-12-05', 'Moyen Âge', 'Habitats, architecture, édifices', 'fouille', NULL, NULL),
(343, 6.10943, 49.2657, 'Lorraine', 'Moselle', 'Vitry-sur-Orne', 'ZAC de La Plaine - Vallange, un village retrouvé', '2007-03-08', '2007-12-14', 'Antiquité, Moyen Âge', 'Habitats, architecture, édifices, Industrie, artisanat', 'fouille', NULL, NULL),
(344, 2.56095, 48.6355, 'Ile-de-France', 'Seine-et-Marne', 'Lieusaint', 'ZAC de la Pyramide, lots D-E-F', '2004-06-24', '2007-12-19', 'Antiquité, Moyen Âge', 'Habitats, architecture, édifices', 'fouille', NULL, NULL),
(345, 1.44837, 43.5748, 'Midi-Pyrénées', 'Haute-Garonne', 'Toulouse', '16 rue Rambaud', '2007-09-17', '2007-12-21', 'Protohistoire', NULL, 'fouille', NULL, NULL),
(346, -0.555845, 45.719, 'Poitou-Charentes', 'Charente-Maritime', 'Chaniers', 'Les Groies', '2007-10-01', '2007-12-21', 'Moyen Âge', 'Cultes et pratiques funéraires', 'fouille', NULL, NULL),
(347, 7.50211, 48.6196, 'Alsace', 'Bas-Rhin', 'Marlenheim', 'Le Clos du Marlenberg', '2007-08-06', '2008-01-09', 'Néolithique, Protohistoire, Moyen Âge', 'Cultes et pratiques funéraires, Habitats, architecture, édifices, Industrie, artisanat', 'fouille', NULL, NULL),
(348, 1.44434, 43.5812, 'Midi-Pyrénées', 'Haute-Garonne', 'Toulouse', '105 rue Saint-Roch', '2007-09-25', '2008-01-22', 'Protohistoire, Antiquité', NULL, 'fouille', NULL, NULL),
(349, 9.45417, 42.5332, 'Corse', 'Corse-du-Sud', 'Lucciana', 'Torricella', '2007-12-10', '2008-03-07', 'Antiquité', NULL, 'fouille', NULL, NULL),
(350, 5.01516, 45.0456, 'Rhône-Alpes', 'Drôme', 'Romans-sur-Isère', 'Contournement nord-ouest de Romans', '2007-11-05', '2008-03-11', 'Protohistoire, Antiquité, Moyen Âge', 'Cultes et pratiques funéraires, Habitats, architecture, édifices, Industrie, artisanat', 'fouille', NULL, NULL),
(351, -1.16718, 48.1217, 'Bretagne', 'Ille-et-Vilaine', 'Vitré', 'Boulevard de Laval - La Grande Haie', '2007-10-15', '2008-04-08', 'Protohistoire', 'Habitats, architecture, édifices', 'fouille', NULL, NULL),
(352, 1.92778, 47.9214, 'Centre', 'Loiret', 'Orléans', 'ZAC du Clos de la Fontaine', '2007-07-02', '2008-04-11', 'Paléolithique, Mésolithique, Protohistoire, Antiquité, Moyen Âge', 'Cultes et pratiques funéraires, Habitats, architecture, édifices, Peuplement, occupation espace', 'fouille', NULL, NULL),
(353, 7.15385, 43.6649, 'Provences-Alpes-Côte-d\'Azur', 'Alpes Maritimes', 'Cagnes-sur-Mer', 'Le Béal II', '2008-02-11', '2008-04-12', 'Antiquité, Moyen Âge, Moderne, Contemporain', 'Cultes et pratiques funéraires, Industrie, artisanat', 'fouille', NULL, NULL),
(354, 7.36112, 48.1117, 'Alsace', 'Haut-Rhin', 'Colmar', 'Des inhumations en fosses-silos et deux colliers en cuivre du Néolithique', '2008-03-25', '2008-05-23', 'Néolithique', 'Agriculture, élevage, Arts, biens de prestige, Cultes et pratiques funéraires, Habitats, architecture, édifices, Vie quotidienne, usages', 'fouille', NULL, NULL),
(355, -0.28763, 43.5184, 'Aquitaine', 'Pyrénées-Atlantiques', 'Claracq', 'Chemin de la Lande', '2008-04-21', '2008-05-30', 'Protohistoire', 'Cultes et pratiques funéraires', 'fouille', NULL, NULL),
(356, 1.35477, 43.6941, 'Midi-Pyrénées', 'Haute-Garonne', 'Seilh', 'Château Percin', '2007-11-19', '2008-06-13', 'Néolithique', 'Habitats, architecture, édifices', 'fouille', NULL, NULL),
(357, 6.27124, 46.32, 'Rhône-Alpes', 'Haute-savoie', 'Chens-sur-Léman', 'Rue de Charnage - Un village du Bronze final à Chens-sur-Léman', '2008-01-07', '2008-06-13', 'Protohistoire', NULL, 'fouille', NULL, NULL),
(358, 0.727934, 43.6445, 'Midi-Pyrénées', 'Gers', 'Marsan', 'Lasserre', '2008-01-08', '2008-06-13', 'Moyen Âge', NULL, 'fouille', NULL, NULL),
(359, -2.77875, 48.4789, 'Bretagne', 'Côtes-d\'Armor', 'Ploufragan', 'Une villa gallo-romaine à Ploufragan', '2008-03-31', '2008-06-13', 'Antiquité', NULL, 'fouille', NULL, NULL),
(360, -0.281255, 43.5008, 'Aquitaine', 'Pyrénées-Atlantiques', 'Claracq', 'Chemin des Thuyas', '2008-04-21', '2008-06-13', 'Protohistoire', 'Cultes et pratiques funéraires', 'fouille', NULL, NULL),
(361, 5.91831, 45.5663, 'Rhône-Alpes', 'Savoie', 'Chambéry', 'Place Henri-Dunant, Quartier des Halles', '2008-04-14', '2008-06-26', 'Moyen Âge, Moderne, Contemporain', 'Arts, biens de prestige, Échange et transport, Habitats, architecture, édifices', 'fouille', NULL, NULL),
(362, -0.331314, 43.4625, 'Aquitaine', 'Pyrénées-Atlantiques', 'Auriac', 'Duclos', '2008-04-02', '2008-06-27', 'Paléolithique, Mésolithique, Antiquité', 'Industrie, artisanat', 'fouille', NULL, NULL),
(363, 3.27073, 45.8256, 'Auvergne', 'Puy-de-Dôme', 'Les Martres-d\'Artière', 'Champ Chalatras', '2008-02-06', '2008-07-04', 'Néolithique, Protohistoire, Antiquité', NULL, 'fouille', NULL, NULL),
(364, 1.675, 48.6024, 'Centre', 'Eure-et-Loir', 'Épernon', 'Quartier Savonnière, tranche 2', '2008-03-25', '2008-07-18', 'Antiquité, Moyen Âge', 'Habitats, architecture, édifices', 'fouille', NULL, NULL),
(365, 5.35957, 46.0262, 'Rhône-Alpes', 'Ain', 'Saint-Jean-le-Vieux', 'Les Colombiers chemin rural', '2008-03-10', '2008-07-28', 'Néolithique, Antiquité', NULL, 'fouille', NULL, NULL),
(366, 4.71199, 45.9418, 'Rhône-Alpes', 'Rhône', 'Anse', 'La Citadelle', '2008-01-14', '2008-07-31', 'Antiquité', 'Échange et transport, Habitats, architecture, édifices', 'fouille', NULL, NULL),
(367, 2.27429, 48.8322, 'Ile-de-France', 'Paris', 'Paris', '62  rue Henry-Farman', '2008-02-18', '2008-07-31', 'Néolithique, Protohistoire', 'Peuplement, occupation espace', 'fouille', NULL, NULL),
(368, 4.99904, 47.2323, 'Bourgogne', 'Côte-d\'Or', 'Gevrey-Chambertin', 'Au-dessus de Bergis', '2008-06-09', '2008-08-04', 'Néolithique, Protohistoire, Antiquité', 'Agriculture, élevage, Chasse, pêche, cueillette, Habitats, architecture, édifices, Paysage et environnement, Peuplement, occupation espace, Vie quotidienne, usages', 'fouille', NULL, NULL),
(369, 2.87179, 42.7122, 'Languedoc-Roussillon', 'Pyrénées-Orientales', 'Perpignan', 'Les nécropoles de Negabous', '2008-03-31', '2008-08-08', 'Protohistoire, Antiquité', NULL, 'fouille', NULL, NULL),
(370, 6.16417, 49.3571, 'Lorraine', 'Moselle', 'Thionville', 'Cour des Capucins - fouille 2008', '2008-03-25', '2008-09-08', NULL, NULL, 'fouille', NULL, NULL),
(371, -0.275374, 43.7598, 'Aquitaine', 'Landes', 'Cazères-sur-l\'Adour', 'Septsos', '2008-06-30', '2008-09-12', 'Paléolithique, Mésolithique, Néolithique', 'Industrie, artisanat', 'fouille', NULL, NULL),
(372, 7.75022, 48.5842, 'Alsace', 'Bas-Rhin', 'Strasbourg', '4 rue Brûlée', '2008-03-26', '2008-09-30', 'Antiquité, Moyen Âge, Moderne, Contemporain', 'Habitats, architecture, édifices, Peuplement, occupation espace, Vie quotidienne, usages', 'fouille', NULL, NULL),
(373, 1.92711, 47.9218, 'Centre', 'Loiret', 'Orléans', 'Un sanctuaire antique - ZAC du Clos de la Fontaine', '2007-07-02', '2008-10-03', 'Antiquité, Moyen Âge', NULL, 'fouille', NULL, NULL),
(374, 3.5354, 48.5302, 'Champagne-Ardenne', 'Aube', 'La Saulsotte', 'Le Vieux Bouchy', '2008-07-15', '2008-10-03', 'Néolithique, Protohistoire, Antiquité, Moyen Âge', 'Habitats, architecture, édifices, Industrie, artisanat, Organisation sociale et politique, Vie quotidienne, usages', 'fouille', NULL, NULL),
(375, 5.37851, 43.298, 'Provences-Alpes-Côte-d\'Azur', 'Bouches-du-Rhône', 'Marseille', '25 rue Thubaneau, Jeu de Paume', '2008-06-28', '2008-10-15', 'Moyen Âge, Moderne, Contemporain', 'Habitats, architecture, édifices', 'fouille', NULL, NULL),
(376, -1.18647, 46.1854, 'Poitou-Charentes', 'Charente-Maritime', 'L\'Houmeau', 'Monsidun', '2008-02-18', '2008-10-18', 'Antiquité, Moyen Âge', 'Cultes et pratiques funéraires, Habitats, architecture, édifices, Industrie, artisanat', 'fouille', NULL, NULL),
(377, 5.36556, 43.2999, 'Provences-Alpes-Côte-d\'Azur', 'Bouches-du-Rhône', 'Marseille', 'Esplanade de la Major', '2008-03-01', '2008-11-01', 'Néolithique, Antiquité, Moyen Âge', 'Cultes et pratiques funéraires, Habitats, architecture, édifices', 'fouille', NULL, NULL),
(378, 2.9582, 50.4741, 'Nord-Pas-de-Calais', 'Pas-de-Calais', 'Carvin', 'ZAC de la Gare d\'Eau', '2008-05-19', '2008-11-14', 'Néolithique', 'Habitats, architecture, édifices', 'fouille', NULL, NULL),
(379, -0.551175, 47.4711, 'Pays de la Loire', 'Maine-et-Loire', 'Angers', 'Rue Saint-Maurille, place du Ralliement', '2008-09-23', '2008-11-21', 'Antiquité, Moyen Âge', 'Cultes et pratiques funéraires, Échange et transport', 'fouille', NULL, NULL),
(380, -0.291389, 43.5714, 'Aquitaine', 'Landes', 'Miramont-Sensacq', 'Cazaou de Luc', '2008-09-29', '2008-11-21', 'Protohistoire, Antiquité', 'Cultes et pratiques funéraires', 'fouille', NULL, NULL),
(381, 6.49444, 44.5647, 'Provences-Alpes-Côte-d\'Azur', 'Hautes-Alpes', 'Embrun', 'Îlot du Théâtre', '2007-11-30', '2008-12-01', 'Antiquité, Moyen Âge, Moderne, Contemporain', 'Cultes et pratiques funéraires, Habitats, architecture, édifices', 'fouille', NULL, NULL),
(382, 3.95292, 48.5716, 'Champagne-Ardenne', 'Aube', 'Plancy-l\'Abbaye', 'Lieu-dit Saint-Martin', '2008-10-13', '2008-12-01', NULL, NULL, 'fouille', NULL, NULL),
(383, 4.02215, 49.2579, 'Champagne-Ardenne', 'Marne', 'Reims', 'Tracé de la ligne de tramway', '2007-07-03', '2008-12-02', 'Protohistoire, Antiquité, Moyen Âge, Moderne, Contemporain', 'Cultes et pratiques funéraires, Échange et transport, Habitats, architecture, édificesIndustrie, artisanat', 'fouille', NULL, NULL),
(384, -0.257031, 44.4409, 'Aquitaine', 'Gironde', 'Lignan-de-Bazas', 'L\'Ambrot', '2008-10-13', '2008-12-19', 'Protohistoire, Antiquité, Moderne, Contemporain', 'Agriculture, élevage, Habitats, architecture, édifices, Industrie, artisanat', 'fouille', NULL, NULL),
(385, 5.36556, 43.2999, 'Provences-Alpes-Côte-d\'Azur', 'Bouches-du-Rhône', 'Marseille', 'Esplanade Major', '2008-09-11', '2008-12-19', 'Antiquité, Moyen Âge, Moderne, Contemporain', 'Archéologie des conflits, Cultes et pratiques funéraires, Habitats, architecture, édifices, Peuplement, occupation espace', 'fouille', NULL, NULL),
(386, 5.36556, 43.2999, 'Provences-Alpes-Côte-d\'Azur', 'Bouches-du-Rhône', 'Marseille', 'Esplanade de la Major', '2008-03-01', '2009-01-31', 'Antiquité', 'Cultes et pratiques funéraires, Habitats, architecture, édifices', 'fouille', NULL, NULL),
(387, 4.36066, 43.8417, 'Languedoc-Roussillon', 'Gard', 'Nîmes', 'Le quartier Clérisseau', '2008-09-08', '2009-02-06', 'Antiquité, Moyen Âge, Moderne, Contemporain', NULL, 'fouille', NULL, NULL),
(388, -0.510604, 46.444, 'Poitou-Charentes', 'Deux-Sèvres', 'Faye-sur-Ardin', 'Voie communale n° 16', '2008-10-13', '2009-02-06', 'Protohistoire, Antiquité, Moyen Âge', 'Cultes et pratiques funéraires, Échange et transport, Habitats, architecture, édifices, Peuplement, occupation espace', 'fouille', NULL, NULL),
(389, 3.24481, 43.2933, 'Languedoc-Roussillon', 'Hérault', 'Sauvian', 'La Lesse-Espagnac', '2008-11-05', '2009-03-03', 'Néolithique, Protohistoire, Antiquité', 'Cultes et pratiques funéraires, Habitats, architecture, édifices', 'fouille', NULL, NULL),
(390, -0.275901, 43.7835, 'Aquitaine', 'Landes', 'Le Vignau', 'Romentère', '2009-01-05', '2009-04-10', 'Néolithique', 'Industrie, artisanat', 'fouille', NULL, NULL),
(391, -0.355168, 43.4626, 'Aquitaine', 'Pyrénées-Atlantiques', 'Argelos', 'Labarthe 3', '2009-04-06', '2009-05-07', 'Protohistoire, Antiquité, Moderne, Contemporain', 'Agriculture, élevage, Industrie, artisanat', 'fouille', NULL, NULL),
(392, -0.340114, 43.4604, 'Aquitaine', 'Pyrénées-Atlantiques', 'Thèze', 'Mugain 2', '2009-04-06', '2009-05-07', 'Antiquité', 'Agriculture, élevage, Industrie, artisanat', 'fouille', NULL, NULL),
(393, 2.30698, 48.7208, 'Ile-de-France', 'Essonne', 'Massy', 'Rue du Pérou', '2009-05-12', '2009-05-07', 'Néolithique, Protohistoire, Antiquité, Moderne, Contemporain', 'Peuplement, occupation espace', 'fouille', NULL, NULL),
(394, 4.03248, 49.2451, 'Champagne-Ardenne', 'Marne', 'Reims', 'Bd Docteur Henri Henrot, rue Folle Peine et rue des Moulins (ZAC du vieux Port)', '2007-11-19', '2009-05-09', 'Protohistoire, Antiquité, Moyen Âge', 'Échange et transport, Habitats, architecture, édifices, Industrie, artisanat', 'fouille', NULL, NULL),
(395, 1.14713, 49.4849, 'Haute-Normandie', 'Seine-Maritime', 'Isneauville', 'Une ferme gauloise puis gallo-romaine', '2009-01-06', '2009-05-18', 'Protohistoire, Antiquité, Moyen Âge', NULL, 'fouille', NULL, NULL),
(396, 2.54811, 48.8474, 'Ile-de-France', 'Seine-Saint-Denis', 'Noisy-le-Grand', '4 rue des Mastraits - Nécropole du haut Moyen Âge', '2008-10-27', '2009-05-25', 'Moyen Âge', NULL, 'fouille', NULL, NULL),
(397, 4.17725, 45.6818, 'Rhône-Alpes', 'Loire', 'Chambéon', 'Chambéon - Magneux 3500 d\'occupation dans la plaine du Forez', '2008-06-02', '2009-05-29', 'Protohistoire, Antiquité', NULL, 'fouille', NULL, NULL),
(398, 1.13629, 45.9196, 'Limousin', 'Haute-Vienne', 'Saint-Gence', 'La Gagnerie', '2009-04-06', '2009-06-05', 'Protohistoire', 'Échange et transport, Habitats, architecture, édifices, Industrie, artisanat, Vie quotidienne, usages', 'fouille', NULL, NULL),
(399, -1.89619, 46.8573, 'Pays de la Loire', 'Vendée', 'Sallertaine', 'La Caillaudière', '2008-10-20', '2009-06-20', 'Antiquité', NULL, 'fouille', NULL, NULL),
(400, 4.03248, 49.2451, 'Champagne-Ardenne', 'Marne', 'Reims', 'Boulevard Henri-Henrot (ZAC du Vieux Port)', '2008-06-01', '2009-07-10', 'Antiquité, Moderne, Contemporain', 'Échange et transport, Habitats, architecture, édifices, Industrie, artisanat', 'fouille', NULL, NULL),
(401, 5.57294, 47.2642, 'Franche-Comté', 'Jura', 'Dammartin-Marpain', 'Des chasseurs-cueilleurs en Franche-Comté', '2008-10-09', '2009-07-10', 'Néolithique', NULL, 'fouille', NULL, NULL),
(402, -0.551016, 45.5838, 'Poitou-Charentes', 'Charente-Maritime', 'Pons', 'Avenue de Versailles', '2009-02-16', '2009-07-10', 'Protohistoire', NULL, 'fouille', NULL, NULL),
(403, -0.35536, 44.0004, 'Aquitaine', 'Landes', 'Pouydesseaux', 'Loustalet', '2009-04-20', '2009-07-10', 'Protohistoire', 'Cultes et pratiques funéraires', 'fouille', NULL, NULL),
(404, 3.21061, 45.7781, 'Auvergne', 'Puy-de-Dôme', 'Lempdes', 'ZAC de la Fontanille II', '2008-11-17', '2009-07-17', 'Protohistoire', 'Cultes et pratiques funéraires, Habitats, architecture, édifices, Industrie, artisanat', 'fouille', NULL, NULL),
(405, 1.75816, 45.3332, 'Limousin', 'Corrèze', 'Naves', 'Les Arènes de Tintignac - fouille 2009', '2009-07-06', '2009-07-31', 'Antiquité', 'Cultes et pratiques funéraires', 'fouille', NULL, NULL),
(406, 4.70589, 45.8528, 'Rhône-Alpes', 'Rhône', 'Fleurieux-sur-l\'Arbresle', 'Une ferme antique à Fleurieux-sur-l\'Arbresle', '2009-04-20', '2009-08-12', 'Antiquité', 'Habitats, architecture, édifices', 'fouille', NULL, NULL),
(407, 0.67327, 43.6528, 'Midi-Pyrénées', 'Gers', 'Lahitte', 'Soulan de Lasserre-Cabanery', '2009-06-15', '2009-08-28', 'Moyen Âge', 'Cultes et pratiques funéraires', 'fouille', NULL, NULL),
(408, 5.65352, 48.0968, 'Lorraine', 'Vosges', 'Damblain', 'Cap Vosges', '2008-05-13', '2009-08-30', 'Antiquité, Moyen Âge', 'Habitats, architecture, édifices', 'fouille', NULL, NULL),
(409, 6.17449, 49.1141, 'Lorraine', 'Moselle', 'Metz', 'Îlot Sainte-Chrétienne - fouille 2009', '2009-02-01', '2009-09-30', 'Antiquité, Moyen Âge, Moderne, Contemporain', 'Habitats, architecture, édifices', 'fouille', NULL, NULL),
(410, 6.17449, 49.1141, 'Lorraine', 'Moselle', 'Metz', 'Sainte Chrétienne', '2009-02-01', '2009-09-30', 'Moyen Âge, Moderne, Contemporain', 'Cultes et pratiques funéraires, Habitats, architecture, édifices', 'fouille', NULL, NULL),
(411, 3.65911, 49.6116, 'Picardie', 'Aisne', 'Laon', 'Pôle d\'activités du Griffon  tranche 1B', '2009-06-02', '2009-10-02', 'Protohistoire', 'Cultes et pratiques funéraires', 'fouille', NULL, NULL),
(412, 4.11172, 45.3072, 'Auvergne', 'Haute-Loire', 'Bas-en-Basset', 'Occupations de La Tène finale et de l\'époque gallo-romaine', '2009-09-08', '2009-10-02', 'Protohistoire, Antiquité', 'Habitats, architecture, édifices', 'fouille', NULL, NULL),
(413, 7.12833, 43.581, 'Provences-Alpes-Côte-d\'Azur', 'Alpes Maritimes', 'Antibes', 'Place Mariéjol - fouille 2009', '2009-09-07', '2009-10-09', NULL, NULL, 'fouille', NULL, NULL),
(414, 2.60955, 48.5756, 'Ile-de-France', 'Seine-et-Marne', 'Cesson', 'La Plaine du Moulin à Vent - fouille 2009', '2009-06-15', '2009-10-15', NULL, NULL, 'fouille', NULL, NULL),
(415, 3.60362, 48.5321, 'Champagne-Ardenne', 'Aube', 'Pont-sur-Seine', 'Pont sur Seine - Haut de Launoy', '2009-09-10', '2009-10-30', 'Néolithique', 'Habitats, architecture, édifices', 'fouille', NULL, NULL),
(416, 5.60819, 43.1771, 'Provences-Alpes-Côte-d\'Azur', 'Bouches-du-Rhône', 'La Ciotat', 'Îlot Saint-Jacques', '2009-03-01', '2009-11-01', 'Moderne, Contemporain', 'Cultes et pratiques funéraires', 'fouille', NULL, NULL),
(417, -1.49135, 48.0406, 'Bretagne', 'Ille-et-Vilaine', 'Châteaugiron', 'ZAC de La Perdriotais - Une longue occupation rurale aux origines de Châteaugiron', '2008-05-01', '2009-11-01', 'Protohistoire, Antiquité, Moyen Âge', NULL, 'fouille', NULL, NULL),
(418, 2.3966, 43.2314, 'Languedoc-Roussillon', 'Aude', 'Carcassonne', 'Lo Badarel', '2009-07-06', '2009-11-09', 'Néolithique, Antiquité', 'Cultes et pratiques funéraires, Échange et transport, Habitats, architecture, édifices, Sciences et méthodes de l\'archéologie, Paysage et environnement', 'fouille', NULL, NULL),
(419, 2.43843, 48.9798, 'Ile-de-France', 'Val-d\'Oise', 'Gonesse', 'Cours Baleine, ZAC entrée sud II', '2009-09-07', '2009-11-15', 'Protohistoire, Antiquité, Moyen Âge, Moderne, Contemporain', 'Agriculture, élevage, Cultes et pratiques funéraires, Échange et transport, Habitats, architecture, édifices, Industrie, artisanat, Paysage et environnement, Organisation sociale et politique, Peuplement, occupation espace, Vie quotidienne, usages', 'fouille', NULL, NULL),
(420, 3.73643, 43.6075, 'Languedoc-Roussillon', 'Hérault', 'Murviel-lès-Montpellier', '9 bis route de Bel-Air', '2009-11-16', '2009-12-11', 'Antiquité', 'Habitats, architecture, édifices, Paysage et environnement', 'fouille', NULL, NULL),
(421, 2.33031, 45.5578, 'Limousin', 'Corrèze', 'Ussel', 'Le Theil', '2009-11-15', '2009-12-15', 'Antiquité', 'Habitats, architecture, édifices', 'fouille', NULL, NULL),
(422, 4.98116, 47.3339, 'Bourgogne', 'Côte-d\'Or', 'Plombières-lès-Dijon', 'La Peute Combe', '2009-05-04', '2009-12-24', NULL, NULL, 'fouille', NULL, NULL),
(423, 7.59197, 48.7088, 'Alsace', 'Bas-Rhin', 'Gougenheim', 'D\'exceptionnelles sépultures du Néolithique récent', '2000-08-01', '2009-12-31', 'Néolithique', 'Cultes et pratiques funéraires', 'fouille', NULL, NULL),
(424, 3.02548, 50.5704, 'Nord-Pas-de-Calais', 'Nord', 'Noyelles-lès-Seclin', 'Une agglomération gallo-romaine atypique à Noyelles-lez-Seclin', '2009-11-16', '2010-01-01', 'Antiquité', 'Cultes et pratiques funéraires, Habitats, architecture, édifices, Industrie, artisanat', 'fouille', NULL, NULL),
(425, 5.36978, 43.2982, 'Provences-Alpes-Côte-d\'Azur', 'Bouches-du-Rhône', 'Marseille', 'Hôtel Dieu 6 Place Daviel II', '2010-02-28', '2010-01-01', 'Antiquité, Moyen Âge, Moderne, Contemporain', 'Habitats, architecture, édifices', 'fouille', NULL, NULL),
(426, 8.90765, 41.6739, 'Corse', 'Corse-du-Sud', 'Propriano', 'Quattrina - Aux origines de la Corse chrétienne, les églises oubliées de Propriano', '2009-09-15', '2010-01-08', 'Antiquité, Moyen Âge', 'Cultes et pratiques funéraires, Habitats, architecture, édifices', 'fouille', NULL, NULL),
(427, 1.91163, 47.8997, 'Centre', 'Loiret', 'Orléans', 'ZAC Bourgogne', '2010-01-10', '2010-02-10', 'Antiquité, Moyen Âge, Moderne, Contemporain', 'Habitats, architecture, édifices', 'fouille', NULL, NULL),
(428, 1.9086, 47.9028, 'Centre', 'Loiret', 'Orléans', 'Deuxième ligne de tramway, place de l\'Étape', '2009-11-16', '2010-03-26', 'Antiquité, Moyen Âge, Moderne, Contemporain', 'Cultes et pratiques funéraires, Habitats, architecture, édifices', 'fouille', NULL, NULL),
(429, -1.14489, 46.1587, 'Poitou-Charentes', 'Charente-Maritime', 'La Rochelle', 'Hôpital protestant, rue du Docteur Schweitzer', '2009-11-29', '2010-03-26', 'Moderne, Contemporain', 'Cultes et pratiques funéraires, Habitats, architecture, édifices', 'fouille', NULL, NULL),
(430, 6.79268, 47.4458, 'Franche-Comté', 'Doubs', 'Mandeure', 'Rue du Théâtre', '2010-03-01', '2010-03-31', 'Antiquité', 'Cultes et pratiques funéraires, Paysage et environnement, Organisation sociale et politique, Peuplement, occupation espace', 'fouille', NULL, NULL),
(431, 2.91873, 49.8356, 'Picardie', 'Somme', 'Cizancourt', 'La Sole des Galets et Vallée Madeleine', '2010-03-08', '2010-04-02', 'Protohistoire, Antiquité', 'Cultes et pratiques funéraires, Échange et transport, Peuplement, occupation espace', 'fouille', NULL, NULL),
(432, 0.609195, 43.9391, 'Midi-Pyrénées', 'Gers', 'Lectoure', 'Estoube', '2010-02-16', '2010-04-09', 'Protohistoire, Antiquité', 'Habitats, architecture, édifices', 'fouille', NULL, NULL),
(433, 1.90239, 47.9013, 'Centre', 'Loiret', 'Orléans', 'Deuxième ligne de tramway, place de Gaulle', '2009-11-16', '2010-04-23', 'Protohistoire, Antiquité, Moyen Âge, Moderne, Contemporain', 'Archéologie des conflits, Cultes et pratiques funéraires, Habitats, architecture, édifices, Industrie, artisanat, Peuplement, occupation espace', 'fouille', NULL, NULL),
(434, 1.74716, 48.2702, 'Centre', 'Eure-et-Loir', 'Ymonville', 'Les Hyèbles 2', '2009-07-04', '2010-04-30', 'Protohistoire', 'Cultes et pratiques funéraires, Habitats, architecture, édifices, Industrie, artisanat, Peuplement, occupation espace', 'fouille', NULL, NULL),
(435, 1.74716, 48.2702, 'Centre', 'Eure-et-Loir', 'Ymonville', 'Les Hyèbles', '2009-07-04', '2010-04-30', 'Protohistoire', 'Cultes et pratiques funéraires, Habitats, architecture, édifices, Industrie, artisanat, Peuplement, occupation espace', 'fouille', NULL, NULL),
(436, 3.08147, 45.7751, 'Auvergne', 'Puy-de-Dôme', 'Clermont-Ferrand', 'Carré Jaude 2 - extension 2010', '2010-02-03', '2010-04-30', 'Antiquité', 'Cultes et pratiques funéraires, Habitats, architecture, édifices', 'fouille', NULL, NULL),
(437, 2.80473, 48.8385, 'Ile-de-France', 'Seine-et-Marne', 'Bailly-Romainvilliers', 'Le Prieuré', '2010-03-05', '2010-05-07', NULL, NULL, 'fouille', NULL, NULL),
(438, 7.68668, 48.6912, 'Alsace', 'Bas-Rhin', 'Eckwersheim', 'De l\'âge du Bronze à l\'époque mérovingienne', '2010-03-01', '2010-05-12', 'Protohistoire, Antiquité, Moyen Âge', 'Cultes et pratiques funéraires, Habitats, architecture, édifices, Peuplement, occupation espace', 'fouille', NULL, NULL),
(439, 2.58169, 46.3198, 'Auvergne', 'Allier', 'Montluçon', 'Les Hauts de Buffon', '2010-02-10', '2010-06-07', 'Paléolithique, Mésolithique, Antiquité', 'Cultes et pratiques funéraires, Habitats, architecture, édifices', 'fouille', NULL, NULL),
(440, 2.17362, 48.7657, 'Ile-de-France', 'Yvelines', 'Jouy-en-Josas', 'Domaine du Montcel', '2010-05-31', '2010-06-10', 'Moderne, Contemporain', 'Arts, biens de prestige', 'fouille', NULL, NULL),
(441, 1.66806, 48.2696, 'Centre', 'Eure-et-Loir', 'Prasville', 'Rougemont', '2010-04-20', '2010-06-11', 'Néolithique, Antiquité', 'Agriculture, élevage, Habitats, architecture, édifices', 'fouille', NULL, NULL),
(442, 3.12248, 50.2217, 'Nord-Pas-de-Calais', 'Pas-de-Calais', 'Sauchy-Lestrée', 'Le Grotin', '2010-05-04', '2010-06-15', 'Protohistoire', 'Cultes et pratiques funéraires, Habitats, architecture, édifices, Peuplement, occupation espace', 'fouille', NULL, NULL),
(443, 2.91853, 49.8419, 'Picardie', 'Somme', 'Cizancourt', 'La Sole des Galets', '2010-03-15', '2010-06-16', 'Protohistoire, Antiquité, Moyen Âge', 'Cultes et pratiques funéraires, Habitats, architecture, édifices, Industrie, artisanat', 'fouille', NULL, NULL),
(444, 3.13615, 50.2434, 'Nord-Pas-de-Calais', 'Pas-de-Calais', 'Oisy-le-Verger', 'Le Pont d\'Epinoy', '2010-05-04', '2010-06-18', 'Protohistoire, Antiquité', 'Cultes et pratiques funéraires, Échange et transport', 'fouille', NULL, NULL),
(445, 3.12207, 50.2196, 'Nord-Pas-de-Calais', 'Pas-de-Calais', 'Sauchy-Lestrée', 'Le Prunier', '2010-05-19', '2010-06-18', 'Protohistoire', 'Cultes et pratiques funéraires, Habitats, architecture, édifices', 'fouille', NULL, NULL),
(446, 1.7019, 46.8459, 'Centre', 'Indre', 'Déols', 'ZAC de Grandéols', '2010-03-30', '2010-06-30', 'Protohistoire', 'Habitats, architecture, édifices, Industrie, artisanat', 'fouille', NULL, NULL),
(447, 2.91237, 42.7726, 'Languedoc-Roussillon', 'Pyrénées-Orientales', 'Claira', 'Route du  Barcarès', '2010-11-30', '2010-06-30', 'Antiquité', 'Habitats, architecture, édifices, Industrie, artisanat, Vie quotidienne, usages', 'fouille', NULL, NULL),
(448, 3.12155, 50.2151, 'Nord-Pas-de-Calais', 'Pas-de-Calais', 'Sauchy-Lestrée', 'Le Mont des Trois Pensées', '2010-05-11', '2010-06-30', 'Néolithique, Protohistoire', 'Cultes et pratiques funéraires, Habitats, architecture, édifices, Peuplement, occupation espace', 'fouille', NULL, NULL),
(449, 2.2102, 48.7115, 'Ile-de-France', 'Essonne', 'Palaiseau', 'Campus de l\'École polytechnique', '2010-04-02', '2010-07-02', 'Néolithique, Protohistoire, Antiquité, Moderne, Contemporain', 'Agriculture, élevage, Habitats, architecture, édifices, Industrie, artisanat, Sciences et méthodes de l\'archéologieVie quotidienne, usages', 'fouille', NULL, NULL),
(450, 2.91765, 49.8482, 'Picardie', 'Somme', 'Saint-Christ-Briost', 'La Terrière', '2010-06-21', '2010-07-02', 'Protohistoire', 'Habitats, architecture, édifices', 'fouille', NULL, NULL),
(451, 3.13336, 50.2389, 'Nord-Pas-de-Calais', 'Pas-de-Calais', 'Oisy-le-Verger', 'Le Bois de Bloquières', '2010-06-21', '2010-07-02', 'Protohistoire', 'Cultes et pratiques funéraires', 'fouille', NULL, NULL),
(452, 2.24756, 48.1813, 'Centre', 'Loiret', 'Pithiviers', 'Bois Médor et Vieux Chemin d\'Étampes', '2010-05-05', '2010-07-06', NULL, NULL, 'fouille', NULL, NULL),
(453, 5.74803, 44.4559, 'Provences-Alpes-Côte-d\'Azur', 'Hautes-Alpes', 'La Bâtie-Montsaléon', 'Plaine de Lachaup', '2010-05-17', '2010-07-13', 'Antiquité', 'Habitats, architecture, édifices', 'fouille', NULL, NULL),
(454, 2.70428, 48.8784, 'Ile-de-France', 'Seine-et-Marne', 'Lagny-sur-Marne', '9 rue Gambetta', '2010-03-22', '2010-07-13', 'Moyen Âge, Moderne, Contemporain', 'Échange et transport, Habitats, architecture, édifices', 'fouille', NULL, NULL),
(455, 2.20605, 48.1605, 'Centre', 'Loiret', 'Pithiviers-le-Vieil', 'Les Jardins du Bourg', '2009-09-09', '2010-07-16', 'Antiquité, Moyen Âge', 'Cultes et pratiques funéraires, Habitats, architecture, édifices, Industrie, artisanat', 'fouille', NULL, NULL),
(456, 0.675285, 47.3936, 'Centre', 'Indre-et-Loire', 'Tours', 'Clinique des Dames Blanches', '2010-05-03', '2010-07-23', 'Antiquité, Moyen Âge, Moderne, Contemporain', 'Échange et transport, Habitats, architecture, édifices, Paysage et environnement, Peuplement, occupation espace', 'fouille', NULL, NULL),
(457, 6.80208, 48.8687, 'Lorraine', 'Moselle', 'Bassing', 'La Tête d\'Or', '2010-03-01', '2010-07-31', 'Protohistoire, Antiquité, Moyen Âge', 'Habitats, architecture, édifices', 'fouille', NULL, NULL),
(458, 3.91807, 43.5761, 'Languedoc-Roussillon', 'Hérault', 'Lattes', 'La Courgoulude', '2010-04-02', '2010-08-10', 'Protohistoire', 'Cultes et pratiques funéraires, Échange et transport, Habitats, architecture, édifices, Industrie, artisanat, Organisation sociale et politique', 'fouille', NULL, NULL),
(459, 3.10543, 50.1882, 'Nord-Pas-de-Calais', 'Pas-de-Calais', 'Bourlon', 'La Maladrerie', '2010-05-10', '2010-08-13', 'Protohistoire, Antiquité, Moderne, Contemporain', 'Cultes et pratiques funéraires, Habitats, architecture, édifices, Industrie, artisanat, Peuplement, occupation espace', 'fouille', NULL, NULL),
(460, 2.42407, 48.9688, 'Ile-de-France', 'Val-d\'Oise', 'Bonneuil-en-France', 'La Fontaine Plamond, aéroport du Bourget phase 1', '2010-04-26', '2010-09-03', 'Protohistoire, Antiquité, Moyen Âge, Moderne, Contemporain', 'Agriculture, élevage, Cultes et pratiques funéraires, Échange et transport, Habitats, architecture, édifices, Industrie, artisanat, Sciences et méthodes de l\'archéologie, Paysage et environnement, Organisation sociale et politique, Peuplement, occupation espace, Vie quotidienne, usages', 'fouille', NULL, NULL),
(461, 3.11543, 50.2011, 'Nord-Pas-de-Calais', 'Pas-de-Calais', 'Marquion', 'L\'Épine', '2010-05-03', '2010-09-03', 'Protohistoire, Antiquité', 'Cultes et pratiques funéraires, Échange et transport', 'fouille', NULL, NULL),
(462, 6.17497, 48.7003, 'Lorraine', 'Meurthe-et-Moselle', 'Nancy', 'Berger-Levrault', '2010-03-01', '2010-09-17', NULL, NULL, 'fouille', NULL, NULL),
(463, 3.09188, 50.1762, 'Nord-Pas-de-Calais', 'Pas-de-Calais', 'Sains-lès-Marquion', 'Le Dièvre', '2010-08-17', '2010-09-17', 'Protohistoire', 'Cultes et pratiques funéraires, Habitats, architecture, édifices', 'fouille', NULL, NULL),
(464, -0.560945, 47.4663, 'Pays de la Loire', 'Maine-et-Loire', 'Angers', 'Clinique Saint-Louis', '2010-11-03', '2010-09-30', 'Antiquité', 'Cultes et pratiques funéraires', 'fouille', NULL, NULL),
(465, 5.36369, 43.2982, 'Provences-Alpes-Côte-d\'Azur', 'Bouches-du-Rhône', 'Marseille', 'Consigne sanitaire', '2010-09-29', '2010-10-07', 'Antiquité, Moyen Âge, Moderne, Contemporain', 'Industrie, artisanat', 'fouille', NULL, NULL),
(466, 1.63918, 48.3391, 'Centre', 'Eure-et-Loir', 'Allonnes', 'La Petite Contrée, secteur 3', '2010-08-16', '2010-10-08', 'Néolithique, Protohistoire, Antiquité', 'Agriculture, élevage, Habitats, architecture, édifices, Peuplement, occupation espace', 'fouille', NULL, NULL),
(467, 2.97902, 49.9945, 'Picardie', 'Somme', 'Moislains', 'Au Petit Chemin de Nurlu', '2010-08-09', '2010-10-08', 'Protohistoire, Antiquité', 'Cultes et pratiques funéraires, Habitats, architecture, édifices', 'fouille', NULL, NULL),
(468, 3.21843, 43.3485, 'Languedoc-Roussillon', 'Hérault', 'Béziers', '27-29 rue Kléber', '2010-09-13', '2010-10-19', 'Antiquité', 'Vie quotidienne, usages', 'fouille', NULL, NULL),
(469, 2.91602, 49.8628, 'Picardie', 'Somme', 'Saint-Christ-Briost', 'Les Dix-Huit', '2010-06-28', '2010-10-29', 'Protohistoire, Antiquité', 'Cultes et pratiques funéraires, Habitats, architecture, édifices, Industrie, artisanat', 'fouille', NULL, NULL),
(470, 3.00018, 50.0256, 'Picardie', 'Somme', 'Étricourt-Manancourt', 'Les Seize et Le Fond de Manancourt', '2010-08-23', '2010-11-10', 'Paléolithique, Mésolithique, Protohistoire, Antiquité', 'Cultes et pratiques funéraires, Échange et transport, Habitats, architecture, édifices, Peuplement, occupation espace', 'fouille', NULL, NULL),
(471, 2.94127, 49.739, 'Picardie', 'Somme', 'Breuil', 'Sole de l\'Epinette, Sole du Bois Marotte et Sole de la Voie de Quiquery', '2010-09-06', '2010-11-17', 'Néolithique, Protohistoire', 'Échange et transport, Habitats, architecture, édifices, Industrie, artisanat', 'fouille', NULL, NULL),
(472, 2.60746, 50.5209, 'Nord-Pas-de-Calais', 'Pas-de-Calais', 'Fouquereuil', 'Rue du Marais', '2010-08-02', '2010-12-03', 'Protohistoire, Antiquité', 'Cultes et pratiques funéraires', 'fouille', NULL, NULL),
(473, 1.6228, 48.35, 'Centre', 'Eure-et-Loir', 'Prunay-le-Gillon', 'Les Carreaux', '2010-09-20', '2010-12-09', 'Néolithique, Protohistoire, Moderne, Contemporain', 'Agriculture, élevage, Sciences et méthodes de l\'archéologie, Peuplement, occupation espace, Vie quotidienne, usages', 'fouille', NULL, NULL);
INSERT INTO `map` (`id`, `longitude`, `latitude`, `region`, `departement`, `commune`, `nom`, `debut`, `fin`, `periodes`, `themes`, `type`, `createdAt`, `updatedAt`) VALUES
(474, 1.10592, 45.895, 'Limousin', 'Haute-Vienne', 'Veyrac', 'Le Petit Moulin', NULL, '2010-12-13', 'Protohistoire, Moyen Âge', 'Habitats, architecture, édifices, Industrie, artisanat, Organisation sociale et politique', 'fouille', NULL, NULL),
(475, 2.9173, 49.8529, 'Picardie', 'Somme', 'Saint-Christ-Briost', 'Bois de Briost et Sole d\'Happlincourt', '2010-08-17', '2010-12-17', 'Néolithique', 'Habitats, architecture, édifices', 'fouille', NULL, NULL),
(476, 3.07403, 50.1212, 'Nord-Pas-de-Calais', 'Pas-de-Calais', 'Havrincourt', 'Les Bosquets', '2010-09-27', '2010-12-17', 'Paléolithique, Mésolithique', 'Peuplement, occupation espace', 'fouille', NULL, NULL),
(477, 2.90717, 49.9521, 'Picardie', 'Somme', 'Allaines', 'Les Quatre Journaux et Parc de l\'Orgibet', '2010-10-11', '2010-12-24', 'Protohistoire, Antiquité', 'Cultes et pratiques funéraires, Habitats, architecture, édifices', 'fouille', NULL, NULL),
(478, 2.95572, 49.7054, 'Picardie', 'Somme', 'Ercheu', 'Au Chemin de Ham et Le Champs d\'Artois', '2010-10-11', '2010-12-24', 'Néolithique, Protohistoire, Antiquité, Moyen Âge', 'Cultes et pratiques funéraires, Échange et transport, Habitats, architecture, édifices, Peuplement, occupation espace', 'fouille', NULL, NULL),
(479, 5.36751, 43.2986, 'Provences-Alpes-Côte-d\'Azur', 'Bouches-du-Rhône', 'Marseille', 'Place du Refuge', '2010-09-06', '2011-01-21', 'Antiquité, Moyen Âge, Moderne, Contemporain', 'Cultes et pratiques funéraires, Habitats, architecture, édifices, Peuplement, occupation espace', 'fouille', NULL, NULL),
(480, 7.12112, 43.5998, 'Provences-Alpes-Côte-d\'Azur', 'Alpes Maritimes', 'Antibes', '64 avenue de Nice', '2010-11-29', '2011-01-21', 'Antiquité, Moyen Âge', 'Cultes et pratiques funéraires, Échange et transport, Paysage et environnement', 'fouille', NULL, NULL),
(481, 4.7253, 44.4981, 'Rhône-Alpes', 'Drôme', 'Châteauneuf-du-Rhône', 'Le Grand Palais  Les Résidences du Ponant', '2010-11-15', '2011-02-04', 'Protohistoire, Antiquité, Moyen Âge, Moderne, Contemporain', 'Agriculture, élevage, Paysage et environnement', 'fouille', NULL, NULL),
(482, 2.44188, 47.1001, 'Centre', 'Cher', 'Saint-Germain-du-Puy', 'Le Grand Pacage', '2011-03-10', '2011-03-30', 'Protohistoire', 'Cultes et pratiques funéraires', 'fouille', NULL, NULL),
(483, 2.7199, 48.8797, 'Ile-de-France', 'Seine-et-Marne', 'Lagny-sur-Marne', '19-25 Avenue Grouard', '2010-11-01', '2011-05-01', 'Moyen Âge', 'Cultes et pratiques funéraires', 'fouille', NULL, NULL),
(484, 2.90702, 49.9107, 'Picardie', 'Somme', 'Barleux', 'La Croisette et Sole du Bois de Marc', '2011-04-11', '2011-06-03', 'Protohistoire', 'Habitats, architecture, édifices, Industrie, artisanat', 'fouille', NULL, NULL),
(485, -0.620547, 48.2747, 'Pays de la Loire', 'Mayenne', 'Moulay', 'Oppidum - RN12', '2009-11-02', '2011-06-24', 'Protohistoire, Antiquité', 'Habitats, architecture, édifices, Industrie, artisanat, Sciences et méthodes de l\'archéologie, Organisation sociale et politique, Peuplement, occupation espace', 'fouille', NULL, NULL),
(486, 1.63739, 47.9343, 'Centre', 'Loiret', 'Épieds-en-Beauce', 'Les Chantaupiaux', '2011-03-07', '2011-08-26', 'Protohistoire, Antiquité, Moderne, Contemporain', 'Cultes et pratiques funéraires, Habitats, architecture, édifices, Peuplement, occupation espace', 'fouille', NULL, NULL),
(487, 2.44456, 47.1049, 'Centre', 'Cher', 'Saint-Germain-du-Puy', 'Les Boubards', '2011-06-14', '2011-09-02', 'Antiquité, Moyen Âge', 'Cultes et pratiques funéraires, Industrie, artisanat, Paysage et environnement', 'fouille', NULL, NULL),
(488, -4.95546, 48.3925, 'Bretagne', 'Finistère', 'Île-Molène', 'Beg ar Loued', '2003-03-01', '2011-09-09', 'Néolithique, Protohistoire', 'Habitats, architecture, édifices, Paysage et environnement, Peuplement, occupation espace', 'fouille', NULL, NULL),
(489, 3.06671, 45.7932, 'Auvergne', 'Puy-de-Dôme', 'Clermont-Ferrand', 'ZAC de Trémonteix', '2010-09-08', '2011-09-15', 'Antiquité, Moyen Âge', 'Cultes et pratiques funéraires, Habitats, architecture, édifices', 'fouille', NULL, NULL),
(490, 3.11057, 50.1926, 'Nord-Pas-de-Calais', 'Pas-de-Calais', 'Bourlon', 'La Vallée de Marquion', '2011-05-04', '2011-10-07', 'Moyen Âge', 'Cultes et pratiques funéraires, Habitats, architecture, édifices, Industrie, artisanat, Peuplement, occupation espace', 'fouille', NULL, NULL),
(491, 2.32973, 48.7212, 'Ile-de-France', 'Essonne', 'Wissous', 'Zone sud ouest aéroport Paris-Orly', '2011-09-01', '2011-10-10', 'Protohistoire, Antiquité', 'Habitats, architecture, édifices, Industrie, artisanat, Vie quotidienne, usages', 'fouille', NULL, NULL),
(492, 2.72029, 48.8796, 'Ile-de-France', 'Seine-et-Marne', 'Lagny-sur-Marne', '19-25 avenue Grouard', '2011-10-03', '2011-10-22', 'Moyen Âge', 'Cultes et pratiques funéraires', 'fouille', NULL, NULL),
(493, 2.94001, 49.7934, 'Nord-Pas-de-Calais', 'Nord', 'Béthencourt', 'Vallée des Marottes', '2011-09-12', '2011-10-28', 'Antiquité', 'Industrie, artisanat, Peuplement, occupation espace', 'fouille', NULL, NULL),
(494, 2.90267, 49.886, 'Picardie', 'Somme', 'Barleux', 'Dessus des Plates Pierres, Les Onze Polleux, Le Bois Crochette, Les Croix Noires et La Cloche', '2010-09-13', '2011-10-30', 'Protohistoire, Antiquité, Moderne, Contemporain', 'Cultes et pratiques funéraires, Échange et transport, Habitats, architecture, édifices, Industrie, artisanat, Peuplement, occupation espace', 'fouille', NULL, NULL),
(495, 1.51081, 48.6301, 'Centre', 'Eure-et-Loir', 'Nogent-le-Roi', 'Le Poirier  Les Gués', '2011-08-23', '2011-11-04', 'Antiquité, Moyen Âge, Moderne, Contemporain', 'Archéologie des conflits, Habitats, architecture, édifices, Industrie, artisanat', 'fouille', NULL, NULL),
(496, 2.93986, 49.73, 'Picardie', 'Somme', 'Moyencourt', 'Le Haut du Bois de Pique', '2010-06-28', '2011-11-17', 'Protohistoire, Antiquité', 'Cultes et pratiques funéraires, Échange et transport', 'fouille', NULL, NULL),
(497, 2.93334, 49.8166, 'Picardie', 'Somme', 'Épénancourt', 'Les Rouges Monts et La Grosse Borne', '2011-09-12', '2011-11-25', 'Protohistoire', 'Habitats, architecture, édifices', 'fouille', NULL, NULL),
(498, 0.692307, 47.3893, 'Centre', 'Indre-et-Loire', 'Tours', 'Tramway, rue Charles-Gille', '2011-02-21', '2011-12-21', 'Antiquité, Moyen Âge, Moderne, Contemporain', 'Cultes et pratiques funéraires, Vie quotidienne, usages', 'fouille', NULL, NULL),
(499, 2.93537, 49.7731, 'Picardie', 'Somme', 'Rouy-le-Grand', 'Vallée Ronvalle', '2011-10-03', '2011-12-23', 'Protohistoire, Antiquité', 'Cultes et pratiques funéraires, Habitats, architecture, édifices, Peuplement, occupation espace', 'fouille', NULL, NULL),
(500, 1.16698, 49.3095, 'Haute-Normandie', 'Eure', 'Alizay', 'Le Postel, Le Port au Chanvre, Le Chêne, Le Pré Rompu', '2011-02-07', '2012-03-31', 'Paléolithique, Mésolithique, Néolithique, Protohistoire', 'Sciences et méthodes de l\'archéologie, Peuplement, occupation espace', 'fouille', NULL, NULL),
(501, 2.98328, 49.576, 'Picardie', 'Oise', 'Noyon', 'La Mare aux Canards', '2011-06-14', '2012-06-15', 'Antiquité', 'Habitats, architecture, édifices', 'fouille', NULL, NULL),
(502, 4.93994, 48.6503, 'Champagne-Ardenne', 'Haute-Marne', 'Saint-Dizier', 'Parc de référence', '2012-03-01', '2012-06-30', 'Protohistoire, Antiquité', 'Cultes et pratiques funéraires', 'fouille', NULL, NULL),
(503, 3.66491, 48.554, 'Champagne-Ardenne', 'Marne', 'Esclavolles-Lurey', 'Nécropole mérovingienne', '2012-06-14', '2012-07-30', 'Protohistoire, Antiquité, Moyen Âge', 'Cultes et pratiques funéraires, Habitats, architecture, édifices', 'fouille', NULL, NULL),
(504, 3.1195, 50.2089, 'Nord-Pas-de-Calais', 'Pas-de-Calais', 'Marquion', 'Le Mont-des-Trois-Pensées et La Plaine du Renard', '2011-05-16', '2012-07-31', 'Néolithique, Protohistoire, Antiquité, Moderne, Contemporain', 'Cultes et pratiques funéraires, Habitats, architecture, édifices, Industrie, artisanat, Peuplement, occupation espace', 'fouille', NULL, NULL),
(505, -1.68669, 49.3413, 'Basse-Normandie', 'Manche', 'Portbail', 'Genestel', '2012-05-29', '2012-08-03', 'Antiquité', 'Habitats, architecture, édifices', 'fouille', NULL, NULL),
(506, -1.661, 48.0433, 'Bretagne', 'Ille-et-Vilaine', 'Noyal-Châtillon-sur-Seiche', 'La Guyomerais', '2012-03-12', '2012-09-14', 'Antiquité', 'Agriculture, élevage, Habitats, architecture, édifices, Vie quotidienne, usages', 'fouille', NULL, NULL),
(507, 0.986256, 47.2905, 'Centre', 'Indre-et-Loire', 'Sublaines', 'Le Bois Gaulpied et Le Grand Ormeau', '2012-07-23', '2012-09-26', 'Moyen Âge', 'Habitats, architecture, édifices', 'fouille', NULL, NULL),
(508, -1.75522, 48.2122, 'Bretagne', 'Ille-et-Vilaine', 'La Mézière', 'Les Lignes de la Gonzée', '2012-02-13', '2012-10-12', 'Protohistoire, Antiquité, Moyen Âge', 'Cultes et pratiques funéraires, Habitats, architecture, édifices, Peuplement, occupation espace', 'fouille', NULL, NULL),
(509, 0.341585, 46.5801, 'Poitou-Charentes', 'Vienne', 'Poitiers', 'Les Jardins du Puygarreau', '2012-08-06', '2012-10-19', 'Antiquité', 'Habitats, architecture, édifices', 'fouille', NULL, NULL),
(510, 0.688462, 47.3911, 'Centre', 'Indre-et-Loire', 'Tours', 'Rue Nationale et place Jean-Jaurès', '2011-02-21', '2012-10-24', 'Antiquité, Moyen Âge, Moderne, Contemporain', 'Chasse, pêche, cueillette, Paysage et environnement, Vie quotidienne, usages', 'fouille', NULL, NULL),
(511, 3.36845, 49.722, 'Picardie', 'Aisne', 'Vendeuil', 'Le Bacquet d\'Oise', '2012-05-14', '2012-10-26', 'Moyen Âge', 'Chasse, pêche, cueillette, Paysage et environnement, Vie quotidienne, usages', 'fouille', NULL, NULL),
(512, 1.53327, 45.1588, 'Limousin', 'Corrèze', 'Brive-la-Gaillarde', 'Abords de la collégiale Saint-Martin', '2012-07-23', '2012-10-31', 'Antiquité, Moyen Âge, Moderne, Contemporain', 'Cultes et pratiques funéraires, Habitats, architecture, édifices', 'fouille', NULL, NULL),
(513, 0.766672, 45.8522, 'Poitou-Charentes', 'Charente', 'Chassenon', 'Le Bourg antique', '2012-08-27', '2012-10-31', 'Antiquité', 'Habitats, architecture, édifices', 'fouille', NULL, NULL),
(514, 0.766672, 45.8522, 'Poitou-Charentes', 'Charente', 'Chassenon', 'Bourg de Chassenon', '2012-08-27', '2012-10-31', 'Antiquité', 'Cultes et pratiques funéraires, Habitats, architecture, édifices', 'fouille', NULL, NULL),
(515, 1.61507, 50.7262, 'Nord-Pas-de-Calais', 'Pas-de-Calais', 'Boulogne-sur-Mer', 'Crypte de la Basilique Notre-Dame de Boulogne-sur-Mer', '2011-01-01', '2012-11-01', 'Antiquité, Moyen Âge, Moderne, Contemporain', 'Cultes et pratiques funéraires, Organisation sociale et politique', 'fouille', NULL, NULL),
(516, 1.90735, 47.8962, 'Centre', 'Loiret', 'Orléans', 'Ile de Loire entre duit Saint Charles et le pont George V', '2012-09-16', '2012-11-05', 'Protohistoire, Antiquité, Moyen Âge, Moderne, Contemporain', 'Agriculture, élevage, Habitats, architecture, édifices, Paysage et environnement, Peuplement, occupation espace', 'fouille', NULL, NULL),
(517, -1.0259, 46.2502, 'Poitou-Charentes', 'Charente-Maritime', 'Andilly', 'rue Saint-Nicolas', '2012-08-20', '2012-11-16', 'Protohistoire', 'Habitats, architecture, édifices, Industrie, artisanat', 'fouille', NULL, NULL),
(518, -0.257343, 45.6771, 'Poitou-Charentes', 'Charente', 'Bourg-Charente', 'Les Pièces de Monsieur Jarnac', '2012-07-23', '2012-11-30', 'Paléolithique, Mésolithique, Antiquité, Moyen Âge', 'Cultes et pratiques funéraires, Habitats, architecture, édifices, Industrie, artisanat', 'fouille', NULL, NULL),
(519, 5.94879, 47.1869, 'Franche-Comté', 'Doubs', 'Rancenay', 'Sous la Grette', '2012-10-15', '2012-12-14', 'Moyen Âge', 'Habitats, architecture, édifices', 'fouille', NULL, NULL),
(520, 1.0932, 49.4485, 'Haute-Normandie', 'Seine-Maritime', 'Rouen', 'Angle des rues Verte et Pouchet', '2012-06-01', '2012-12-31', 'Moyen Âge', NULL, 'fouille', NULL, NULL),
(521, 5.0313, 47.3132, 'Bourgogne', 'Côte-d\'Or', 'Dijon', 'Rue du Pont des Tanneries', '2012-10-01', '2013-02-28', 'Moyen Âge, Moderne, Contemporain', 'Habitats, architecture, édifices, Peuplement, occupation espace', 'fouille', NULL, NULL),
(522, -0.170569, 49.1154, 'Basse-Normandie', 'Calvados', 'Moult', 'Le Val des Cigognes', '2013-01-28', '2013-03-08', 'Néolithique, Protohistoire, Antiquité, Moyen Âge, Moderne, Contemporain', NULL, 'fouille', NULL, NULL),
(523, -1.51882, 48.2549, 'Bretagne', 'Ille-et-Vilaine', 'Ercé-près-Liffré', 'ZAC Le Bocage de l\'Illet - tranche 1', '2013-04-08', '2013-06-07', 'Protohistoire, Moyen Âge', 'Cultes et pratiques funéraires, Habitats, architecture, édifices', 'fouille', NULL, NULL),
(524, -0.753286, 49.3423, 'Basse-Normandie', 'Calvados', 'Port-en-Bessin-Huppain', 'Avenue du Général de Gaulle', '2013-06-05', '2013-06-27', 'Antiquité', 'Habitats, architecture, édifices, Peuplement, occupation espace, Vie quotidienne, usages', 'fouille', NULL, NULL),
(525, -0.726133, 49.2826, 'Basse-Normandie', 'Calvados', 'Vaucelles', 'Le Chemin du Moulin Morin', '2013-04-29', '2013-06-28', 'Néolithique, Protohistoire', 'Cultes et pratiques funéraires, Habitats, architecture, édifices, Vie quotidienne, usages', 'fouille', NULL, NULL),
(526, -2.94051, 47.6354, 'Bretagne', 'Morbihan', 'Bono', 'Mané Mourin', '2013-03-04', '2013-07-22', 'Néolithique, Protohistoire', 'Cultes et pratiques funéraires, Habitats, architecture, édifices', 'fouille', NULL, NULL),
(527, 4.08894, 48.3065, 'Champagne-Ardenne', 'Aube', 'Troyes', 'Rue des Carmélites', NULL, '2013-08-15', 'Protohistoire, Antiquité', 'Cultes et pratiques funéraires, Vie quotidienne, usages', 'fouille', NULL, NULL),
(528, 1.14514, 49.9226, 'Haute-Normandie', 'Seine-Maritime', 'Grèges', 'La Maison Blanche', NULL, '2013-08-30', NULL, NULL, 'fouille', NULL, NULL),
(529, 3.26097, 47.4699, 'Bourgogne', 'Nièvre', 'Entrains-sur-Nohain', 'Rue Romaine', '2013-06-19', '2013-09-20', 'Antiquité', 'Habitats, architecture, édifices, Vie quotidienne, usages', 'fouille', NULL, NULL),
(530, 3.91903, 43.5933, 'Languedoc-Roussillon', 'Hérault', 'Montpellier', 'Contournement ferroviaire Nîmes-Montpellier - La Cavalade', '2013-04-01', '2013-09-30', 'Néolithique, Protohistoire, Antiquité, Moyen Âge', 'Habitats, architecture, édifices, Vie quotidienne, usages', 'fouille', NULL, NULL),
(531, 5.3297, 45.755, 'Rhône-Alpes', 'Isère', 'Optevoz', 'Rue Philippe Tassier', '2013-07-08', '2013-10-11', 'Néolithique, Protohistoire, Moyen Âge', NULL, 'fouille', NULL, NULL),
(532, 3.37892, 45.8232, 'Auvergne', 'Puy-de-Dôme', 'Lezoux', 'Les Colis', '2013-06-03', '2013-10-29', 'Antiquité, Moyen Âge', 'Habitats, architecture, édifices, Paysage et environnement', 'fouille', NULL, NULL),
(533, -0.635816, 45.752, 'Poitou-Charentes', 'Charente-Maritime', 'Saintes', 'Rue  Daniel-Massiou', NULL, '2013-10-31', 'Antiquité', NULL, 'fouille', NULL, NULL),
(534, 6.13843, 48.6116, 'Lorraine', 'Meurthe-et-Moselle', 'Messein', 'Noires terres', '2004-01-01', NULL, 'Moderne, Contemporain', 'Archéologie des conflits', 'fouille', NULL, NULL),
(535, 4.07781, 48.2969, 'Champagne-Ardenne', 'Aube', 'Troyes', 'Habitat antique et tannerie médiévale', '2010-03-01', NULL, 'Antiquité, Moyen Âge, Moderne, Contemporain', 'Habitats, architecture, édifices, Industrie, artisanat', 'fouille', NULL, NULL),
(536, 3.20658, 45.726, 'Auvergne', 'Puy-de-Dôme', 'Cournon-d\'Auvergne', 'Les Queyriaux', '2010-08-30', NULL, 'Néolithique, Protohistoire', 'Peuplement, occupation espace, Vie quotidienne, usages', 'fouille', NULL, NULL),
(537, 0.7667, 45.1667, 'Aquitaine', 'Dordogne', 'Boulazac', 'Boulazac', '2011-11-01', NULL, NULL, 'Arts, biens de prestige, Échange et transport, Peuplement, occupation espace', 'fouille', NULL, NULL),
(538, 4.79775, 46.5469, 'Bourgogne', 'Saône-et-Loire', 'Martailly-lès-Brancion', 'Château', '2012-01-01', NULL, 'Moyen Âge', 'Habitats, architecture, édifices', 'fouille', NULL, NULL),
(539, 0.396248, 46.6748, 'Poitou-Charentes', 'Vienne', 'Saint-Georges-lès-Baillargeaux', 'Les Gains', '2012-02-29', NULL, 'Protohistoire, Antiquité', 'Habitats, architecture, édifices, Peuplement, occupation espace', 'fouille', NULL, NULL),
(540, 5.24362, 47.2513, 'Bourgogne', 'Côte-d\'Or', 'Labergement-Foigney', 'Labergement-Foigney Champs Cottin', '2012-09-01', NULL, 'Antiquité', 'Agriculture, élevage, Habitats, architecture, édifices, Vie quotidienne, usages', 'fouille', NULL, NULL),
(541, 4.09909, 48.2372, 'Champagne-Ardenne', 'Aube', 'Buchères', 'Parc logistique de l\'Aube', '2012-09-20', NULL, 'Néolithique, Protohistoire', 'Arts, biens de prestige, Cultes et pratiques funéraires, Peuplement, occupation espace', 'fouille', NULL, NULL),
(542, 2.4474, 48.988, 'Ile-de-France', 'Val-d\'Oise', 'Gonesse', 'Église Saint-Pierre-et-Saint-Paul', '2013-01-14', NULL, 'Moyen Âge, Moderne, Contemporain', 'Cultes et pratiques funéraires, Habitats, architecture, édifices', 'fouille', NULL, NULL),
(543, 5.1822, 47.2622, 'Bourgogne', 'Côte-d\'Or', 'Magny-sur-Tille', 'LGV Rhin-Rhône branche Est deuxième phase - Le Grand Pré, le Bas de l\'Ampone', '2013-03-18', NULL, 'Protohistoire, Antiquité, Moderne, Contemporain', 'Cultes et pratiques funéraires, Habitats, architecture, édifices, Peuplement, occupation espace', 'fouille', NULL, NULL),
(544, 5.69291, 43.2733, 'Provences-Alpes-Côte-d\'Azur', 'Bouches-du-Rhône', 'Cuges-les-Pins', 'ZAC des Vigneaux', '2013-03-25', NULL, 'Paléolithique, Mésolithique, Néolithique', 'Cultes et pratiques funéraires, Habitats, architecture, édifices, Vie quotidienne, usages', 'fouille', NULL, NULL),
(545, 2.34658, 48.8551, 'Ile-de-France', 'Paris', 'Paris', 'Paris, Préfecture de police, bâtiment d\'accueil - 2 rue de Lutèce', '2013-04-15', NULL, 'Antiquité, Moyen Âge, Moderne, Contemporain', 'Cultes et pratiques funéraires, Habitats, architecture, édifices, Peuplement, occupation espace', 'fouille', NULL, NULL),
(546, 2.32367, 45.561, 'Limousin', 'Corrèze', 'Ussel', 'Le Theil', '2013-05-21', NULL, 'Antiquité', 'Habitats, architecture, édifices', 'fouille', NULL, NULL),
(547, 2.36861, 49.1258, 'Ile-de-France', 'Val-d\'Oise', 'Viarmes', 'Place Pierre Salvi', '2013-06-03', NULL, 'Moyen Âge', 'Habitats, architecture, édifices', 'fouille', NULL, NULL),
(548, 6.86306, 47.6384, 'Franche-Comté', 'Territoire de Belfort', 'Belfort', 'Place d\'Armes', '2013-07-01', NULL, 'Moderne, Contemporain', 'Habitats, architecture, édifices', 'fouille', NULL, NULL),
(549, -4.10247, 48.0198, 'Bretagne', 'Finistère', 'Quimper', 'Kervouyec II', NULL, NULL, 'Protohistoire', 'Habitats, architecture, édifices, Vie quotidienne, usages', 'fouille', NULL, NULL),
(550, -3.19139, 47.6726, 'Bretagne', 'Morbihan', 'Belz', 'Kerduelland', NULL, NULL, 'Néolithique', 'Organisation sociale et politique, Peuplement, occupation espace', 'fouille', NULL, NULL),
(551, -3.16441, 48.2317, 'Bretagne', 'Côtes-d\'Armor', 'Laniscat', 'Rosquelfen', NULL, NULL, 'Protohistoire, Antiquité', 'Arts, biens de prestige, Échange et transport, Vie quotidienne, usages', 'fouille', NULL, NULL),
(552, -2.42912, 47.3282, 'Pays de la Loire', 'Loire-Atlantique', 'Guérande', 'Place de la Psalette - Collégiale St Aubin', NULL, NULL, 'Antiquité, Moyen Âge', 'Habitats, architecture, édifices, Peuplement, occupation espace', 'fouille', NULL, NULL),
(553, -2.41271, 47.3287, 'Pays de la Loire', 'Loire-Atlantique', 'Guérande', 'ZAC de la Métairie de la Lande', NULL, NULL, 'Moyen Âge, Moderne, Contemporain', 'Habitats, architecture, édifices', 'fouille', NULL, NULL),
(554, -1.68134, 48.1151, 'Bretagne', 'Ille-et-Vilaine', 'Rennes', 'Couvent des Jacobins', NULL, NULL, 'Antiquité, Moyen Âge, Moderne, Contemporain', 'Cultes et pratiques funéraires, Habitats, architecture, édifices', 'fouille', NULL, NULL),
(555, -1.55333, 47.2146, 'Pays de la Loire', 'Loire-Atlantique', 'Nantes', 'Nantes Bouffay Neptune', NULL, NULL, 'Antiquité, Moyen Âge, Moderne, Contemporain', 'Échange et transport, Habitats, architecture, édifices, Industrie, artisanat', 'fouille', NULL, NULL),
(556, -1.51051, 48.6365, 'Basse-Normandie', 'Manche', 'Le Mont-Saint-Michel', 'Le Mont-Saint-Michel, La Cour des Ecoles', NULL, NULL, 'Moyen Âge', 'Cultes et pratiques funéraires, Industrie, artisanat, Vie quotidienne, usages', 'fouille', NULL, NULL),
(557, -1.50993, 48.6352, 'Basse-Normandie', 'Manche', 'Le Mont-Saint-Michel', 'Mont-Saint-Michel / Les Remparts - Tour Denis', NULL, NULL, 'Moderne, Contemporain', 'Habitats, architecture, édifices', 'fouille', NULL, NULL),
(558, -1.29349, 48.0142, 'Bretagne', 'Ille-et-Vilaine', 'Bais', 'Un grand domaine gallo-romain', NULL, NULL, 'Antiquité', 'Agriculture, élevage, Cultes et pratiques funéraires, Habitats, architecture, édifices', 'fouille', NULL, NULL),
(559, -1.18404, 47.3945, 'Pays de la Loire', 'Loire-Atlantique', 'Ancenis', 'ZAC de la Savinière', NULL, NULL, 'Protohistoire', 'Habitats, architecture, édifices', 'fouille', NULL, NULL),
(560, -1.10602, 49.3102, 'Basse-Normandie', 'Calvados', 'Isigny-sur-Mer', 'Le Tuilley - La Campagne', NULL, NULL, 'Protohistoire, Antiquité', 'Habitats, architecture, édifices', 'fouille', NULL, NULL),
(561, -0.577539, 44.8381, 'Aquitaine', 'Gironde', 'Bordeaux', 'Place Pey-Berland', NULL, NULL, 'Moyen Âge', 'Habitats, architecture, édifices', 'fouille', NULL, NULL),
(562, -0.577267, 46.176, 'Poitou-Charentes', 'Deux-Sèvres', 'Usseau', 'Rue de la Laiterie', NULL, NULL, 'Moyen Âge', 'Cultes et pratiques funéraires', 'fouille', NULL, NULL),
(563, -0.56066, 47.4702, 'Pays de la Loire', 'Maine-et-Loire', 'Angers', 'Château d\'Angers', NULL, NULL, 'Néolithique, Protohistoire, Antiquité, Moyen Âge', 'Habitats, architecture, édifices', 'fouille', NULL, NULL),
(564, -0.0685404, 47.9543, 'Pays de la Loire', 'Sarthe', 'Vallon-sur-Gée', 'LGV Bretagne-Pays de la Loire - La Bourlerie', NULL, NULL, 'Antiquité', 'Habitats, architecture, édifices', 'fouille', NULL, NULL),
(565, 0.151883, 48.0718, 'Pays de la Loire', 'Sarthe', 'La Milesse', 'LGV Bretagne-Pays de la Loire - La Ronce', NULL, NULL, 'Protohistoire, Antiquité, Moyen Âge', 'Industrie, artisanat', 'fouille', NULL, NULL),
(566, 0.200706, 48.008, 'Pays de la Loire', 'Sarthe', 'Le Mans', 'Théâtre de Jacobins', NULL, NULL, 'Moderne, Contemporain', 'Archéologie des conflits, Organisation sociale et politique', 'fouille', NULL, NULL),
(567, 0.214216, 48.0458, 'Pays de la Loire', 'Sarthe', 'Neuville-sur-Sarthe', 'Chapeau', NULL, NULL, 'Antiquité', 'Cultes et pratiques funéraires', 'fouille', NULL, NULL),
(568, 0.222508, 49.1465, 'Basse-Normandie', 'Calvados', 'Lisieux', 'Quai des Remparts', NULL, NULL, 'Moyen Âge, Moderne, Contemporain', NULL, 'fouille', NULL, NULL),
(569, 0.355734, 46.6175, 'Poitou-Charentes', 'Vienne', 'Poitiers', 'La Folie', NULL, NULL, 'Paléolithique, Mésolithique', 'Habitats, architecture, édifices, Sciences et méthodes de l\'archéologie', 'fouille', NULL, NULL),
(570, 0.495111, 44.8656, 'Aquitaine', 'Dordogne', 'Bergerac', 'Les  Vaures', NULL, NULL, 'Néolithique', NULL, 'fouille', NULL, NULL),
(571, 0.548301, 44.8642, 'Aquitaine', 'Dordogne', 'Creysse', 'Déviation de la R.N. 21', NULL, NULL, 'Paléolithique, Mésolithique, Néolithique', 'Industrie, artisanat, Peuplement, occupation espace', 'fouille', NULL, NULL),
(572, 1.08581, 44.1062, 'Midi-Pyrénées', 'Tarn-et-Garonne', 'Moissac', 'Le Patus - rue de l\'Abbaye', NULL, NULL, 'Moyen Âge', 'Habitats, architecture, édifices', 'fouille', NULL, NULL),
(573, 1.3644, 43.0809, 'Midi-Pyrénées', 'Ariège', 'Le Mas-d\'Azil', 'Grotte du Mas d\'Azil', NULL, NULL, 'Paléolithique, Mésolithique', 'Peuplement, occupation espace, Vie quotidienne, usages', 'fouille', NULL, NULL),
(574, 1.44466, 43.5934, 'Languedoc-Roussillon', 'Aude', 'Narbonne', 'Tribunal d\'instance', NULL, NULL, 'Antiquité, Moyen Âge', 'Habitats, architecture, édifices', 'fouille', NULL, NULL),
(575, 1.3441, 48.2391, 'Centre', 'Eure-et-Loir', 'Alluyes', 'La Pierre Aiguë', NULL, NULL, NULL, NULL, 'fouille', NULL, NULL),
(576, 1.34911, 49.1752, 'Haute-Normandie', 'Eure', 'Aubevoye', 'La chartreuse', NULL, NULL, 'Néolithique', 'Arts, biens de prestige, Cultes et pratiques funéraires, Habitats, architecture, édifices', 'fouille', NULL, NULL),
(577, 1.65422, 48.3274, 'Centre', 'Eure-et-Loir', 'Allonnes', 'Contournement', NULL, NULL, 'Antiquité, Moyen Âge', 'Cultes et pratiques funéraires, Peuplement, occupation espace', 'fouille', NULL, NULL),
(578, 1.65371, 50.5181, 'Nord-Pas-de-Calais', 'Pas-de-Calais', 'Étaples', 'Chemin de la Motte Ouest', NULL, NULL, 'Moderne, Contemporain', 'Archéologie des conflits', 'fouille', NULL, NULL),
(579, 1.72286, 48.2796, 'Centre', 'Eure-et-Loir', 'Prasville', 'Vers Chesnay - La romanisation de la Beauce à Prasville', NULL, NULL, 'Protohistoire, Antiquité', 'Habitats, architecture, édifices, Industrie, artisanat', 'fouille', NULL, NULL),
(580, 1.71043, 50.9248, 'Nord-Pas-de-Calais', 'Pas-de-Calais', 'Escalles', 'Mont d\'Hubert', NULL, NULL, 'Paléolithique, Mésolithique, Moderne, Contemporain', 'Peuplement, occupation espace, Vie quotidienne, usages', 'fouille', NULL, NULL),
(581, 1.88088, 47.9468, 'Centre', 'Loiret', 'Saran', 'Lac de la Médecinerie', NULL, NULL, NULL, NULL, 'fouille', NULL, NULL),
(582, 1.90226, 47.9013, 'Centre', 'Loiret', 'Orléans', 'Deuxième ligne du tramway - Place de Gaulle', NULL, NULL, 'Antiquité, Moyen Âge, Moderne, Contemporain', 'Habitats, architecture, édifices, Peuplement, occupation espace', 'fouille', NULL, NULL),
(583, 1.87703, 50.132, 'Picardie', 'Somme', 'Caours', 'Eclipse', NULL, NULL, 'Paléolithique, Mésolithique', 'Industrie, artisanat, Paysage et environnement, Peuplement, occupation espace, Vie quotidienne, usages', 'fouille', NULL, NULL),
(584, 2.10079, 48.9009, 'Ile-de-France', 'Yvelines', 'Saint-Germain-en-Laye', 'Domaine national : Petite Terrasse et Grand rond-point', NULL, NULL, 'Moderne, Contemporain', 'Paysage et environnement', 'fouille', NULL, NULL),
(585, 2.1839, 48.7561, 'Ile-de-France', 'Essonne', 'Saclay', 'Val d\'Albian, La Grande Mare, La Mare aux Saules', NULL, NULL, 'Protohistoire, Moyen Âge', 'Peuplement, occupation espace', 'fouille', NULL, NULL),
(586, 2.28423, 48.8209, 'Ile-de-France', 'Hauts-de-Seine', 'Vanves', 'Rue Gaudray', NULL, NULL, 'Antiquité, Moyen Âge', 'Habitats, architecture, édifices, Vie quotidienne, usages', 'fouille', NULL, NULL),
(587, 2.29794, 48.8616, 'Ile-de-France', 'Paris', 'Paris', 'Musée du Quai Branly', NULL, NULL, 'Antiquité', 'Chasse, pêche, cueillette, Paysage et environnement, Peuplement, occupation espace', 'fouille', NULL, NULL),
(588, 2.29989, 49.0657, 'Ile-de-France', 'Val-d\'Oise', 'Baillet-en-France', 'Centre de vacances CNPO', NULL, NULL, 'Moderne, Contemporain', 'Arts, biens de prestige, Organisation sociale et politique', 'fouille', NULL, NULL),
(589, 2.34309, 48.8601, 'Ile-de-France', 'Paris', 'Paris', 'Rue de Rivoli', NULL, NULL, NULL, NULL, 'fouille', NULL, NULL),
(590, 2.34489, 48.8439, 'Ile-de-France', 'Paris', 'Paris', '22 rue d\'Ulm / 9-11 rue Pierre et Marie Curie / 193 rue Saint Jacques', NULL, NULL, 'Antiquité', 'Habitats, architecture, édifices, Peuplement, occupation espace, Vie quotidienne, usages', 'fouille', NULL, NULL),
(591, 2.35595, 48.8474, 'Ile-de-France', 'Paris', 'Paris', 'Collège des Bernardins', NULL, NULL, NULL, NULL, 'fouille', NULL, NULL),
(592, 2.42624, 48.8176, 'Ile-de-France', 'Val-de-Marne', 'Saint-Maurice', '53-57, rue du Maréchal-Leclerc', NULL, NULL, 'Moderne, Contemporain', 'Cultes et pratiques funéraires', 'fouille', NULL, NULL),
(593, 2.44022, 48.6023, 'Ile-de-France', 'Essonne', 'Lisses', 'ZAC du bois de Chaland', NULL, NULL, NULL, NULL, 'fouille', NULL, NULL),
(594, 2.43767, 48.9731, 'Ile-de-France', 'Val-d\'Oise', 'Bonneuil-en-France', 'Zone de servitude ILS', NULL, NULL, 'Moyen Âge', NULL, 'fouille', NULL, NULL),
(595, 2.51982, 48.6116, 'Ile-de-France', 'Essonne', 'Saint-Pierre-du-Perray', 'Le Buisson Ribeau, Lac VIII', NULL, NULL, 'Antiquité', 'Échange et transport, Habitats, architecture, édifices', 'fouille', NULL, NULL),
(596, 2.63132, 48.5938, 'Ile-de-France', 'Seine-et-Marne', 'Vert-Saint-Denis', 'Saint-Clément, La Bichère', NULL, NULL, 'Protohistoire, Antiquité, Moyen Âge', 'Échange et transport, Habitats, architecture, édifices', 'fouille', NULL, NULL),
(597, 2.69508, 45.0182, 'Languedoc-Roussillon', 'Pyrénées-Orientales', 'Amélie-les-Bains-Palalda', 'Camps de Las Basses', NULL, NULL, 'Protohistoire, Antiquité', 'Cultes et pratiques funéraires, Habitats, architecture, édifices, Industrie, artisanat', 'fouille', NULL, NULL),
(598, 2.76025, 48.8584, 'Ile-de-France', 'Seine-et-Marne', 'Montévrain', 'Les Vingt-deux-arpents', NULL, NULL, 'Antiquité, Moyen Âge', 'Habitats, architecture, édifices, Industrie, artisanat, Peuplement, occupation espace, Vie quotidienne, usages', 'fouille', NULL, NULL),
(599, 2.8253, 49.4184, 'Picardie', 'Oise', 'Compiègne', '29-33 rue Solférino', NULL, NULL, 'Moyen Âge', 'Habitats, architecture, édifices', 'fouille', NULL, NULL),
(600, 2.92468, 49.7683, 'Picardie', 'Somme', 'Mesnil-Saint-Nicaise', 'Chemin Bezard', NULL, NULL, 'Antiquité', 'Cultes et pratiques funéraires, Sciences et méthodes de l\'archéologie', 'fouille', NULL, NULL),
(601, 2.99527, 50.0267, 'Picardie', 'Somme', 'Étricourt-Manancourt', 'Etricourt-Manancourt', NULL, NULL, 'Paléolithique, Mésolithique', 'Peuplement, occupation espaceVie quotidienne, usages', 'fouille', NULL, NULL),
(602, 3.07828, 49.4014, 'Picardie', 'Oise', 'Attichy', 'Le Buissonnet', NULL, NULL, 'Protohistoire', 'Cultes et pratiques funéraires', 'fouille', NULL, NULL),
(603, 3.18052, 43.3677, 'Languedoc-Roussillon', 'Hérault', 'Béziers', 'Le Crès Néolithique II', NULL, NULL, 'Néolithique', 'Cultes et pratiques funéraires', 'fouille', NULL, NULL),
(604, 3.22097, 45.7857, 'Auvergne', 'Puy-de-Dôme', 'Pont-du-Château', 'Champ Lamet 6-Gefco', NULL, NULL, 'Néolithique', 'Cultes et pratiques funéraires', 'fouille', NULL, NULL),
(605, 3.31655, 43.7319, 'Languedoc-Roussillon', 'Hérault', 'Lodève', 'Immeuble Barral Quartier Cathédral', NULL, NULL, 'Antiquité, Moyen Âge, Moderne, Contemporain', 'Habitats, architecture, édifices', 'fouille', NULL, NULL),
(606, 3.37135, 49.7062, 'Picardie', 'Aisne', 'Vendeuil', 'La Prairie de Montigny', NULL, NULL, 'Néolithique', 'Cultes et pratiques funéraires, Échange et transport, Paysage et environnement', 'fouille', NULL, NULL),
(607, 3.51254, 50.3168, 'Nord-Pas-de-Calais', 'Nord', 'Famars', 'La Rhonelle', NULL, NULL, 'Antiquité', 'Cultes et pratiques funéraires, Habitats, architecture, édifices, Industrie, artisanat', 'fouille', NULL, NULL),
(608, 4.12317, 46.4481, 'Bourgogne', 'Saône-et-Loire', 'Paray-le-Monial', 'Aux origines de la basilique de Paray-le-Monial', NULL, NULL, 'Moyen Âge', 'Habitats, architecture, édifices', 'fouille', NULL, NULL),
(609, 4.29673, 46.9584, 'Bourgogne', 'Saône-et-Loire', 'Autun', 'Faubourg d\'Arroux', NULL, NULL, 'Antiquité', 'Habitats, architecture, édifices, Industrie, artisanat, Vie quotidienne, usages', 'fouille', NULL, NULL),
(610, 4.32075, 46.957, 'Bourgogne', 'Saône-et-Loire', 'Autun', 'Autun Pont l\'Evêque', NULL, NULL, 'Antiquité', 'Cultes et pratiques funéraires', 'fouille', NULL, NULL),
(611, 4.83333, 43.7833, 'Provences-Alpes-Côte-d\'Azur', 'Bouches-du-Rhône', 'Saint-Rémy-de-Provence', 'Zac d\'Ussol', NULL, NULL, 'Antiquité', 'Cultes et pratiques funéraires, Habitats, architecture, édifices, Vie quotidienne, usages', 'fouille', NULL, NULL),
(612, 4.97866, 45.7657, 'Rhône-Alpes', 'Rhône', 'Décines-Charpieu', 'Le Montout OL Land TR. 1', NULL, NULL, 'Protohistoire, Antiquité', 'Cultes et pratiques funéraires, Habitats, architecture, édifices', 'fouille', NULL, NULL),
(613, 5.04213, 47.3261, 'Bourgogne', 'Côte-d\'Or', 'Dijon', 'Boulevard de la Trémouille - Place de la République', NULL, NULL, 'Moyen Âge', 'Habitats, architecture, édifices, Organisation sociale et politique', 'fouille', NULL, NULL),
(614, 5.42968, 47.0525, 'Franche-Comté', 'Jura', 'Choisey', 'Choisey Les Champins', NULL, NULL, 'Protohistoire, Antiquité', 'Cultes et pratiques funéraires, Habitats, architecture, édifices', 'fouille', NULL, NULL),
(615, 5.36502, 43.2964, 'Provences-Alpes-Côte-d\'Azur', 'Bouches-du-Rhône', 'Marseille', 'Collège du Vieux-Port', NULL, NULL, 'Protohistoire', 'Échange et transport, Habitats, architecture, édifices, Industrie, artisanat, Peuplement, occupation espace', 'fouille', NULL, NULL),
(616, 5.36942, 43.297, 'Provences-Alpes-Côte-d\'Azur', 'Bouches-du-Rhône', 'Marseille', 'Maison diamantée', NULL, NULL, 'Moderne, Contemporain', 'Habitats, architecture, édifices', 'fouille', NULL, NULL),
(617, 5.36947, 43.2973, 'Provences-Alpes-Côte-d\'Azur', 'Bouches-du-Rhône', 'Marseille', 'Pavillon Daviel', NULL, NULL, 'Moyen Âge, Moderne, Contemporain', 'Habitats, architecture, édifices', 'fouille', NULL, NULL),
(618, 5.37851, 43.298, 'Provences-Alpes-Côte-d\'Azur', 'Bouches-du-Rhône', 'Marseille', '25  rue Thubaneau - Le jeu de paume', NULL, NULL, 'Moderne, Contemporain', 'Habitats, architecture, édifices', 'fouille', NULL, NULL),
(619, 5.43335, 43.721, 'Provences-Alpes-Côte-d\'Azur', 'Vaucluse', 'Villelaure', 'La Tuilière', NULL, NULL, 'Antiquité', 'Arts, biens de prestige, Habitats, architecture, édifices, Vie quotidienne, usages', 'fouille', NULL, NULL),
(620, 6.17062, 49.1032, 'Lorraine', 'Moselle', 'Metz', 'Rue Mazarin', NULL, NULL, 'Antiquité, Moyen Âge, Moderne, Contemporain', 'Cultes et pratiques funéraires, Habitats, architecture, édifices', 'fouille', NULL, NULL),
(621, 6.18451, 49.1234, 'Lorraine', 'Moselle', 'Metz', 'Larry', NULL, NULL, 'Antiquité', 'Habitats, architecture, édifices, Vie quotidienne, usages', 'fouille', NULL, NULL),
(622, 6.1749, 48.7004, 'Lorraine', 'Meurthe-et-Moselle', 'Nancy', 'Îlot Berger-Levrault', NULL, NULL, 'Moderne, Contemporain', 'Cultes et pratiques funéraires', 'fouille', NULL, NULL),
(623, 6.33403, 48.5919, 'Lorraine', 'Meurthe-et-Moselle', 'Rosières-aux-Salines', '28-30 rue du Colonel Thiébaut', NULL, NULL, NULL, NULL, 'fouille', NULL, NULL),
(624, 7.12607, 43.5834, 'Provences-Alpes-Côte-d\'Azur', 'Alpes Maritimes', 'Antibes', 'Le pré-aux-Pêcheurs', NULL, NULL, 'Antiquité', 'Échange et transport', 'fouille', NULL, NULL),
(625, 7.75147, 48.5814, 'Alsace', 'Bas-Rhin', 'Strasbourg', 'Place du Château', NULL, NULL, 'Antiquité, Moyen Âge', 'Archéologie des conflits, Habitats, architecture, édifices', 'fouille', NULL, NULL);

-- --------------------------------------------------------

--
-- Structure de la table `media`
--

DROP TABLE IF EXISTS `media`;
CREATE TABLE IF NOT EXISTS `media` (
  `id` int NOT NULL AUTO_INCREMENT,
  `mediaLink` varchar(255) CHARACTER SET utf8mb4 COLLATE utf8mb4_general_ci DEFAULT NULL,
  `mediaDescription` varchar(255) CHARACTER SET utf8mb4 COLLATE utf8mb4_general_ci DEFAULT NULL,
  `mediaCredit` varchar(255) CHARACTER SET utf8mb4 COLLATE utf8mb4_general_ci DEFAULT NULL,
  `createdAt` datetime NOT NULL,
  `updatedAt` datetime NOT NULL,
  PRIMARY KEY (`id`)
) ENGINE=InnoDB AUTO_INCREMENT=3082 DEFAULT CHARSET=utf8mb4 COLLATE=utf8mb4_general_ci;

--
-- Déchargement des données de la table `media`
--

INSERT INTO `media` (`id`, `mediaLink`, `mediaDescription`, `mediaCredit`, `createdAt`, `updatedAt`) VALUES
(2948, 'https://media.lesechos.com/api/v1/images/view/65fd93a43030ad66cb3dd809/640x360/capture-decran-2024-03-22-151910.jpg', NULL, 'Institut de recherche archéologique du Shanxi', '2024-03-24 08:11:32', '2024-03-24 08:11:32'),
(2949, 'https://media.lesechos.com/api/v1/images/view/65c100ddad80f67b0a6bcb49/640x360/417378841-801717088637037-1579610783025304287-n.jpg', NULL, 'Wojewódzki Urząd Ochrony Zabytków w Toruniu (Office provincial de protection des monuments de Toruń)', '2024-03-24 08:11:32', '2024-03-24 08:11:32'),
(2950, 'https://img.lemde.fr/2024/03/08/31/0/1294/647/644/322/60/0/219b9db_1709909347810-178295.jpg', 'Un artefact en écailles fortement altéré sur le site archéologique de Korolevo (Ukraine), en août 2023.', 'Roman Garba/AP', '2024-03-24 08:11:34', '2024-03-24 08:11:34'),
(2951, 'https://img.lemde.fr/2022/07/09/2535/0/5504/2752/644/322/60/0/f407b17_1657401698211-12-diatrete-2.jpg', 'Le vase diatrète découvert par les archéologues de l’INRAP sur le site de la nécropole de Saint-Pierre-l’Estrier à Autun (Saône-et-Loire).', 'HAMID AZMOUN', '2024-03-24 08:11:34', '2024-03-24 08:11:34'),
(2952, 'https://img.lemde.fr/2024/03/04/60/0/1920/960/644/322/60/0/34476e3_1709547673915-notre-dame.png', '', 'CNRS Le Journal', '2024-03-24 08:11:34', '2024-03-24 08:11:34'),
(2953, 'https://img.lemde.fr/2024/03/01/735/0/4032/2016/644/322/60/0/e3d7e67_5785515-01-06.jpg', 'La fresque représentant la fuite de Phrixos et de sa sœur jumelle, Hellé, sur le bélier à la Toison d’or.', 'SERVICE DE PRESSE DU PARC ARCHÉOLOGIQUE DE POMPÉI / AFP', '2024-03-24 08:11:34', '2024-03-24 08:11:34'),
(2954, 'https://img.lemde.fr/2024/02/23/218/0/5325/2662/644/322/60/0/c9de64f_1708695432327-imagecompo05-copie.jpg', 'Nuage de points 3D, de la coupe longitudinale sur la partie sud de la cathédrale Notre-Dame de Paris. En rouge, relevé effectué par Andrew Tallon quelques années avant l’incendie de 2019.', 'Violette Abergel/Livio De Luca/MAP/Vassar College/GEA/LIFE 3D/Chantier scientifique Notre-Dame de Paris/Ministère de la Culture/CNRS', '2024-03-24 08:11:34', '2024-03-24 08:11:34'),
(2955, 'https://img.lemde.fr/2024/02/21/78/0/3968/1984/644/322/60/0/d2c91e2_1708504561819-16-enseigne-de-pei-lerinage-ai-la-effigie-de-saint-christophe.jpg', 'Enseigne de pèlerinage à l’effigie de Saint-Christophe portant Jésus (XIIIᵉ-XVIᵉ siècle).', 'Paris Musées/Musée Carnavalet - Histoire de Paris', '2024-03-24 08:11:34', '2024-03-24 08:11:34'),
(2956, 'https://img.lemde.fr/2024/02/19/0/0/1111/555/644/322/60/0/06fe41f_1708334832075-plan-de-travail-5.png', '', 'Infographie : Le Monde', '2024-03-24 08:11:34', '2024-03-24 08:11:34'),
(2957, 'https://img.lemde.fr/2024/02/19/636/0/2835/1417/644/322/60/0/00a15fd_1708332411136-fig-1.jpg', 'Le crâne fracassé et incomplet de l’homme de Vittrup, trouvé en 1915 dans une tourbière, au Danemark, présente pas moins de huit traces de coups violents.', 'Stephen Freiheit/Fischer et al./PLOS ONE', '2024-03-24 08:11:34', '2024-03-24 08:11:34'),
(2958, 'https://img.lemde.fr/2023/04/27/355/0/4253/2126/644/322/60/0/a40be1e_1682585330590-2d85c17-1680106845701-le-monde-tribune-def-01.jpg', '', 'Chez Gertrud', '2024-03-24 08:11:34', '2024-03-24 08:11:34'),
(2959, 'https://img.lemde.fr/2024/02/13/0/0/5760/2880/644/322/60/0/30ea4a9_1707842198069-000-349t4yx.jpg', 'La mosquée Al-Omari, la plus ancienne de la bande de Gaza, endommagée par les bombardements israéliens, le 5 janvier 2024.', '- / AFP', '2024-03-24 08:11:34', '2024-03-24 08:11:34'),
(2960, 'https://img.lemde.fr/2024/02/13/480/0/5760/2880/644/322/60/0/16c1b2a_1707840744903-000-349v42h.jpg', 'Dans la vieille ville de Gaza, le centre Reyad El-Alami pour le patrimoine palestinien, une maison vieille de 430 ans endommagée par les bombardements israéliens, le 5 janvier 2024.', '- / AFP', '2024-03-24 08:11:34', '2024-03-24 08:11:34'),
(2961, 'https://img.lemde.fr/2024/02/06/442/0/600/300/644/322/60/0/ce94afb_1707215311311-9782080270467-1-75.jpg', '« Dernières nouvelles du cerveau », de Paolo Bartolomeo, Flammarion, 192 p., 13,50 €.', 'FLAMMARION', '2024-03-24 08:11:34', '2024-03-24 08:11:34'),
(2962, 'https://img.lemde.fr/2024/01/31/10/0/2363/1181/644/322/60/0/96df49d_1706708940913-stone-tools-from-the-lrj-at-ranis.png', 'Outils en pierre de type Lincombien-Ranisien-Jermanowicien (LRJ) trouvés sur le site de Ranis, en Allemagne, datés d’environ 45 000 ans, et désormais attribués à des « homo sapiens ».', 'JOSEPHINE SCHUBERT / Museum Burg Ranis', '2024-03-24 08:11:34', '2024-03-24 08:11:34'),
(2963, 'https://img.lemde.fr/2024/01/22/500/0/6000/3000/644/322/60/0/61273c1_1705929297444-fig-5.JPG', 'Fouille en cours du niveau solutréen, à Fragnes-La Loyère (Saône-et-Loire), en octobre 2023.', 'Gaëlle Pertuisot/INRAP', '2024-03-24 08:11:34', '2024-03-24 08:11:34'),
(2964, 'https://img.lemde.fr/2024/01/12/63/0/1849/924/644/322/60/0/7314e16_1705063125782-2023-11-30t095353z-1280733274-mt1cvmd53271868-rtrmadp-3-cover-images.JPG', 'Des bénévoles du club d’histoire amateur de Collyweston (Northamptonshire) réalisent des fouilles, sur le site d’un palais Tudor disparu, en novembre 2023.', 'Collyweston Historical and Preservation Society/Reuters', '2024-03-24 08:11:34', '2024-03-24 08:11:34'),
(2965, 'https://img.lemde.fr/2024/01/11/0/0/2953/1476/644/322/60/0/5a856ce_1704983011223-reconstitution-du-site-de-sangay-rostain.jpg', 'Aquarelle reconstitutant le site de Sangay, dans la vallée d’Upano en Équateur.', 'Stephen Rostain', '2024-03-24 08:11:35', '2024-03-24 08:11:35'),
(2966, 'https://img.lemde.fr/2024/01/03/366/0/1920/960/644/322/60/0/12af93b_1704281720139-36295da7d9ed-a75-pontcharaud01-fouillesepst93-1-irap.jpeg', 'Sépulture néolithique en pierre sèche en cours de fouille, site de Pontcharaud, Clermont-Ferrand.', 'Inrap', '2024-03-24 08:11:35', '2024-03-24 08:11:35'),
(2967, 'https://img.lemde.fr/2023/12/16/2050/0/8200/4100/644/322/60/0/c128318_1702716114571-euclid-s-view-of-the-horsehead-nebula.jpg', 'La nébuleuse de la Tête de cheval, capturée par le télescope spatial Euclid. Image publiée le 7 novembre 2023.', 'J.-C. Cuillandre/CEA Paris-Saclay/G. Anselmi/Euclid Consortium/ESA /NASA', '2024-03-24 08:11:35', '2024-03-24 08:11:35'),
(2968, 'https://img.lemde.fr/2023/12/20/125/0/1500/750/644/322/60/0/0103aa8_1703066770513-02-t4-figureshumaines-copie2.jpg', 'Cartographie extraite de « L’Atlas archéologique de la France ».', 'Aurélie Boissière', '2024-03-24 08:11:35', '2024-03-24 08:11:35'),
(2969, 'https://img.lemde.fr/2023/12/20/699/0/2624/1312/644/322/60/0/8499624_1703067250041-fig2.jpg', '', 'SLEMANI MUSEUM', '2024-03-24 08:11:35', '2024-03-24 08:11:35'),
(2970, 'https://i.f1g.fr/media/cms/1280x720_crop/2024/01/29/e8d8f039d3dcfe2d6bd35104de4a356e37eb566e3be6e742ce0fdab8d9c95d1e.jpg', '«Nul épisode ne paraît mieux répondre en réalité à la vocation donnée à l\'histoire par Thucydide et Cicéron».', 'fgrandclaude', '2024-03-24 08:11:35', '2024-03-24 08:11:35'),
(2971, 'https://i.f1g.fr/media/cms/1280x720_crop/2024/01/31/8b30273cf4b563f82e14095583fe09dddbb0252bfcaca0a7489512561047676d.jpg', 'Le Figaro Histoire février-mars 2024', 'Le Figaro', '2024-03-24 08:11:35', '2024-03-24 08:11:35'),
(2972, 'https://i.f1g.fr/media/cms/1879x1056_crop/2024/02/23/fda1435bb0d0afde70236a6b877222d33e42ff7513eed40ebbefe9b0871832d8.jpg', 'La députée du Var, Yann Piat, est assassinée le 25 février 1994.', 'YVES SIEUR / AFP', '2024-03-24 08:11:35', '2024-03-24 08:11:35'),
(2973, 'https://i.f1g.fr/media/cms/1920x1080_crop/2024/01/30/47788e59d4800b85a2d2391c6d23be3979a8b70c8764da93a0120be1b5dd3a9e.jpg', 'La chapelle absidiale de la basilique San Vitale à Ravenne, couverte de mosaïques byzantines de l\'époque justinienne (VIe siècle).', 'Veronika Pfeiffer / Alamy / Hemis / Veronika Pfeiffer / Alamy Stock', '2024-03-24 08:11:35', '2024-03-24 08:11:35'),
(2974, 'https://i.f1g.fr/media/cms/1949x1096_crop/2024/01/29/8c2223c04ff979e4911f9bec5ee28a6cd97540558e7f952aa7e9f6839713ffb9.jpg', 'Le Déjeuner de jambon, par Nicolas Lancret, 1735 (Chantilly, musée Condé)', 'Photo Josse / Bridgeman Images', '2024-03-24 08:11:35', '2024-03-24 08:11:35'),
(2975, 'https://i.f1g.fr/media/cms/3000x1687_crop/2024/02/23/34918916bcff213e9de0db564712bfa6a4e9b8e6fe53c22aca9468c14abb816b.jpg', 'Des parlementaires lèvent le poing le 07 février 1934 sous les colonnes de l\'Assemblée nationale pour rendre hommage aux manifestants tués à Paris pendant les émeutes du 6 février 1934.', 'PIGISTE / AFP', '2024-03-24 08:11:35', '2024-03-24 08:11:35'),
(2976, 'https://i.f1g.fr/media/cms/1024x773_crop/2024/02/20/aee4895b43c7912254dd105d2a8fce70b99e1d1acd7dc2c6848ed43796de126a.jpg', 'Une affiche promouvant les troupes coloniales avant le 14 Juillet.', 'Look and Learn / Bridgeman Images', '2024-03-24 08:11:35', '2024-03-24 08:11:35'),
(2977, 'https://i.f1g.fr/media/cms/2041x1148_crop/2024/02/20/91cacc363c24b09e14454a9994ff248b1bf09bd9949e15ca049267de86f942c3.jpg', 'Stéphane Courtois', 'Fabien Clairefond', '2024-03-24 08:11:36', '2024-03-24 08:11:36'),
(2978, 'https://i.f1g.fr/media/cms/1920x1080_crop/2024/02/20/f9c9fb2a037989ee03d78e4ff52bc833aa6314631329c1511d5828a7f4c8b6d1.jpg', 'Isabelle Schmitz et Geoffroy Caillet.', 'Le Figaro', '2024-03-24 08:11:36', '2024-03-24 08:11:36'),
(2979, 'https://i.f1g.fr/media/cms/1499x843_crop/2024/02/20/fb0f26f9d0c65acb0ce028e4baff65f1adcca154048aed63f97473cb24ea3053.jpg', 'L’affiche rouge montrant le visage de Missak Manouchian et de certains de ses compagnons résistants.', 'AFP', '2024-03-24 08:11:36', '2024-03-24 08:11:36'),
(2980, 'https://i.f1g.fr/media/cms/919x613_crop/2024/01/30/14fe1cbd06a471bd0d963542455238fda71f74942afc44938558d3d5b57a1f49.jpg', 'La silhouette majestueuse de l\'église Saint-Eustache au cœur du quartier des Halles de Paris.', 'Wirestock, Inc. / Alamy Stock Photo', '2024-03-24 08:11:37', '2024-03-24 08:11:37'),
(2981, 'https://i.f1g.fr/media/eidos/630x354_crop/2024/02/18/XVM0eaafeda-cbed-11ee-983a-8e5320685b0e.jpg', 'Bayard, le «bon chevalier»,de Thierry Lassabatère, Perrin, 752 p., 29,90 €.', ',', '2024-03-24 08:11:37', '2024-03-24 08:11:37'),
(2982, 'https://i.f1g.fr/media/cms/3000x1687_crop/2024/02/17/f55aabc4822bac4754ad9e62093a372058f10327aeb1902946813f7b65a2a7d3.jpg', 'L\'Assemblée nationale, le 23 juin 1789.', 'BRIDGEMAN IMAGES', '2024-03-24 08:11:37', '2024-03-24 08:11:37'),
(2983, 'https://www.sciencesetavenir.fr/assets/img/2024/03/18/cover-r4x3w1200-65f832c2b3384-050-only-0071888.jpg', NULL, NULL, '2024-03-24 08:11:39', '2024-03-24 08:11:39'),
(2984, 'https://www.sciencesetavenir.fr/assets/img/2024/03/21/cover-r4x3w1200-65fbed170fb33-fig-1.jpg', NULL, NULL, '2024-03-24 08:11:39', '2024-03-24 08:11:39'),
(2985, 'https://www.sciencesetavenir.fr/assets/img/2024/03/21/cover-r4x3w1200-65fc478bed70d-tnzg-a-2314472-f0003-oc.jpg', NULL, NULL, '2024-03-24 08:11:49', '2024-03-24 08:11:49'),
(2986, 'https://www.sciencesetavenir.fr/assets/img/2024/03/21/cover-r4x3w1200-65fc6be7aa914-050-only-0436865.jpg', NULL, NULL, '2024-03-24 08:11:49', '2024-03-24 08:11:49'),
(2987, 'https://www.sciencesetavenir.fr/assets/img/2024/03/18/cover-r4x3w1200-65f7f45186752-photo-1.jpg', NULL, NULL, '2024-03-24 08:11:49', '2024-03-24 08:11:49'),
(2988, 'https://www.sciencesetavenir.fr/assets/img/2024/03/20/cover-r4x3w1200-65fadf8565c31-must-farm-illustration-by-judith-dobie.jpg', NULL, NULL, '2024-03-24 08:11:49', '2024-03-24 08:11:49'),
(2989, 'https://www.sciencesetavenir.fr/assets/img/2024/03/19/cover-r4x3w1200-65f9492f55c1e-brain-transparent-1.jpg', NULL, NULL, '2024-03-24 08:11:49', '2024-03-24 08:11:49'),
(2990, 'https://www.sciencesetavenir.fr/assets/img/2024/03/13/cover-r4x3w1200-65f1bf665e1b6-ville-sinkkonen-1.jpg', NULL, NULL, '2024-03-24 08:11:49', '2024-03-24 08:11:49'),
(2991, 'https://www.sciencesetavenir.fr/assets/img/2024/03/14/cover-r4x3w1200-65f31193854f2-plowing-with-mule.jpg', NULL, NULL, '2024-03-24 08:11:49', '2024-03-24 08:11:49'),
(2992, 'https://www.sciencesetavenir.fr/assets/img/2024/03/12/cover-r4x3w1200-65f0533e0acbf-santes-creus-cloitre.jpg', NULL, NULL, '2024-03-24 08:11:49', '2024-03-24 08:11:49'),
(2993, 'https://www.sciencesetavenir.fr/assets/img/2024/03/11/cover-r4x3w1200-65eee241cc6f3-low-res-calamophyton-forest-colour.jpg', NULL, NULL, '2024-03-24 08:11:49', '2024-03-24 08:11:49'),
(2994, 'https://www.sciencesetavenir.fr/assets/img/2024/03/06/cover-r4x3w1200-65d8a29fbd2c0-058-160106.jpg', NULL, NULL, '2024-03-24 08:11:49', '2024-03-24 08:11:49'),
(2995, 'https://www.sciencesetavenir.fr/assets/img/2024/03/06/cover-r4x3w1200-65e8842763250-parc-national-de-rapa-nui.jpg', NULL, NULL, '2024-03-24 08:11:49', '2024-03-24 08:11:49'),
(2996, 'https://www.sciencesetavenir.fr/assets/img/2024/03/04/cover-r4x3w1200-65e59a78999f1-figure-4.jpg', NULL, NULL, '2024-03-24 08:11:49', '2024-03-24 08:11:49'),
(2997, 'https://www.sciencesetavenir.fr/assets/img/2024/03/06/cover-r4x3w1200-65e87cc193e98-068-aa-05032024-1563711.jpg', NULL, NULL, '2024-03-24 08:11:49', '2024-03-24 08:11:49'),
(2998, 'https://www.sciencesetavenir.fr/assets/img/2024/02/28/cover-r4x3w1200-65d8a29ec804f-068-aa-12022024-1527513.jpg', NULL, NULL, '2024-03-24 08:11:50', '2024-03-24 08:11:50'),
(2999, 'https://www.sciencesetavenir.fr/assets/img/2024/02/29/cover-r4x3w1200-65e09855f29d7-nuremberg-cimetiere-peste-noire-01.jpg', NULL, NULL, '2024-03-24 08:11:50', '2024-03-24 08:11:50'),
(3000, 'https://www.sciencesetavenir.fr/assets/img/2024/02/28/cover-r4x3w1200-65df016cb05ba-043-dpa-pa-200604-99-305462-dpai.jpg', NULL, NULL, '2024-03-24 08:11:50', '2024-03-24 08:11:50'),
(3001, 'https://www.sciencesetavenir.fr/assets/img/2024/02/28/cover-r4x3w1200-65df51a2bcf5e-do-583818-n.jpg', NULL, NULL, '2024-03-24 08:11:50', '2024-03-24 08:11:50'),
(3002, 'https://www.sciencesetavenir.fr/assets/img/2024/02/27/cover-r4x3w1200-65dda2d0a3013-minqaria-credit-raul-martin.jpg', NULL, NULL, '2024-03-24 08:11:50', '2024-03-24 08:11:50'),
(3003, 'https://www.sciencesetavenir.fr/assets/img/2024/02/27/cover-r4x3w1200-65ddda2fdfeb8-porsmose-man-danish-national-museum.jpg', NULL, NULL, '2024-03-24 08:11:50', '2024-03-24 08:11:50'),
(3004, 'https://www.sciencesetavenir.fr/assets/img/2024/02/23/cover-r4x3w1200-65d8c3e527250-18be95b29c0c03e0fb9a9d3b09ffb6b94672d3c9-jpg.jpg', NULL, NULL, '2024-03-24 08:11:50', '2024-03-24 08:11:50'),
(3005, 'https://www.sciencesetavenir.fr/assets/img/2023/06/27/cover-r4x3w1000-64955d6c9619b-thumbnail-image004.jpg', NULL, NULL, '2024-03-24 08:11:50', '2024-03-24 08:11:50'),
(3006, 'https://www.sciencesetavenir.fr/assets/img/2022/12/07/cover-r4x3w1000-6399912e728f0-p1050856.jpg', NULL, NULL, '2024-03-24 08:11:50', '2024-03-24 08:11:50'),
(3007, 'https://www.sciencesetavenir.fr/assets/img/2022/09/21/cover-r4x3w1000-632abd1f2a873-brian-pickles-and-caleb-brown-stand-next-to-the-exposed-skeleton-small-photo-by-melissa-dergousoff-university-of-reading.jpg', NULL, NULL, '2024-03-24 08:11:50', '2024-03-24 08:11:50'),
(3008, 'https://www.sciencesetavenir.fr/assets/img/2022/08/02/cover-r4x3w1000-62e9233010e53-23-06-22-exposition-jules-cesar-mab-henri-derus-photographie-3.jpg', NULL, NULL, '2024-03-24 08:11:50', '2024-03-24 08:11:50'),
(3009, 'https://www.sciencesetavenir.fr/assets/img/2022/06/08/cover-r4x3w1000-62a0c576efe68-000-32c29d6.jpg', NULL, NULL, '2024-03-24 08:11:50', '2024-03-24 08:11:50'),
(3010, 'https://www.sciencesetavenir.fr/assets/img/2022/05/19/cover-r4x3w1000-6285f5981abe1-000-1mh9f6.jpg', NULL, NULL, '2024-03-24 08:11:50', '2024-03-24 08:11:50'),
(3011, 'https://www.sciencesetavenir.fr/assets/img/2022/03/16/cover-r4x3w1000-62321b433824f-2022-03-15-visite-roselyne-bachelot-narquin-notre-dame-de-couverte-arche-ologique-12.jpg', NULL, NULL, '2024-03-24 08:11:50', '2024-03-24 08:11:50'),
(3012, 'https://www.sciencesetavenir.fr/assets/img/2021/04/06/cover-r4x3w1000-606c2be809a86-033-6506563-60698f512ac41.jpg', NULL, NULL, '2024-03-24 08:11:50', '2024-03-24 08:11:50'),
(3013, 'https://www.sciencesetavenir.fr/assets/img/2020/10/16/cover-r4x3w1000-5f89a99f52adb-3535-eppdcsi-v-castro-216.jpg', NULL, NULL, '2024-03-24 08:11:50', '2024-03-24 08:11:50'),
(3014, 'https://www.sciencesetavenir.fr/assets/img/2020/02/21/cover-r4x3w1000-5e50156bca695-000-1p66bc.jpg', NULL, NULL, '2024-03-24 08:11:51', '2024-03-24 08:11:51'),
(3015, 'https://www.sciencesetavenir.fr/assets/img/2019/05/06/cover-r4x3w1000-5d027bf9954f2-theropode-volant.jpg', NULL, NULL, '2024-03-24 08:11:51', '2024-03-24 08:11:51'),
(3016, 'https://www.sciencesetavenir.fr/assets/img/2019/05/06/cover-r4x3w1000-5cd0413e679ee-anthonysejourne.jpg', NULL, NULL, '2024-03-24 08:11:52', '2024-03-24 08:11:52'),
(3017, 'https://www.sciencesetavenir.fr/assets/img/2019/04/16/cover-r4x3w1000-5cb5a1f0b2fa8-000-1fo5hf.jpg', NULL, NULL, '2024-03-24 08:11:52', '2024-03-24 08:11:52'),
(3018, 'https://www.sciencesetavenir.fr/assets/img/2018/11/28/cover-r4x3w1000-5bfe655547f52-002-carnet10.jpg', NULL, NULL, '2024-03-24 08:11:52', '2024-03-24 08:11:52'),
(3019, 'https://www.sciencesetavenir.fr/assets/img/2018/07/31/cover-r4x3w1000-5b601d69aa31f-d19e03e52a9fedde0039eb9cdf8726c4607b12fe-jpg.jpg', NULL, NULL, '2024-03-24 08:11:52', '2024-03-24 08:11:52'),
(3020, 'https://www.sciencesetavenir.fr/assets/img/2018/04/17/cover-r4x3w1000-5ad5ff4b3aa4b-stefansauer-dpa-afp-parure-annulaire-viking-en-argent.jpg', NULL, NULL, '2024-03-24 08:11:53', '2024-03-24 08:11:53'),
(3021, 'https://www.sciencesetavenir.fr/assets/img/2017/07/17/cover-r4x3w1000-5ab8fd92a05f4-000-qg0ol.jpg', NULL, NULL, '2024-03-24 08:11:53', '2024-03-24 08:11:53'),
(3022, 'https://www.sciencesetavenir.fr/assets/img/2018/01/25/cover-r4x3w1000-5a6b653e169b3-voynich-a-la-loupe.jpg', NULL, NULL, '2024-03-24 08:11:53', '2024-03-24 08:11:53'),
(3023, 'https://www.sciencesetavenir.fr/assets/img/2017/07/27/cover-r4x3w1000-5979dcb551524-1-sarcophage-web-jpg.jpg', NULL, NULL, '2024-03-24 08:11:53', '2024-03-24 08:11:53'),
(3024, 'https://www.sciencesetavenir.fr/assets/img/2017/06/15/cover-r4x3w1000-59428fd3db5e7-vue-du-chantier.jpg', NULL, NULL, '2024-03-24 08:11:53', '2024-03-24 08:11:53'),
(3025, 'https://www.sciencesetavenir.fr/assets/img/2017/02/23/cover-r4x3w1000-58aed2a7190e0-26..jpg', NULL, NULL, '2024-03-24 08:11:53', '2024-03-24 08:11:53'),
(3026, 'https://www.sciencesetavenir.fr/assets/img/2017/01/03/images_list-r4x3w1000-586bde3dac705-IMG_3701.jpg', NULL, NULL, '2024-03-24 08:11:53', '2024-03-24 08:11:53'),
(3027, 'https://www.sciencesetavenir.fr/assets/img/2016/12/16/images_list-r4x3w1000-5853ffc9888b5-1.pluspetit.jpg', NULL, NULL, '2024-03-24 08:11:53', '2024-03-24 08:11:53'),
(3028, 'https://www.sciencesetavenir.fr/assets/img/2016/11/18/images_list-r4x3w1000-582f0c8956aff-068-ftptrial-aa-16112016-393867.jpg', NULL, NULL, '2024-03-24 08:11:53', '2024-03-24 08:11:53'),
(3029, 'https://www.sciencesetavenir.fr/assets/img/2015/10/21/cover-r4x3w1000-59d4dee93c943-pyramide-de-kheops_1.jpg', NULL, NULL, '2024-03-24 08:11:53', '2024-03-24 08:11:53'),
(3030, 'https://www.sciencesetavenir.fr/assets/img/2016/04/15/cover-r4x3w1000-601411dc7503f-sebastien-procureur-irfu-cea.jpg', NULL, NULL, '2024-03-24 08:11:53', '2024-03-24 08:11:53'),
(3031, 'https://www.sciencesetavenir.fr/assets/img/2012/10/25/images_list-r4x3w1000-57dedeff56eba-1950.jpg', NULL, NULL, '2024-03-24 08:11:53', '2024-03-24 08:11:53'),
(3032, 'https://www.sciencesetavenir.fr/assets/img/2016/10/12/images_list-r4x3w1000-57fe2b1d63986-IMG_1921.jpg', NULL, NULL, '2024-03-24 08:11:53', '2024-03-24 08:11:53'),
(3033, '', '', '', '2024-03-24 08:11:55', '2024-03-24 08:11:55'),
(3034, '', '', '', '2024-03-24 08:11:55', '2024-03-24 08:11:55'),
(3035, '', '', '', '2024-03-24 08:11:55', '2024-03-24 08:11:55'),
(3036, '', '', '', '2024-03-24 08:11:55', '2024-03-24 08:11:55'),
(3037, '', '', '', '2024-03-24 08:11:55', '2024-03-24 08:11:55'),
(3038, '', '', '', '2024-03-24 08:11:55', '2024-03-24 08:11:55'),
(3039, '', '', '', '2024-03-24 08:11:55', '2024-03-24 08:11:55'),
(3040, '', '', '', '2024-03-24 08:11:55', '2024-03-24 08:11:55'),
(3041, '', '', '', '2024-03-24 08:11:55', '2024-03-24 08:11:55'),
(3042, '', '', '', '2024-03-24 08:11:56', '2024-03-24 08:11:56'),
(3043, 'https://uploads.podcloud.fr/uploads/covers/3151/b7bc/9ab1/a332/b777/8231/f6f0/25c9/3fbf/d125/3151b7bc9ab1a332b7778231f6f025c93fbfd125.jpg', NULL, NULL, '2024-03-24 08:12:03', '2024-03-24 08:12:03'),
(3044, 'https://stats.podcloud.fr/histoires-archeologie/le-bateau-doseberg-une-tombe-viking/enclosure.9e70414f0244eef20f505f7024457072839494529c861bbc713b1c1ee28f59a5.mp3?p=f', NULL, NULL, '2024-03-24 08:12:03', '2024-03-24 08:12:03'),
(3045, 'https://uploads.podcloud.fr/uploads/covers/3151/b7bc/9ab1/a332/b777/8231/f6f0/25c9/3fbf/d125/3151b7bc9ab1a332b7778231f6f025c93fbfd125.jpg', NULL, NULL, '2024-03-24 08:12:03', '2024-03-24 08:12:03'),
(3046, 'https://stats.podcloud.fr/histoires-archeologie/lavion-de-saint-exupery-luc-vanrell-identifie-lepave-en-2000/enclosure.d5ae4fa503cd8dbe867c167b03cfa3d52ad8bf6a1e18bb37d90c2f3143771ce1.mp3?p=f', NULL, NULL, '2024-03-24 08:12:03', '2024-03-24 08:12:03'),
(3047, 'https://uploads.podcloud.fr/uploads/covers/3151/b7bc/9ab1/a332/b777/8231/f6f0/25c9/3fbf/d125/3151b7bc9ab1a332b7778231f6f025c93fbfd125.jpg', NULL, NULL, '2024-03-24 08:12:03', '2024-03-24 08:12:03'),
(3048, 'https://stats.podcloud.fr/histoires-archeologie/machu-picchu-hiram-bingham-retrouve-la-cite-inca-en-1911/enclosure.3d6e8ae1c4adb333ba85c5c01c6088385769454620ae799012e683a1a797112b.mp3?p=f', NULL, NULL, '2024-03-24 08:12:03', '2024-03-24 08:12:03'),
(3049, 'https://uploads.podcloud.fr/uploads/covers/3151/b7bc/9ab1/a332/b777/8231/f6f0/25c9/3fbf/d125/3151b7bc9ab1a332b7778231f6f025c93fbfd125.jpg', NULL, NULL, '2024-03-24 08:12:03', '2024-03-24 08:12:03'),
(3050, 'https://stats.podcloud.fr/histoires-archeologie/troie-redecouverte-en-1870-par-schliemann/enclosure.f57cbff64cf7fc65ce4b2e5090ff65f139538a107e0434df65f038de13de2c57.mp3?p=f', NULL, NULL, '2024-03-24 08:12:03', '2024-03-24 08:12:03'),
(3051, 'https://uploads.podcloud.fr/uploads/covers/3151/b7bc/9ab1/a332/b777/8231/f6f0/25c9/3fbf/d125/3151b7bc9ab1a332b7778231f6f025c93fbfd125.jpg', NULL, NULL, '2024-03-24 08:12:03', '2024-03-24 08:12:03'),
(3052, 'https://stats.podcloud.fr/histoires-archeologie/les-manuscrits-de-la-mer-morte-recit-de-la-decouverte-en-1947/enclosure.f9bc6b8d96cac62a1c7e36644450be83e68374101b9a7b9ebafc451e9090c4d4.mp3?p=f', NULL, NULL, '2024-03-24 08:12:03', '2024-03-24 08:12:03'),
(3053, 'https://www.radiofrance.fr/s3/cruiser-production/2021/09/2806544a-835b-4d13-ac48-262cbfbf2763/1400x1400_carbone-14.jpg', NULL, NULL, '2024-03-24 08:12:03', '2024-03-24 08:12:03'),
(3054, 'https://rf.proxycast.org/a2608019-f052-4984-835a-8cb784c04678/10267-23.03.2024-ITEMA_23687395-2024C26375E0007-21.mp3', NULL, NULL, '2024-03-24 08:12:03', '2024-03-24 08:12:03'),
(3055, 'https://www.radiofrance.fr/s3/cruiser-production/2021/09/2806544a-835b-4d13-ac48-262cbfbf2763/1400x1400_carbone-14.jpg', NULL, NULL, '2024-03-24 08:12:03', '2024-03-24 08:12:03'),
(3056, 'https://rf.proxycast.org/b9f7f77c-7481-4c2b-b124-ff9a36cf1bfa/10267-16.03.2024-ITEMA_23680070-2024C26375E0006-21.mp3', NULL, NULL, '2024-03-24 08:12:03', '2024-03-24 08:12:03'),
(3057, 'https://www.radiofrance.fr/s3/cruiser-production/2021/09/2806544a-835b-4d13-ac48-262cbfbf2763/1400x1400_carbone-14.jpg', NULL, NULL, '2024-03-24 08:12:03', '2024-03-24 08:12:03'),
(3058, 'https://rf.proxycast.org/05c3c613-150a-4a0a-b18a-023df6fd5940/10267-09.03.2024-ITEMA_23672596-2024C26375E0005-21.mp3', NULL, NULL, '2024-03-24 08:12:03', '2024-03-24 08:12:03'),
(3059, 'https://www.radiofrance.fr/s3/cruiser-production/2021/09/2806544a-835b-4d13-ac48-262cbfbf2763/1400x1400_carbone-14.jpg', NULL, NULL, '2024-03-24 08:12:03', '2024-03-24 08:12:03'),
(3060, 'https://rf.proxycast.org/57a8e684-02f6-46ed-af2c-3a0d2f9aca16/10267-02.03.2024-ITEMA_23665412-2024C26375E0004-21.mp3', NULL, NULL, '2024-03-24 08:12:03', '2024-03-24 08:12:03'),
(3061, 'https://www.radiofrance.fr/s3/cruiser-production/2021/09/2806544a-835b-4d13-ac48-262cbfbf2763/1400x1400_carbone-14.jpg', NULL, NULL, '2024-03-24 08:12:03', '2024-03-24 08:12:03'),
(3062, 'https://rf.proxycast.org/a6509d7d-7028-4c16-9a08-64d1f3e0cb82/10267-24.02.2024-ITEMA_23658530-2024C26375E0003-21.mp3', NULL, NULL, '2024-03-24 08:12:03', '2024-03-24 08:12:03'),
(3063, 'https://www.radiofrance.fr/s3/cruiser-production/2021/09/2806544a-835b-4d13-ac48-262cbfbf2763/1400x1400_carbone-14.jpg', NULL, NULL, '2024-03-24 08:12:03', '2024-03-24 08:12:03'),
(3064, 'https://rf.proxycast.org/aa8c8599-a866-432b-a39d-0b1081b50527/10267-17.02.2024-ITEMA_23651382-2024C26375E0002-21.mp3', NULL, NULL, '2024-03-24 08:12:03', '2024-03-24 08:12:03'),
(3065, 'https://www.radiofrance.fr/s3/cruiser-production/2021/09/2806544a-835b-4d13-ac48-262cbfbf2763/1400x1400_carbone-14.jpg', NULL, NULL, '2024-03-24 08:12:03', '2024-03-24 08:12:03'),
(3066, 'https://rf.proxycast.org/b9fa7289-2d63-41b8-b3f7-83768d8bd3a6/10267-10.02.2024-ITEMA_23643985-2023C26375E0047-21.mp3', NULL, NULL, '2024-03-24 08:12:03', '2024-03-24 08:12:03'),
(3067, 'https://www.radiofrance.fr/s3/cruiser-production/2021/09/2806544a-835b-4d13-ac48-262cbfbf2763/1400x1400_carbone-14.jpg', NULL, NULL, '2024-03-24 08:12:03', '2024-03-24 08:12:03'),
(3068, 'https://rf.proxycast.org/88f24995-6a80-4e2a-b1eb-179e6d3518c0/10267-03.02.2024-ITEMA_23636457-2023C26375E0046-21.mp3', NULL, NULL, '2024-03-24 08:12:03', '2024-03-24 08:12:03'),
(3069, 'https://www.radiofrance.fr/s3/cruiser-production/2021/09/2806544a-835b-4d13-ac48-262cbfbf2763/1400x1400_carbone-14.jpg', NULL, NULL, '2024-03-24 08:12:04', '2024-03-24 08:12:04'),
(3070, 'https://rf.proxycast.org/af64b9ed-d8a8-492f-a0cf-637b1434805e/10267-27.01.2024-ITEMA_23628752-2024C26375E0001-21.mp3', NULL, NULL, '2024-03-24 08:12:04', '2024-03-24 08:12:04'),
(3071, 'https://www.radiofrance.fr/s3/cruiser-production/2021/09/2806544a-835b-4d13-ac48-262cbfbf2763/1400x1400_carbone-14.jpg', NULL, NULL, '2024-03-24 08:12:04', '2024-03-24 08:12:04'),
(3072, 'https://rf.proxycast.org/4deca8ce-faca-48cb-8e68-dccf675c2f46/10267-20.01.2024-ITEMA_23620968-2023C26375E0049-21.mp3', NULL, NULL, '2024-03-24 08:12:04', '2024-03-24 08:12:04'),
(3073, 'https://www.radiofrance.fr/s3/cruiser-production/2021/09/2806544a-835b-4d13-ac48-262cbfbf2763/1400x1400_carbone-14.jpg', NULL, NULL, '2024-03-24 08:12:04', '2024-03-24 08:12:04'),
(3074, 'https://rf.proxycast.org/56af24a8-fa4e-4a01-adc7-5d8b60512bda/10267-13.01.2024-ITEMA_23613371-2023C26375E0048-21.mp3', NULL, NULL, '2024-03-24 08:12:04', '2024-03-24 08:12:04'),
(3075, 'https://www.radiofrance.fr/s3/cruiser-production/2021/09/2806544a-835b-4d13-ac48-262cbfbf2763/1400x1400_carbone-14.jpg', NULL, NULL, '2024-03-24 08:12:04', '2024-03-24 08:12:04'),
(3076, 'https://rf.proxycast.org/16b9a86e-8e7e-47d0-ac01-c1d07425f2da/10267-06.01.2024-ITEMA_23605638-2023C26375E0043-21.mp3', NULL, NULL, '2024-03-24 08:12:04', '2024-03-24 08:12:04'),
(3077, 'https://www.radiofrance.fr/s3/cruiser-production/2021/09/2806544a-835b-4d13-ac48-262cbfbf2763/1400x1400_carbone-14.jpg', NULL, NULL, '2024-03-24 08:12:04', '2024-03-24 08:12:04'),
(3078, 'https://rf.proxycast.org/6eebab67-0691-4714-a44f-027d1ba65ae9/10267-30.12.2023-ITEMA_23599629-2023C26375E0044-21.mp3', NULL, NULL, '2024-03-24 08:12:04', '2024-03-24 08:12:04'),
(3079, 'https://www.radiofrance.fr/s3/cruiser-production/2022/01/04f722eb-ed54-439f-9be6-532ecad002c9/1400x1400_radio-france-avatar.jpg', NULL, NULL, '2024-03-24 08:12:04', '2024-03-24 08:12:04'),
(3080, 'https://media.radiofrance-podcast.net/podcast09/autopromo_replay_franceculture.mp3', NULL, NULL, '2024-03-24 08:12:04', '2024-03-24 08:12:04'),
(3081, 'https://i1.ytimg.com/vi/d6Fa5VfW1Ls/hqdefault.jpg', NULL, NULL, '2024-03-24 08:12:04', '2024-03-24 08:12:04');

-- --------------------------------------------------------

--
-- Structure de la table `score_quizz`
--

DROP TABLE IF EXISTS `score_quizz`;
CREATE TABLE IF NOT EXISTS `score_quizz` (
  `id` int NOT NULL AUTO_INCREMENT,
  `user_id` int NOT NULL,
  `score` int NOT NULL,
  PRIMARY KEY (`id`),
  KEY `user_id` (`user_id`)
) ENGINE=InnoDB DEFAULT CHARSET=utf8mb4 COLLATE=utf8mb4_general_ci;

-- --------------------------------------------------------

--
-- Structure de la table `user`
--

DROP TABLE IF EXISTS `user`;
CREATE TABLE IF NOT EXISTS `user` (
  `id` int NOT NULL AUTO_INCREMENT,
  `firstName` varchar(60) CHARACTER SET utf8mb4 COLLATE utf8mb4_general_ci NOT NULL,
  `lastName` varchar(60) CHARACTER SET utf8mb4 COLLATE utf8mb4_general_ci NOT NULL,
  `email` varchar(255) CHARACTER SET utf8mb4 COLLATE utf8mb4_general_ci NOT NULL,
  `isAdmin` tinyint(1) NOT NULL DEFAULT '0',
  `password` varchar(255) CHARACTER SET utf8mb4 COLLATE utf8mb4_general_ci NOT NULL,
  `profilePicture` varchar(255) CHARACTER SET utf8mb4 COLLATE utf8mb4_general_ci DEFAULT NULL,
  `lastConnection` datetime DEFAULT NULL,
  `createdAt` datetime NOT NULL,
  `updatedAt` datetime NOT NULL,
  PRIMARY KEY (`id`)
) ENGINE=InnoDB AUTO_INCREMENT=61 DEFAULT CHARSET=utf8mb4 COLLATE=utf8mb4_general_ci;

--
-- Déchargement des données de la table `user`
--

INSERT INTO `user` (`id`, `firstName`, `lastName`, `email`, `isAdmin`, `password`, `profilePicture`, `lastConnection`, `createdAt`, `updatedAt`) VALUES
(60, 'Admin', 'SiteXplore', 'contact.sitexplore@gmail.com', 0, '$2b$10$Hwt53flm5NicXeHVT/Mum.CpStr3WVnjOJtGG3VHjUCWBsO.5d/QO', NULL, '2024-03-24 14:46:44', '2024-03-24 14:46:44', '2024-03-24 14:46:44');

--
-- Contraintes pour les tables déchargées
--

--
-- Contraintes pour la table `article`
--
ALTER TABLE `article`
  ADD CONSTRAINT `article_ibfk_1` FOREIGN KEY (`media_id`) REFERENCES `media` (`id`) ON DELETE CASCADE ON UPDATE CASCADE;

--
-- Contraintes pour la table `article_author`
--
ALTER TABLE `article_author`
  ADD CONSTRAINT `article_author_ibfk_1` FOREIGN KEY (`article_id`) REFERENCES `article` (`id`) ON DELETE CASCADE ON UPDATE CASCADE,
  ADD CONSTRAINT `article_author_ibfk_2` FOREIGN KEY (`author_id`) REFERENCES `author` (`id`) ON DELETE CASCADE ON UPDATE CASCADE;

--
-- Contraintes pour la table `article_category`
--
ALTER TABLE `article_category`
  ADD CONSTRAINT `article_category_ibfk_1` FOREIGN KEY (`article_id`) REFERENCES `article` (`id`) ON DELETE CASCADE ON UPDATE CASCADE,
  ADD CONSTRAINT `article_category_ibfk_2` FOREIGN KEY (`category_id`) REFERENCES `category` (`id`) ON DELETE CASCADE ON UPDATE CASCADE;

--
-- Contraintes pour la table `score_quizz`
--
ALTER TABLE `score_quizz`
  ADD CONSTRAINT `score_quizz_ibfk_1` FOREIGN KEY (`user_id`) REFERENCES `user` (`id`) ON DELETE CASCADE ON UPDATE CASCADE;
COMMIT;

/*!40101 SET CHARACTER_SET_CLIENT=@OLD_CHARACTER_SET_CLIENT */;
/*!40101 SET CHARACTER_SET_RESULTS=@OLD_CHARACTER_SET_RESULTS */;
/*!40101 SET COLLATION_CONNECTION=@OLD_COLLATION_CONNECTION */;
